INSERT IGNORE INTO `owners` (`id`, `first_name`, `last_name`, `address`, `city`, `telephone`) VALUES
	(1, 'George', 'Franklin', '110 W. Liberty St.', 'Madison', '6085551023'),
	(2, 'Betty', 'Davis', '638 Cardinal Ave.', 'Sun Prairie', '6085551749'),
	(3, 'Eduardo', 'Rodriquez', '2693 Commerce St.', 'McFarland', '6085558763'),
	(4, 'Harold', 'Davis', '563 Friendly St.', 'Windsor', '6085553198'),
	(5, 'Peter', 'McTavish', '2387 S. Fair Way', 'Madison', '6085552765'),
	(6, 'Jean', 'Coleman', '105 N. Lake St.', 'Monona', '6085552654'),
	(7, 'Jeff', 'Black', '1450 Oak Blvd.', 'Monona', '6085555387'),
	(8, 'Maria', 'Escobito', '345 Maple St.', 'Madison', '6085557683'),
	(9, 'David', 'Schroeder', '2749 Blackhawk Trail', 'Madison', '6085559435'),
	(10, 'Carlos', 'Estaban', '2335 Independence La.', 'Waunakee', '6085555487'),
	(11, 'Raina', 'Ridulfo', '4857 Oakridge Lane', 'Żychlin', '4029797112'),
	(12, 'Luci', 'Dumberrill', '462 Mallard Circle', 'Klyetsk', '1319694607'),
	(13, 'Ive', 'Gouldie', '96 Spohn Alley', 'San Andres', '8274738620'),
	(14, 'Karlik', 'Sandlin', '85 Huxley Place', 'Xinbu', '3432142000'),
	(15, 'Lynea', 'Osmar', '153 Green Trail', 'Madoi', '1299285348'),
	(16, 'Bell', 'Elland', '76 Dahle Plaza', 'Sīrīs', '6317733891'),
	(17, 'Paxon', 'Narbett', '247 8th Drive', 'Santa Eulália', '3791996921'),
	(18, 'Welby', 'Simchenko', '92 Ramsey Crossing', 'Bang Pakong', '8083110235'),
	(19, 'Alric', 'Sharratt', '74 Clemons Point', 'Wenjī', '9185594730'),
	(20, 'Cecilius', 'Davidovsky', '3675 Cordelia Terrace', 'Antíparos', '8827353712'),
	(21, 'Lita', 'Emmet', '2335 Reinke Road', 'Sidomulyo Kulon', '6313899191'),
	(22, 'Veradis', 'Blades', '813 Morningstar Avenue', 'Flores da Cunha', '5037087213'),
	(23, 'Cindelyn', 'Borres', '84 Golf Alley', 'Shuizhai', '9305161286'),
	(24, 'Abby', 'Dugue', '936 Warbler Hill', 'Taoyao', '7966733754'),
	(25, 'Booth', 'Riseborough', '0 Northfield Way', 'Kultayevo', '5453307748'),
	(26, 'Beverie', 'Treleaven', '514 Jenifer Crossing', 'Kiviõli', '7906321707'),
	(27, 'Ardeen', 'Fiddymont', '8439 Dunning Drive', 'Cayna', '2644115145'),
	(28, 'Minta', 'Beale', '394 American Plaza', 'Trois-Rivières', '4426853444'),
	(29, 'Corenda', 'Marchello', '53947 Monica Trail', 'Peza e Madhe', '9901296863'),
	(30, 'Celestyna', 'Haselup', '585 Butterfield Crossing', 'Frösön', '4022619721'),
	(31, 'Deanna', 'Pearlman', '0470 Russell Way', 'Karangtalun', '5282212737'),
	(32, 'Seumas', 'Cassey', '64 Waxwing Circle', 'Zambujal', '1939558516'),
	(33, 'Simona', 'Blazejewski', '9 Laurel Court', 'Yiwa', '4259874867'),
	(34, 'Tibold', 'Vollam', '32414 Grim Center', 'Kuching', '9674005361'),
	(35, 'Rosie', 'Fontin', '52814 Iowa Lane', 'Dazaifu', '8807672078'),
	(36, 'Tracy', 'Sherbrook', '040 Sauthoff Avenue', 'Kuala Lumpur', '3831721915'),
	(37, 'Reg', 'Gee', '2304 Debra Lane', 'Parchal', '8962598145'),
	(38, 'Kendrick', 'Suthworth', '8 Nevada Lane', 'Chinchaypujio', '8993030242'),
	(39, 'Paxon', 'Lampens', '66200 Dapin Terrace', 'North Little Rock', '5016009848'),
	(40, 'Doralynne', 'Cadden', '67467 3rd Trail', 'Yongping', '3068251141'),
	(41, 'Aigneis', 'Crielly', '35 Duke Lane', 'Qiaolin', '6277733887'),
	(42, 'Karl', 'Manoch', '330 Nobel Trail', 'Danyang', '4354581761'),
	(43, 'Darb', 'Le Brum', '49988 Portage Drive', 'Rungkang', '9842073996'),
	(44, 'Ricki', 'Inchcomb', '77385 Maple Wood Pass', 'Bouabout', '8813714688'),
	(45, 'Zilvia', 'Scuse', '18 Golden Leaf Drive', 'Jatisari', '7444683487'),
	(46, 'Alphonso', 'Jedrych', '4402 Westerfield Court', 'La Paz', '4047153856'),
	(47, 'Justen', 'Steckings', '35496 Myrtle Parkway', 'Kabare', '2096695747'),
	(48, 'Corbin', 'Leavy', '237 Cody Trail', 'Znomenka', '5424765416'),
	(49, 'Dorothea', 'Mixworthy', '69 Saint Paul Trail', 'Abomey', '4343124336'),
	(50, 'Xerxes', 'Crysell', '17 Fremont Alley', 'Rabig', '8711192189'),
	(51, 'Taber', 'Playle', '80 Parkside Alley', 'Ziway', '2194748343'),
	(52, 'Bradly', 'Pirozzi', '32310 American Road', 'Pineleng', '1305152192'),
	(53, 'Rupert', 'Edgeler', '6796 Grayhawk Avenue', 'Avignon', '5597901726'),
	(54, 'Jemmy', 'Bramall', '9136 Nevada Junction', 'Siukh', '3508506155'),
	(55, 'Quincy', 'O\'Corhane', '46 Erie Center', 'Jiamiao', '8512600067'),
	(56, 'Tricia', 'Isworth', '02816 Heffernan Pass', 'Lubochnia', '2129585807'),
	(57, 'Mozes', 'Arkwright', '4 Columbus Place', 'Fovissste', '5939357239'),
	(58, 'Hewitt', 'Di Filippo', '949 Southridge Point', 'Kouloúra', '7378002637'),
	(59, 'Homer', 'Bingham', '04009 Corscot Avenue', 'Dingshu', '1687721291'),
	(60, 'Netty', 'Stiff', '666 Quincy Trail', 'Tyrnyauz', '8423016373'),
	(61, 'Valry', 'Howley', '823 Dayton Center', 'Berezne', '7491415348'),
	(62, 'Mina', 'Sully', '52 Badeau Crossing', 'Hofors', '8926362301'),
	(63, 'Ainslee', 'Borlease', '86 Michigan Circle', 'Sadao', '9745791337'),
	(64, 'Betsey', 'Krahl', '48 Tennyson Lane', 'Sydney', '3403581107'),
	(65, 'Judon', 'Dorin', '021 Russell Center', 'Aileu', '1773684835'),
	(66, 'Nefen', 'Barbisch', '435 School Point', 'Gokwe', '8727394043'),
	(67, 'Neile', 'Geharke', '608 Logan Street', 'Cikabuyutan Barat', '4188256216'),
	(68, 'Reine', 'Pischoff', '3727 Esch Place', 'Chenzhouzhai', '1203759655'),
	(69, 'Mariellen', 'Dallow', '472 Havey Place', 'Tremembé', '3282215817'),
	(70, 'Sherilyn', 'Kemmet', '8294 Melody Trail', 'Picoto', '3198704903'),
	(71, 'Natka', 'Adrain', '809 Heffernan Trail', 'Xinjian', '4985469082'),
	(72, 'Ivonne', 'Dore', '8 Moose Center', 'Dajalorong', '4223183784'),
	(73, 'Cherice', 'Ivashechkin', '605 Russell Terrace', 'Novoselec', '5006249481'),
	(74, 'Friederike', 'Brailsford', '9883 Marcy Junction', 'Kama', '8278998474'),
	(75, 'Ansley', 'Cuniffe', '32048 Scofield Parkway', 'Sadao', '8053576763'),
	(76, 'Lev', 'Swinfen', '14 Prentice Point', 'Chonchi', '3578612758'),
	(77, 'Kyle', 'Kyttor', '77336 Hauk Lane', 'Legok', '5333148271'),
	(78, 'Maximilian', 'Godbert', '24776 Mayer Crossing', 'Zachepylivka', '2503940870'),
	(79, 'Lodovico', 'Rapps', '8 Ridge Oak Avenue', 'Svobody', '4776098123'),
	(80, 'Clair', 'Afield', '26 Almo Hill', 'Chabu', '2631718496'),
	(81, 'Gregoor', 'Bignell', '8 Sutherland Center', 'Kostomuksha', '6256837143'),
	(82, 'Loise', 'Cauldwell', '881 Meadow Valley Circle', 'Příšovice', '8216286944'),
	(83, 'Dov', 'Standingford', '671 Charing Cross Pass', 'Liliongan', '4998266047'),
	(84, 'Brande', 'Knivett', '42 Susan Street', 'Tauca', '2994260196'),
	(85, 'Portia', 'O\'Gavin', '156 Cody Point', 'Sinisian', '7136517558'),
	(86, 'Ardella', 'Strattan', '5652 Oneill Trail', 'Xiangshun', '8569484701'),
	(87, 'Jeralee', 'Pett', '758 Manitowish Hill', 'Haveli', '4069542284'),
	(88, 'Davis', 'Ritchie', '00 Division Lane', 'Boudinar', '5175498492'),
	(89, 'Lacy', 'Chaimson', '77540 Magdeline Terrace', 'Maykor', '2347664563'),
	(90, 'Flossy', 'Bowling', '0798 Mallard Lane', 'Oshawa', '6436478382'),
	(91, 'Kelcy', 'Ferrieri', '7 Carpenter Court', 'Patos Fshat', '3877111584'),
	(92, 'Charisse', 'Tritton', '20445 Merchant Way', 'Zolotyy Potik', '7146145642'),
	(93, 'Daniella', 'Routley', '88527 Meadow Ridge Court', 'Formosa', '9201070574'),
	(94, 'Sandor', 'Borzoni', '3911 Londonderry Lane', 'Kahabe', '4252599128'),
	(95, 'Paddie', 'Cockerill', '93206 Milwaukee Circle', 'Turpay', '8982698973'),
	(96, 'Lon', 'Garland', '6 Petterle Circle', 'Cerro Corá', '1337215562'),
	(97, 'Brien', 'Bishop', '64 Lillian Point', 'Mumias', '4075130819'),
	(98, 'Brandi', 'Peinke', '38873 South Parkway', 'Birmingham', '2051891027'),
	(99, 'Marthena', 'Biagioni', '68679 Esch Way', 'Taihe Chengguanzhen', '3493086214'),
	(100, 'Field', 'Dwyer', '109 Logan Road', 'Norrköping', '2667193968'),
	(101, 'Rose', 'Trevains', '3 Troy Parkway', 'Skrzyszów', '6367648860'),
	(102, 'Ninnette', 'Burren', '82343 Hauk Trail', 'Kondangrege', '6593122262'),
	(103, 'Keane', 'Dyott', '66 Hollow Ridge Alley', 'Sovetsk', '1731753233'),
	(104, 'Ysabel', 'McClunaghan', '149 Northridge Court', 'Đạ Tẻh', '3772458310'),
	(105, 'Ryley', 'McChruiter', '38531 Sugar Lane', 'Xomong', '6035167333'),
	(106, 'Amity', 'Gyorffy', '7724 Onsgard Way', 'Senada', '5001230608'),
	(107, 'Rene', 'Verick', '4120 Everett Center', 'Gonghe', '4708688166'),
	(108, 'Marshal', 'Liquorish', '81874 Graceland Point', 'Lisków', '1561648602'),
	(109, 'Mill', 'Piscotti', '07889 Roth Junction', 'Tonghu', '8348082334'),
	(110, 'Arabella', 'Peart', '90597 Upham Crossing', 'Haiyu', '5995131921'),
	(111, 'Vale', 'Havick', '2 Dapin Crossing', 'Şabyā', '8281688125'),
	(112, 'Dalenna', 'Pantlin', '17493 Goodland Center', 'Alegria', '7141890103'),
	(113, 'Deeyn', 'Red', '678 Killdeer Place', 'Tapiramutá', '6646112875'),
	(114, 'Edyth', 'Boshers', '082 Crest Line Court', 'Kwangyang', '2736135993'),
	(115, 'Lacee', 'Isacke', '3 Northland Street', 'Jiakexi', '2435301313'),
	(116, 'Felizio', 'Batty', '13938 Buena Vista Center', 'Shalakusha', '4563175766'),
	(117, 'Jay', 'Nano', '451 Macpherson Circle', 'Smålandsstenar', '9595299810'),
	(118, 'Booth', 'Spenceley', '84215 Morrow Junction', 'Lujing Zhen', '5163060915'),
	(119, 'Broderick', 'Pautot', '38185 Petterle Terrace', 'Chengdu', '2908715883'),
	(120, 'Ab', 'Rosander', '7 Susan Lane', 'Enskede', '3112918736'),
	(121, 'Wini', 'Have', '028 Hagan Way', 'Kebonagung', '5667220532'),
	(122, 'Marchelle', 'Alexandersen', '7 Duke Plaza', 'Kinel’-Cherkassy', '4641886567'),
	(123, 'Ajay', 'Bert', '4408 Golf Way', 'San Antonio', '9087171482'),
	(124, 'Allene', 'Varey', '4518 Continental Alley', 'Cisagu', '4851806962'),
	(125, 'Lucy', 'Olivetta', '2 Sugar Road', 'Cikujang', '1886826360'),
	(126, 'Wallis', 'Postill', '56978 Autumn Leaf Circle', 'Marly', '4488702006'),
	(127, 'Elysia', 'Gerrett', '7938 Dryden Lane', 'Beselga', '9482620959'),
	(128, 'Kahaleel', 'Padginton', '8 Elmside Place', 'Oliveira do Conde', '8336783424'),
	(129, 'Adena', 'Felkin', '61515 Northwestern Point', 'Gielniów', '7019705185'),
	(130, 'Laurette', 'Toman', '0 Mifflin Hill', 'Lushnjë', '4759082477'),
	(131, 'Ibby', 'Cossem', '29 Commercial Terrace', 'Cikadu', '5006855171'),
	(132, 'Mehetabel', 'Hynde', '3165 Delaware Way', 'Dongfanghong', '1355602889'),
	(133, 'Cordula', 'Meys', '72 Fallview Court', 'Bulgan', '7087840173'),
	(134, 'Bordie', 'Checklin', '7308 Thackeray Junction', 'Huskvarna', '1625576359'),
	(135, 'Gerty', 'Seargeant', '155 Center Junction', 'Maukaro', '7966130069'),
	(136, 'Heriberto', 'McFadin', '49 Village Green Trail', 'Wangdun', '8626398624'),
	(137, 'Yasmin', 'Davidowich', '27 Butternut Place', 'Janakkala', '1276297476'),
	(138, 'Temple', 'Lechelle', '6 Kinsman Terrace', 'Saumur', '2279019621'),
	(139, 'Corrie', 'Arnaldi', '8576 Dapin Pass', 'Kyankwanzi', '6191209435'),
	(140, 'Garvy', 'Brumfitt', '8671 Welch Alley', 'Itapetininga', '7858430997'),
	(141, 'Belia', 'Eshelby', '290 Westport Way', 'Cabay', '5225339935'),
	(142, 'Shelley', 'Cocking', '25406 Cordelia Place', 'Parenggan', '2233038131'),
	(143, 'Hazel', 'Hughill', '126 Sloan Pass', 'Lambayong', '2032404812'),
	(144, 'Karim', 'Martignoni', '406 Southridge Trail', 'Wakduwa’ Barat', '1558836153'),
	(145, 'Mavra', 'Aitchinson', '6551 Cottonwood Lane', 'Ungca', '9627179062'),
	(146, 'Kincaid', 'Barles', '8 Moulton Plaza', 'Eskilstuna', '6204037955'),
	(147, 'Saloma', 'Primarolo', '742 Glendale Point', 'Tabango', '7717615061'),
	(148, 'Verne', 'Leah', '8 Amoth Point', 'Kuzhu', '8253897291'),
	(149, 'Ermengarde', 'Edgell', '88 Sunnyside Park', 'Sampués', '1761682135'),
	(150, 'Andreas', 'O\'Brallaghan', '792 Claremont Junction', 'Büzmeýin', '5179097100'),
	(151, 'Beryl', 'Titherington', '07 Hoffman Circle', 'Haninge', '8153990574'),
	(152, 'Vaclav', 'Jacquemard', '8 Loomis Court', 'Zaqatala', '3514080976'),
	(153, 'Fulvia', 'McHugh', '6422 Redwing Crossing', 'Luis Donaldo Colosio', '2494839889'),
	(154, 'Cyndy', 'Grafton-Herbert', '46 Stephen Street', 'Mliwang', '5171171195'),
	(155, 'Claudie', 'Whitely', '5 Express Junction', 'Libas', '1828342552'),
	(156, 'Saunders', 'MacCumiskey', '6226 Oak Valley Parkway', 'Saratov', '4946188546'),
	(157, 'Gilbertine', 'Blackboro', '38424 Sheridan Parkway', 'Rakhiv', '9257263853'),
	(158, 'Isaiah', 'Jasper', '575 Blackbird Junction', 'Pliska', '2387780608'),
	(159, 'Kristofer', 'MacDavitt', '3416 Tennessee Crossing', 'Siqu', '6221125500'),
	(160, 'Jaime', 'Rosell', '5385 Trailsway Plaza', 'Lingshan', '1607200864'),
	(161, 'Crystie', 'Leaves', '89 Pawling Drive', 'Quiches', '1864796191'),
	(162, 'Wang', 'Schulze', '72455 Manley Way', 'Jimsar', '4316114944'),
	(163, 'Valeda', 'Domeney', '4 Bluestem Court', 'Tugu', '3173525100'),
	(164, 'Cynthia', 'Marriott', '13 Haas Circle', 'Vetluzhskiy', '8044984357'),
	(165, 'Demeter', 'Abbay', '77450 Red Cloud Crossing', 'Puyang', '7968109832'),
	(166, 'Teodora', 'Packer', '8 Buena Vista Pass', 'Sal’sk', '9358230548'),
	(167, 'Gill', 'Wain', '08 Vahlen Road', 'Regulice', '6834150182'),
	(168, 'Darrel', 'Gillbard', '39108 Debs Lane', 'Rathdrum', '4746075696'),
	(169, 'Neils', 'Mercy', '58 Merrick Pass', 'Oeba', '3462351293'),
	(170, 'Florinda', 'Mawford', '519 Springview Road', 'Kaizuka', '7033430064'),
	(171, 'Sula', 'Champken', '632 Garrison Point', 'Sofádes', '8489617480'),
	(172, 'Barry', 'Hindmoor', '076 Northwestern Pass', 'Alilem', '2569065181'),
	(173, 'Amy', 'Bawles', '84 Jenifer Street', 'Cikembang', '8002065652'),
	(174, 'Kelcie', 'Jopke', '81996 Bartillon Park', 'Antalaha', '2766212066'),
	(175, 'Sandro', 'Cluse', '207 Blackbird Park', 'Tadine', '3883097229'),
	(176, 'Madge', 'Cooley', '6595 Lillian Drive', 'Zvečan', '6445400931'),
	(177, 'Indira', 'Dorber', '1425 Golf View Alley', 'Jinji', '7674517461'),
	(178, 'Tiebout', 'Montilla', '04 Milwaukee Place', 'Dmanisi', '2593589431'),
	(179, 'Georgeanne', 'Slides', '4827 Porter Junction', 'Chamalières', '7123196765'),
	(180, 'Ettore', 'Lathey', '5 Eastwood Park', 'Adorjan', '6641617761'),
	(181, 'Dorian', 'Ainscow', '28 Northport Center', 'Cambanugoy', '2538289228'),
	(182, 'Karly', 'Wrangle', '42 Reindahl Avenue', 'Bagaces', '2822943386'),
	(183, 'Kile', 'Heeron', '2 Pearson Parkway', 'Érd', '7519431496'),
	(184, 'Silas', 'Saveall', '8016 Hoard Place', 'Yangirabot', '7391432327'),
	(185, 'Ibby', 'Twining', '1 Hanson Trail', 'Dziewin', '1243952593'),
	(186, 'Gardy', 'MacLardie', '19763 Park Meadow Lane', 'Ratilangi', '6054309164'),
	(187, 'Jeno', 'Rivalant', '831 Anniversary Alley', 'Yubileyny', '2976672041'),
	(188, 'Antoine', 'Carlaw', '3879 Macpherson Center', 'Concordia', '1647507221'),
	(189, 'Wyatan', 'Waldron', '25492 Center Center', 'Ad Dawādimī', '9893135619'),
	(190, 'Kimball', 'Lawlie', '74 Forest Run Point', 'Bangued', '5822362800'),
	(191, 'Zerk', 'Gawthorpe', '4 Almo Pass', 'Vårgårda', '7841623339'),
	(192, 'Mag', 'Danahar', '72624 Lotheville Parkway', 'Lulindi', '3862307231'),
	(193, 'Rheta', 'Milch', '7761 Southridge Avenue', 'Káto Glikóvrisi', '3594167351'),
	(194, 'Gracie', 'Hurleston', '29 Crowley Drive', 'Nizhnyaya Salda', '7426591819'),
	(195, 'Mildrid', 'Roderighi', '1 Graceland Pass', 'Houmt Souk', '6734283914'),
	(196, 'Scotti', 'Gregoratti', '623 Ridgeview Parkway', 'Mukhen', '1076226429'),
	(197, 'Orville', 'Phil', '40 Heath Circle', 'Surubim', '5016957464'),
	(198, 'Ariadne', 'Eslie', '187 Thompson Park', 'Novomoskovsk', '2522336642'),
	(199, 'Deborah', 'Kliemann', '7 Vera Road', 'Changxingbao', '4728890847'),
	(200, 'Angelia', 'Cuppleditch', '095 Homewood Trail', 'Pogorzyce', '4262440795'),
	(201, 'Malena', 'Franzolini', '1 Schlimgen Road', 'Komprachcice', '8247097523'),
	(202, 'Dania', 'Leneve', '9 Portage Point', 'Pancalan', '2573683390'),
	(203, 'Kearney', 'Greveson', '2 Knutson Avenue', 'Escola', '5473263086'),
	(204, 'Halsy', 'Zapata', '767 Texas Crossing', 'Kurkino', '6777253485'),
	(205, 'Dani', 'Addionisio', '55147 Fisk Way', 'Silvares', '5253069134'),
	(206, 'Molly', 'Crangle', '0 Dakota Plaza', 'Kamenický Šenov', '4108755791'),
	(207, 'Rowan', 'Gaveltone', '68 Grover Parkway', 'Laixi', '5114018811'),
	(208, 'Una', 'McNeilley', '83813 Montana Junction', 'Lautoka', '8983675690'),
	(209, 'Suzanne', 'Polak', '32 Algoma Point', 'Offa', '7189132494'),
	(210, 'Stanfield', 'Flewett', '781 Maple Pass', 'Zhoinda', '8679515646'),
	(211, 'Bing', 'Spollen', '1 Buena Vista Junction', 'La Luz', '4154802106'),
	(212, 'Kailey', 'Hatherall', '859 6th Alley', 'Baitu', '6403395710'),
	(213, 'Dulce', 'Fosbraey', '17 Sunfield Pass', 'Sagrada Familia', '4725604334'),
	(214, 'Monty', 'Temlett', '894 Eggendart Junction', 'Il’ichëvo', '5294065464'),
	(215, 'Alex', 'Baxill', '731 Saint Paul Crossing', 'Kiviõli', '8175277287'),
	(216, 'Shawnee', 'Filipczak', '0547 Clyde Gallagher Circle', 'Piuí', '7201893834'),
	(217, 'Melanie', 'Murthwaite', '5633 Stuart Lane', 'Nusajaya', '6127487471'),
	(218, 'Jeanine', 'Malarkey', '1947 Clemons Park', 'Best', '6861902812'),
	(219, 'Charlton', 'Mateos', '3 Sutteridge Trail', 'Feričanci', '8908102248'),
	(220, 'Ollie', 'Lickorish', '021 Namekagon Court', 'Glafirovka', '4112983536'),
	(221, 'Hamil', 'Upham', '8 Iowa Center', 'Kyzyl-Oktyabr’skiy', '3236335516'),
	(222, 'Bond', 'Salvin', '9673 Kropf Point', 'Senanga', '2899465849'),
	(223, 'Jade', 'Chartman', '1405 Lerdahl Street', 'Sailaitang', '8599731501'),
	(224, 'Malory', 'Hickinbottom', '4 Bobwhite Drive', 'McKinley', '5717487680'),
	(225, 'Myrwyn', 'Eastlake', '007 Vermont Trail', 'Goz Béïda', '3841988458'),
	(226, 'Tove', 'Bunford', '980 3rd Street', 'Przemyśl', '1336032917'),
	(227, 'Leroi', 'Helwig', '90819 Mifflin Lane', 'Daze', '5049397692'),
	(228, 'Luci', 'Dunniom', '425 Oak Center', 'Santa Rosa de Viterbo', '9575815961'),
	(229, 'Klaus', 'Testo', '1 Jana Road', 'Tabia', '1387595836'),
	(230, 'Briggs', 'Kobiela', '23348 New Castle Crossing', 'Zhaobei', '9908742555'),
	(231, 'Georgeta', 'Medlar', '96 East Parkway', 'El Puente', '1289369611'),
	(232, 'Forster', 'Longworth', '1 Mallory Street', 'Mokotów', '6885701977'),
	(233, 'Loydie', 'McCaughren', '32232 Calypso Hill', 'Balrothery', '3701310097'),
	(234, 'Othello', 'Matzel', '9 Vermont Crossing', 'Mūsa Khel Bāzār', '8363130675'),
	(235, 'Zacharia', 'Balasini', '58800 Twin Pines Crossing', 'Serra de Santa Marinha', '1016899804'),
	(236, 'Virgina', 'Stairs', '2009 Schurz Way', 'Fornos', '7582576402'),
	(237, 'Lawton', 'Glinde', '58 Montana Crossing', 'La Julia', '6537172639'),
	(238, 'Gannie', 'Maggi', '40 Bashford Way', 'Kaduluhur', '8188099611'),
	(239, 'Caitrin', 'Wing', '4860 Sunbrook Drive', 'Puerto San José', '2383282333'),
	(240, 'Annie', 'Dottridge', '99 Manley Drive', 'Claremont', '2453150523'),
	(241, 'Quillan', 'Gutierrez', '356 Lillian Trail', 'Maţāy', '8153769698'),
	(242, 'Letta', 'Pischoff', '124 Warbler Junction', 'Nor Gyugh', '3065345017'),
	(243, 'Myriam', 'Lawranson', '852 Green Street', 'Kensington', '5955853531'),
	(244, 'Dareen', 'Deem', '467 Burrows Road', 'Kuytun', '6726983420'),
	(245, 'Kip', 'Vosper', '000 Muir Junction', 'Sumberdangdang', '1422346883'),
	(246, 'Raffaello', 'Arnaez', '062 Shopko Avenue', 'Richmond', '8042424703'),
	(247, 'Aubrey', 'Pilgram', '3662 Maple Wood Trail', 'Gaotang', '8774732041'),
	(248, 'Lyndell', 'Hann', '848 Mockingbird Park', 'Goge', '1462675984'),
	(249, 'Gabriell', 'Croft', '134 Thierer Hill', 'El Estor', '5566155721'),
	(250, 'Sinclare', 'Kloser', '6168 Dahle Point', 'Le Teil', '2011314027'),
	(251, 'Julee', 'Woodthorpe', '0 Schurz Trail', 'Huaidian', '6658223833'),
	(252, 'Lynnett', 'Kirkwood', '65 Everett Junction', 'Nunleu', '6227431312'),
	(253, 'Ricki', 'Napper', '4 Comanche Crossing', 'Upper San Mateo', '8611971532'),
	(254, 'Bianca', 'Le Batteur', '94669 Bluejay Hill', 'Libu', '9344397354'),
	(255, 'Karilynn', 'Forre', '64249 Springs Trail', 'La Palma', '1362760294'),
	(256, 'Brigg', 'Lyte', '29345 Golf Course Court', 'Khisarya', '5615261197'),
	(257, 'Lindsay', 'Chicco', '576 Pine View Park', 'Deán Funes', '1664775186'),
	(258, 'Windham', 'Grabb', '7032 Harper Center', 'Chengmagang', '8792298859'),
	(259, 'Jared', 'Marques', '38413 Anzinger Drive', 'Cabra Figa', '5479079573'),
	(260, 'Grata', 'Snazle', '29406 Lukken Plaza', 'Litein', '5891641960'),
	(261, 'Valerie', 'Gordge', '25061 8th Crossing', 'Ukrainka', '6686508836'),
	(262, 'Nelie', 'Yurkevich', '93 Quincy Park', 'Sanxixiang', '1292993180'),
	(263, 'Gale', 'Zimmermeister', '5145 Vidon Alley', 'San Martín', '4519962199'),
	(264, 'Rona', 'Whetland', '786 Sutherland Parkway', 'Sudimara', '8416045299'),
	(265, 'Les', 'McKeighen', '1 Menomonie Point', 'Pujiang', '5505714472'),
	(266, 'Magdalen', 'Gaddesby', '10 Annamark Road', 'Pytalovo', '4608023952'),
	(267, 'Terri', 'Gresley', '2 Chive Court', 'Ribeira', '1054781114'),
	(268, 'Perrine', 'Mobbs', '5 Harbort Crossing', 'Batiano', '6008192202'),
	(269, 'Shurwood', 'Caswell', '27 Colorado Alley', 'Châteaurenard', '6775028581'),
	(270, 'Adolpho', 'Valti', '503 Twin Pines Road', 'Idrinskoye', '5672178252'),
	(271, 'Celestia', 'Ducker', '0319 Gulseth Hill', 'Tyumen', '8529814214'),
	(272, 'Adora', 'Danbi', '6252 Dixon Parkway', 'Anse Royale', '2947881564'),
	(273, 'Filip', 'Nassi', '01 Eagle Crest Way', 'Pueblo Viejo', '1701763687'),
	(274, 'Jeffy', 'Dunbabin', '8 Blaine Alley', 'Kakamas', '6648837876'),
	(275, 'Laurence', 'Longwood', '473 Di Loreto Parkway', 'Villa Regina', '4842997353'),
	(276, 'Sanford', 'Manuello', '02 Hallows Hill', 'Matsubase', '7679035739'),
	(277, 'Kent', 'Bloom', '4194 Farmco Drive', 'Zruč nad Sázavou', '3479357905'),
	(278, 'Lawrence', 'Hamflett', '75514 Harper Junction', 'Whitegate', '7237429509'),
	(279, 'Josey', 'Pestell', '94918 Rusk Court', 'Skarbimierz Osiedle', '8498541526'),
	(280, 'Quentin', 'Fidele', '88896 Vermont Court', 'Póvoa de Santo António', '4725017057'),
	(281, 'Libby', 'Cufflin', '74 Bluejay Drive', 'Santo Domingo', '3242264076'),
	(282, 'Arley', 'Paddell', '25656 Nancy Place', 'Maştağa', '3712539937'),
	(283, 'Bronny', 'Stemson', '8 Stang Pass', 'Parry Sound', '1858666863'),
	(284, 'Ingmar', 'Harker', '29 Melody Road', 'Pangai', '2564300323'),
	(285, 'Tabbitha', 'Cantillon', '54253 Roth Parkway', 'Guachucal', '5149271763'),
	(286, 'Anne-marie', 'Adlam', '120 Fairview Park', 'Clifden', '1792311159'),
	(287, 'Elvina', 'Wark', '6 Oak Valley Drive', 'Shancheng', '5503003642'),
	(288, 'Cyrillus', 'Ellington', '3 Anniversary Way', 'Lengshuitan', '2006394510'),
	(289, 'Patrick', 'Senchenko', '944 Colorado Avenue', 'Itako', '5864118275'),
	(290, 'Solly', 'Kilshall', '18133 Monument Drive', 'Saint-Herblain', '9142755340'),
	(291, 'Ceciley', 'Snufflebottom', '758 Dayton Pass', 'Goranboy', '7336548973'),
	(292, 'Hoebart', 'Reneke', '8600 Mockingbird Avenue', 'Hengshan', '1025839498'),
	(293, 'Carlene', 'Tal', '1 1st Terrace', 'Villavicencio', '6045106197'),
	(294, 'Morey', 'Olivari', '4 Oakridge Lane', 'Portobelo', '3709164661'),
	(295, 'Tades', 'Daal', '998 Fair Oaks Hill', 'Shixian', '8416701545'),
	(296, 'Inga', 'Andrews', '5180 Petterle Lane', 'Contraalmirante Cordero', '5379435331'),
	(297, 'Colly', 'Mathewes', '2 Dixon Alley', 'Gongdanglegi Kulon', '5162608740'),
	(298, 'Hewitt', 'Soughton', '676 Amoth Court', 'Blendis', '7147777996'),
	(299, 'Miles', 'Franckton', '6977 Warner Hill', 'Huibu', '8714466368'),
	(300, 'Stanly', 'Schowenburg', '68854 Sauthoff Pass', 'Xiaoshun', '8758617564'),
	(301, 'Prissie', 'Bartaloni', '7872 Holy Cross Center', 'Bolobo', '9298492248'),
	(302, 'Mitch', 'Whinney', '52917 Goodland Place', 'Ngkiong', '5254210543'),
	(303, 'Dolly', 'Crampton', '35723 Crowley Crossing', 'Waina', '6546371181'),
	(304, 'Nedi', 'Santarelli', '05726 Elgar Circle', 'Santo Domingo', '9921661162'),
	(305, 'Suzanne', 'Ferries', '56 Mcbride Parkway', 'Prince Edward', '9888097725'),
	(306, 'Tiffie', 'Harrowsmith', '12269 Southridge Plaza', 'Tripoli', '2525058967'),
	(307, 'Melody', 'Osgorby', '9410 American Pass', 'Muslyumovo', '6285918126'),
	(308, 'Kahaleel', 'Coules', '68280 Nevada Way', 'Hongtang', '6694071727'),
	(309, 'Anny', 'Borthe', '6044 Oak Circle', 'Sabá', '9008729858'),
	(310, 'Stevena', 'Fettes', '6 Scoville Road', 'Ouani', '6612939422'),
	(311, 'Melly', 'Walhedd', '96665 4th Lane', 'São Sebastião', '9406299973'),
	(312, 'Lianne', 'Duffit', '8435 Golf Drive', 'Zanjān', '9119247808'),
	(313, 'Marlin', 'Digance', '7278 Donald Place', 'Golacir', '9951074265'),
	(314, 'Martie', 'Eglin', '5 Lillian Lane', 'Malian', '8687568433'),
	(315, 'Kris', 'Bedham', '24295 Katie Terrace', 'Vesoul', '7075539371'),
	(316, 'Shirl', 'Francescuccio', '79 Logan Trail', 'Pindobaçu', '7992279590'),
	(317, 'Josee', 'Robley', '0970 Independence Trail', 'Albertville', '8245434314'),
	(318, 'Nevin', 'Gouldthorp', '26 Esker Court', 'Rengo', '3694594175'),
	(319, 'Annamaria', 'Mossdale', '8560 Drewry Center', 'Rožmitál pod Třemšínem', '2079308252'),
	(320, 'Dalt', 'Reavey', '43728 Troy Court', 'Aguisan', '3985786851'),
	(321, 'Janella', 'Oakenford', '679 Merry Court', 'Jingning Chengguanzhen', '7249693413'),
	(322, 'Emlynn', 'Hazael', '28957 Prentice Circle', 'Afaahiti', '9478947661'),
	(323, 'Zared', 'Raff', '46 Mallory Park', 'Karlovo', '1502582559'),
	(324, 'Jermaine', 'Mosten', '6530 Farmco Court', 'Tadjoura', '8606256629'),
	(325, 'Coop', 'Skehens', '03 Ronald Regan Avenue', 'Jardinópolis', '1791912982'),
	(326, 'Aggy', 'Edgin', '3 John Wall Center', 'Chipyela', '1452414590'),
	(327, 'Michaeline', 'Swayne', '22 Golf Course Pass', 'Dangcalan', '1518770639'),
	(328, 'Kristin', 'Plesing', '5 Susan Lane', 'Jixing', '1518546427'),
	(329, 'Chan', 'Philippe', '04 Arapahoe Plaza', 'La Loma', '1612086854'),
	(330, 'Todd', 'Halbeard', '28393 Elgar Road', 'Licheng', '8946331323'),
	(331, 'Klaus', 'Sadler', '0 Corry Alley', 'Palikir - National Government Center', '5919063609'),
	(332, 'Barbette', 'Conkay', '83 Towne Court', 'Honglan', '4244039876'),
	(333, 'Constance', 'McQuorkell', '6 Declaration Plaza', 'Tidaholm', '7919903456'),
	(334, 'Cornie', 'Karlowicz', '51 Bultman Center', 'Cawayan', '5564213425'),
	(335, 'Gloriane', 'Wynes', '8 Old Shore Parkway', 'Menongue', '9566753595'),
	(336, 'Ann', 'Ander', '848 Rigney Alley', 'San Juan', '4205850521'),
	(337, 'Kele', 'Woodard', '33 American Alley', 'Nkhotakota', '8197573263'),
	(338, 'Ives', 'Mantione', '387 Schiller Park', 'Naranjal', '4139617712'),
	(339, 'Suzie', 'Comins', '469 Fairview Avenue', 'Morteros', '1339874768'),
	(340, 'Blancha', 'Leggs', '01 Morrow Pass', 'Quetigny', '7376334667'),
	(341, 'Lane', 'Vaney', '3782 Springview Park', 'Gurupi', '2683221635'),
	(342, 'Jarrid', 'Putten', '95308 Goodland Avenue', 'Bakadagy', '5536365967'),
	(343, 'Clarabelle', 'Chue', '11703 Del Sol Avenue', 'Mar’ina Roshcha', '5607230923'),
	(344, 'Madeline', 'Tomenson', '7408 Eliot Pass', 'Gobernador Gálvez', '8828766993'),
	(345, 'Celestine', 'Filov', '9 Transport Center', 'Oliveira', '5753473632'),
	(346, 'Jedediah', 'Maddison', '00 Mccormick Street', 'Makrochóri', '5014045266'),
	(347, 'Raimondo', 'Delhay', '02 Oak Valley Court', 'Jāndiāla Sher Khān', '3737158101'),
	(348, 'Corette', 'Kwietek', '8 Loftsgordon Junction', 'Digah', '6438800323'),
	(349, 'Jsandye', 'Nelsen', '443 Grayhawk Alley', 'General Lavalle', '5683146637'),
	(350, 'Roi', 'Lansdale', '4 Ramsey Alley', 'La Tinguiña', '7516242509'),
	(351, 'Gauthier', 'Newey', '5 Pine View Place', 'Pataypampa', '1537263570'),
	(352, 'Angus', 'Golagley', '90974 Independence Hill', 'Baixo Guandu', '8416520347'),
	(353, 'Rickert', 'Wheelhouse', '8803 Dakota Hill', 'Teryayevo', '6911777793'),
	(354, 'Dulsea', 'Thackray', '576 Monument Road', 'Yengiawat', '6064694642'),
	(355, 'Katha', 'Michell', '16026 Homewood Avenue', 'Rungis', '7527581843'),
	(356, 'Wilfrid', 'Lacey', '6 Spenser Circle', 'Araras', '6287355671'),
	(357, 'Barbee', 'Denty', '78084 Red Cloud Plaza', 'Catabola', '3878755645'),
	(358, 'Amalita', 'Escott', '59956 Prairie Rose Terrace', 'Washington', '2029236312'),
	(359, 'Rayshell', 'Peeke', '1008 Barnett Park', 'Hoogeveen', '6651754951'),
	(360, 'Galven', 'Crombie', '9841 Hoepker Hill', 'Ninh Giang', '1001254386'),
	(361, 'Kelsey', 'Dumberell', '9 Sutteridge Plaza', 'Talin Hiag', '7088894071'),
	(362, 'Oliy', 'Maddison', '16 Grayhawk Avenue', 'Markaryd', '9857527292'),
	(363, 'Hedvige', 'Pley', '36408 Canary Avenue', 'Nanae', '1738332410'),
	(364, 'Thane', 'Durden', '33541 Comanche Crossing', 'Liuyuan', '1565682256'),
	(365, 'Talyah', 'Aizikovich', '06156 Merry Court', 'Horqueta', '6013881833'),
	(366, 'Raimondo', 'Vogele', '48175 Lunder Terrace', 'Zverevo', '2023985145'),
	(367, 'Shurlock', 'Beadon', '96 Crowley Place', 'Leworook', '9786279526'),
	(368, 'Eldridge', 'McCahill', '958 Sunnyside Crossing', 'Veliko Tŭrnovo', '2292128409'),
	(369, 'Zena', 'Hothersall', '75701 Merry Trail', 'Pandan Niog', '9015402766'),
	(370, 'Annnora', 'Bronger', '9212 Beilfuss Plaza', 'Calamba', '7902490747'),
	(371, 'Remy', 'Lefwich', '6 Gateway Park', 'Zelmeņi', '7215154809'),
	(372, 'Korella', 'Shortall', '9 Cardinal Point', 'Laocheng', '9767996931'),
	(373, 'Kelcy', 'Godilington', '0100 Dexter Crossing', 'Izhmorskiy', '3804270573'),
	(374, 'Maible', 'Deme', '62092 Fairview Hill', 'Gaoguan', '7097754779'),
	(375, 'Glynis', 'Bunker', '32 Valley Edge Plaza', 'Cabcaben', '8454197352'),
	(376, 'Barnabe', 'Sendley', '16842 Park Meadow Hill', 'Araguari', '9436118899'),
	(377, 'Ferd', 'Spraberry', '26 Ridgeway Place', 'Murun-kuren', '9489609356'),
	(378, 'Shaughn', 'Tatem', '187 Northland Court', 'Aberdeen', '6748850468'),
	(379, 'Krystal', 'Baalham', '10877 New Castle Court', 'Turija', '4101591680'),
	(380, 'Iosep', 'Munslow', '8 Thierer Alley', 'Kozel’shchyna', '7717134360'),
	(381, 'Jaynell', 'Coode', '22119 Harper Lane', 'Brandýs nad Labem-Stará Boleslav', '8691590873'),
	(382, 'Sybil', 'Cannaway', '9 Center Terrace', 'Vyshniy Volochëk', '1605481823'),
	(383, 'Laurianne', 'Ricciardiello', '990 Loomis Place', 'Araxá', '5729112199'),
	(384, 'Stefan', 'Maher', '85674 Sundown Plaza', 'Timpas', '9821667735'),
	(385, 'Minnnie', 'Statefield', '54 Vernon Pass', 'Feng’an', '2534392264'),
	(386, 'Mina', 'Francie', '545 Brickson Park Circle', 'Boucinha', '9161837073'),
	(387, 'Vivien', 'Edmans', '5064 Monument Parkway', 'Sanshan', '8239707979'),
	(388, 'Nadean', 'Plumbley', '67 Bay Crossing', 'Pasarbaru', '1699604380'),
	(389, 'Kalli', 'Marlen', '53 Schlimgen Trail', 'Emiliano Zapata', '2616193993'),
	(390, 'Fleming', 'Argont', '00059 Elmside Junction', 'Wairiang', '6903413336'),
	(391, 'Stephenie', 'Bracegirdle', '529 Upham Place', 'Shimo-furano', '4278641030'),
	(392, 'Zak', 'Hattiff', '2 Kensington Lane', 'Sumbuya', '9944735747'),
	(393, 'Dennie', 'Benzing', '8 Wayridge Way', 'Fenyan', '4771843431'),
	(394, 'Karlan', 'Broster', '045 Eastwood Junction', 'Tinambacan', '9658856480'),
	(395, 'Jerad', 'Mowatt', '40585 Fairfield Plaza', 'Konza', '5945665307'),
	(396, 'Torey', 'Walczynski', '05 Hovde Point', 'Lewobelek', '9571757179'),
	(397, 'Tessy', 'Bover', '766 Nova Hill', 'Visby', '7792222113'),
	(398, 'Alyce', 'Lawless', '22 Muir Center', 'Piedecuesta', '1878333233'),
	(399, 'Abbey', 'Hammerstone', '667 Granby Crossing', 'Torino', '3273884773'),
	(400, 'Maryjo', 'Standish-Brooks', '04 Dahle Point', 'Stockholm', '7944787364'),
	(401, 'Nettle', 'Shelsher', '49 Superior Center', 'Mabayo', '1001302031'),
	(402, 'Cull', 'Toffts', '91495 Ronald Regan Drive', 'Kebonkaret', '5382308790'),
	(403, 'Clementius', 'Lysons', '207 Washington Hill', 'Dmitrov', '1007293402'),
	(404, 'Nestor', 'Bennen', '824 Myrtle Court', 'Nevel’', '7192521610'),
	(405, 'Doretta', 'Gerdes', '0 Pawling Park', 'Kolomyya', '5832895044'),
	(406, 'Jaquenetta', 'Kender', '8 Twin Pines Road', 'Jiaqu', '6577502480'),
	(407, 'Almeda', 'Bowman', '9 Stephen Plaza', 'Balatero', '8698609390'),
	(408, 'Charlean', 'Gouldthorp', '437 Weeping Birch Court', 'Diriá', '7471155632'),
	(409, 'Bradford', 'Dumblton', '530 Cordelia Street', 'Trollhättan', '2118291225'),
	(410, 'Willa', 'Otter', '29666 Heath Terrace', 'Aizi', '8041873441'),
	(411, 'Amalia', 'Giacobo', '4507 Bobwhite Street', 'Lấp Vò', '3048964454'),
	(412, 'Livvie', 'Joicey', '3785 Elka Crossing', 'Jelbuk', '8013949633'),
	(413, 'Nady', 'Twopenny', '67 Macpherson Circle', 'Tacurong', '8234826258'),
	(414, 'Goober', 'Giabuzzi', '696 Oak Valley Junction', 'Lišov', '2319304012'),
	(415, 'Adara', 'Gadney', '571 Butterfield Drive', 'Oulad Frej', '1701929616'),
	(416, 'Joanna', 'Braban', '15 Lakeland Trail', 'Korolevo', '7247874741'),
	(417, 'Blake', 'Gerler', '7909 Redwing Circle', 'Cajati', '9862286635'),
	(418, 'Tallie', 'Kingswold', '0139 Carberry Park', 'Driefontein', '4172850918'),
	(419, 'Emera', 'Pulteneye', '26233 Hudson Plaza', 'Osasco', '6921081770'),
	(420, 'Caprice', 'Arnault', '8364 Lighthouse Bay Circle', 'Wagar', '9211087806'),
	(421, 'Josselyn', 'Andreia', '438 Londonderry Pass', 'Żebbuġ', '6956012808'),
	(422, 'Madelon', 'Jillard', '3 Waywood Court', 'Hebu', '5827358481'),
	(423, 'Xylia', 'Camin', '31 Marquette Center', 'Lengshuitan', '2089225926'),
	(424, 'Sharia', 'Dybell', '882 Drewry Terrace', 'Presidente Prudente', '6103407637'),
	(425, 'Chanda', 'McCauley', '3 Maywood Point', 'Beloha', '9323199714'),
	(426, 'Gardiner', 'Delea', '4367 Tennessee Center', 'Surubim', '4288164967'),
	(427, 'Claiborn', 'Coyne', '79239 Shasta Street', 'Shezë', '4571296098'),
	(428, 'Jule', 'Cavolini', '52 Independence Junction', 'Sumberjo', '3452032297'),
	(429, 'Frances', 'Bartolomeu', '749 Oak Court', 'Dolní Bojanovice', '9574887151'),
	(430, 'Pyotr', 'Pelham', '5 Division Drive', 'Kabala', '9779314964'),
	(431, 'Nicol', 'McCook', '326 Hudson Park', 'Azilal', '9149567959'),
	(432, 'Kora', 'Schiefersten', '329 Meadow Valley Court', 'Starokorsunskaya', '8469655604'),
	(433, 'Haily', 'Sinclair', '619 Petterle Lane', 'Livramento', '2176455757'),
	(434, 'Iago', 'Baxstare', '26 Oxford Park', 'Czarna Białostocka', '3751402671'),
	(435, 'Inger', 'Duckwith', '749 Merchant Alley', 'Misungwi', '9438689720'),
	(436, 'Pernell', 'Cantrell', '5 Tennyson Lane', 'Cheongsong gun', '4006766037'),
	(437, 'Valry', 'Stilling', '140 Riverside Road', 'Babakansari', '6141616470'),
	(438, 'Dre', 'Gocher', '22327 Kedzie Center', 'Berea', '2028459045'),
	(439, 'Ora', 'Hartin', '834 Hooker Pass', 'Ambarita', '5763563251'),
	(440, 'Marissa', 'Thow', '87396 Shasta Avenue', 'Danjiangkou', '2925319115'),
	(441, 'Celinka', 'Errowe', '59463 Main Avenue', 'Mina de São Domingos', '1222219332'),
	(442, 'Selia', 'Youhill', '40 Golf Lane', 'Santa Rosa', '9971681307'),
	(443, 'Caren', 'Denkin', '18533 Onsgard Circle', 'Taungdwingyi', '9937304534'),
	(444, 'Emmalynne', 'Casaletto', '45731 Logan Point', 'Desa Gegempalan', '4709959870'),
	(445, 'Lina', 'Garmon', '93024 Manufacturers Way', 'Verkhniy Kurkuzhin', '1526692365'),
	(446, 'Alonso', 'Luckcock', '5 Talmadge Lane', 'Peer', '9056469851'),
	(447, 'Leesa', 'Leuty', '3787 Sutherland Lane', 'Spartanburg', '8646763941'),
	(448, 'Eugen', 'Littledike', '3137 Porter Road', 'Dubravica', '6391261403'),
	(449, 'Sammy', 'Klyner', '45075 Macpherson Plaza', 'Nema', '2832291648'),
	(450, 'Nichols', 'Baumler', '99 8th Parkway', 'Mae Ramat', '7235743518'),
	(451, 'Ryan', 'Crayker', '97 Jackson Plaza', 'Mentaras', '2289265939'),
	(452, 'Earle', 'Tomasutti', '634 Rusk Street', 'Nangahale', '5203037891'),
	(453, 'Blinni', 'Stanistreet', '323 Burrows Pass', 'San Miguel', '3646687513'),
	(454, 'Stesha', 'Curtain', '5166 Elka Way', 'Fuchang', '4901200963'),
	(455, 'Siegfried', 'Hundey', '17884 Pawling Lane', 'Malakwal City', '5183607790'),
	(456, 'Jimmy', 'Calleja', '9095 Arizona Lane', 'Talca', '3887453689'),
	(457, 'Anna', 'Tschiersch', '92 Clarendon Alley', 'Koblain', '3503091260'),
	(458, 'Sabrina', 'Helks', '46099 Ridge Oak Plaza', 'Töreboda', '7877673122'),
	(459, 'Gabriele', 'Aslott', '496 Magdeline Trail', 'Kačanik', '3124767026'),
	(460, 'Hailee', 'Cattermoul', '00 Eliot Street', 'Mella', '6596829204'),
	(461, 'Claudia', 'Wesson', '8 Monterey Road', 'Pakel', '4503919248'),
	(462, 'Damon', 'Du Plantier', '76461 Acker Hill', 'Miðvágur', '3769914782'),
	(463, 'Britteny', 'Cail', '95 Loomis Hill', 'Puspajaya', '1014926363'),
	(464, 'Gayler', 'Curnock', '4 Oak Crossing', 'Heicheng', '7016628622'),
	(465, 'Wait', 'Rossiter', '587 Dorton Street', 'Chervone', '5737203082'),
	(466, 'Ferdinanda', 'Gaspard', '3 Moose Street', 'Huangtang', '2425803008'),
	(467, 'Mattie', 'Rice', '5 Becker Center', 'Yaopi', '8852317618'),
	(468, 'Nelia', 'Gitthouse', '57699 Dryden Lane', 'Novoanninskiy', '7204210688'),
	(469, 'Amalia', 'McIvor', '33 Dawn Park', 'Mahajanga', '2689458003'),
	(470, 'Harry', 'Formie', '715 Tennyson Terrace', 'Luthu', '6893608459'),
	(471, 'Mirella', 'Baurerich', '9 Delaware Alley', 'Ampelgading', '7835567313'),
	(472, 'Arlene', 'Abbot', '299 Declaration Place', 'Babakan', '4428439708'),
	(473, 'Sadie', 'Freke', '3 Johnson Junction', 'Zengjia', '3829086065'),
	(474, 'Lorilyn', 'Verny', '951 David Road', 'Luar', '6166052364'),
	(475, 'Quintilla', 'Taffurelli', '1 Golf View Drive', 'Terong', '5844596233'),
	(476, 'Darb', 'Jedrychowski', '94 Brickson Park Place', 'Konakridee', '4824597444'),
	(477, 'Cristionna', 'Bonsall', '5991 Anderson Pass', 'Hongch’ŏn', '2329097213'),
	(478, 'Doralynn', 'Jeffcoate', '4238 Ridgeway Pass', 'Niquinohomo', '4017417741'),
	(479, 'Cornell', 'Hovenden', '1428 Eastwood Hill', 'Argasari', '9404404200'),
	(480, 'Rivalee', 'Root', '51267 Elka Parkway', 'Mŭynoq', '1046348862'),
	(481, 'Inge', 'Muckart', '82 Canary Point', 'Oxapampa', '3225991445'),
	(482, 'Gideon', 'Heakey', '2868 Walton Place', 'Guanaja', '2468831148'),
	(483, 'Bordie', 'Blabey', '9589 Waubesa Junction', 'Chợ Chu', '4113377719'),
	(484, 'Thatch', 'Rowbottom', '11105 Pleasure Street', 'Pengdian', '9929498465'),
	(485, 'Esma', 'Ewbanks', '77 Pankratz Junction', 'Jieshipu', '3092873821'),
	(486, 'Neille', 'Charlotte', '318 Algoma Circle', 'Limón', '8148259119'),
	(487, 'Niven', 'Wellington', '46 Golden Leaf Place', 'Taozhou', '1356721887'),
	(488, 'Vinny', 'Mustin', '2 Moulton Court', 'Pinrang', '7612659506'),
	(489, 'Wynny', 'Cobbold', '68 Karstens Parkway', 'Unión', '9421174066'),
	(490, 'Gretel', 'Donat', '494 Spaight Pass', 'Taznakht', '7707593237'),
	(491, 'Mirna', 'Conichie', '42 Vernon Avenue', 'Líbano', '2977233954'),
	(492, 'Rosy', 'Metterick', '7 3rd Pass', 'Čerčany', '1034872176'),
	(493, 'Cchaddie', 'Fishbie', '294 Esch Crossing', 'Chernyakhovsk', '1219814051'),
	(494, 'Datha', 'Shawe', '60720 Linden Parkway', 'Salinas', '8313762879'),
	(495, 'Valdemar', 'Vowell', '6 Riverside Trail', 'Xiniqi', '9616873077'),
	(496, 'Marion', 'Wipfler', '62736 Scoville Point', 'Banjar Wates Tengah', '8032176352'),
	(497, 'Hildegarde', 'Rentz', '85 Raven Parkway', 'Klagenfurt am Wörthersee', '7164226392'),
	(498, 'Brett', 'McCunn', '74762 Magdeline Pass', 'Dayeuhluhur', '9733530545'),
	(499, 'Kora', 'Berford', '262 Beilfuss Point', 'Boevange-sur-Attert', '1835635811'),
	(500, 'Jessey', 'Padbery', '8829 Lake View Circle', 'Kipini', '4228845653'),
	(501, 'Linnell', 'Lampart', '2574 4th Pass', 'Guandukou', '8793320411'),
	(502, 'Cyb', 'Stallon', '61 Bayside Drive', 'Yushu', '3911606078'),
	(503, 'Darya', 'Daniel', '6967 Golden Leaf Street', 'Doong', '3068078883'),
	(504, 'Adey', 'Luby', '2126 Farragut Point', 'Sidomulyo Kulon', '7451627233'),
	(505, 'Theresina', 'Clemenzo', '69990 Judy Parkway', 'Bierawa', '6166271334'),
	(506, 'Neala', 'Cunio', '6439 Granby Park', 'Venezia', '2039851628'),
	(507, 'Ysabel', 'Heggs', '2 Pankratz Avenue', 'Long Layu', '2971929180'),
	(508, 'Charlene', 'Le Clercq', '923 Farragut Road', 'Galtek', '7668397843'),
	(509, 'Roda', 'Moon', '2 Lillian Avenue', 'Molepolole', '7553330528'),
	(510, 'Lewie', 'Baudasso', '0 Thierer Pass', 'Kokaj', '3343790886'),
	(511, 'Tracey', 'Cozins', '6211 Longview Drive', 'Brakas', '8468165209'),
	(512, 'Weidar', 'Burns', '84885 Namekagon Avenue', 'Shangani', '4825236831'),
	(513, 'Denyse', 'Mersey', '757 Monica Lane', 'Constanza', '7041716360'),
	(514, 'Tomasine', 'Mowsdale', '7 Havey Crossing', 'Coelho Neto', '9637380376'),
	(515, 'Steffane', 'Glencorse', '647 Dapin Pass', 'Carrasqueira', '7042825452'),
	(516, 'Korey', 'Cleminshaw', '9372 Anzinger Plaza', 'Kuala Terengganu', '3394083622'),
	(517, 'Damaris', 'Leppington', '33 Portage Parkway', 'Khoyniki', '8083610006'),
	(518, 'Karry', 'Foster', '32434 Drewry Terrace', 'Sobral da Abelheira', '1959719089'),
	(519, 'Ingrid', 'Jeannesson', '30 Granby Point', 'Niquelândia', '6267426316'),
	(520, 'Tybie', 'Winscum', '8600 Cambridge Plaza', 'Yangqing', '4198160952'),
	(521, 'Kylie', 'Pareman', '95806 Spaight Hill', 'Villa Nueva', '9199646529'),
	(522, 'Cortney', 'Skivington', '07973 Coleman Crossing', 'Mayong', '4865753003'),
	(523, 'Jack', 'Sirman', '70 Nelson Parkway', 'Göteborg', '7785204542'),
	(524, 'Ellette', 'Torald', '797 Stoughton Street', 'Banjar Pangkungkarung Kangin', '5324129813'),
	(525, 'Kippy', 'Terbrugge', '3590 Butterfield Junction', 'Xikou', '2311609200'),
	(526, 'Burnard', 'Ferraron', '62 Nobel Alley', 'Zvenyhorodka', '3122244456'),
	(527, 'Lib', 'Maypother', '908 Surrey Circle', 'Kameoka', '2429399926'),
	(528, 'Adorne', 'Doudny', '13413 Claremont Plaza', 'Terny', '9221957626'),
	(529, 'Miguelita', 'Scarce', '328 Dapin Court', 'Dasol', '1228262548'),
	(530, 'Seth', 'Pierrepoint', '54 Canary Parkway', 'San Isidro', '9522495034'),
	(531, 'Andrei', 'Cain', '653 Fremont Hill', 'Yugawara', '5875779436'),
	(532, 'Sydelle', 'McSorley', '341 Mesta Center', 'Tacuatí', '3448529649'),
	(533, 'Alvan', 'Farnon', '1 Bluestem Alley', 'Marathókampos', '9566569213'),
	(534, 'Elene', 'Orrick', '5 Main Way', 'Pigeiros', '6724395397'),
	(535, 'Rochette', 'Pendock', '82 Pierstorff Plaza', 'El Capulin', '3116159238'),
	(536, 'Tildi', 'Gudahy', '49 Johnson Court', 'Padre Burgos', '1904001102'),
	(537, 'Claresta', 'McCall', '2965 Blaine Trail', 'Pereyaslovskaya', '1992192920'),
	(538, 'Tan', 'Ovett', '435 Merry Center', 'Aseri', '6745822384'),
	(539, 'Georgeanne', 'Marishenko', '5 Bunting Plaza', 'Puerto Tejada', '1407134761'),
	(540, 'Wilek', 'Costellow', '4 Kinsman Crossing', 'Ar Raqqah', '6837960694'),
	(541, 'Bobbi', 'Leipelt', '3112 Lawn Court', 'Tanggu', '7394675558'),
	(542, 'Rhea', 'Mountstephen', '1740 Artisan Alley', 'Cortinhas', '4908637211'),
	(543, 'Robbert', 'Feares', '3543 Trailsway Place', 'Mayong', '2909838036'),
	(544, 'Eric', 'Josefson', '2 Eliot Way', 'General Elizardo Aquino', '3338400004'),
	(545, 'June', 'Mor', '8 Stoughton Center', 'Nice', '8162363953'),
	(546, 'Hermann', 'Jeavon', '952 Jackson Alley', 'Mao', '2232900085'),
	(547, 'Kikelia', 'Bouch', '546 Texas Way', 'Loivos', '2995820154'),
	(548, 'Jimmy', 'Trengrouse', '8887 West Lane', 'Tikiw', '8376131030'),
	(549, 'Oralla', 'Meadmore', '48720 Gina Circle', 'Okinawa Número Uno', '6281513478'),
	(550, 'Thatch', 'Eke', '2371 Michigan Plaza', 'Cambará', '8215097421'),
	(551, 'Heda', 'Willingale', '60841 Birchwood Lane', 'Poitiers', '2704048503'),
	(552, 'Farris', 'Aizkovitch', '3 Gateway Point', 'Boniewo', '5891357995'),
	(553, 'Demetris', 'de Glanville', '39006 Nancy Lane', 'Rongdoi', '8126452544'),
	(554, 'Leonidas', 'Baumer', '47 Nelson Court', 'Blessington', '7362285524'),
	(555, 'Slade', 'Yanyshev', '494 Cordelia Junction', 'Itaberaba', '1006739001'),
	(556, 'Christye', 'Bru', '4060 Scofield Street', 'San Rafael', '4354976126'),
	(557, 'Damien', 'Rait', '371 Lunder Avenue', 'Wilków', '4598632094'),
	(558, 'Janis', 'Budik', '8 Roxbury Hill', 'Bernal', '9223027095'),
	(559, 'Minnnie', 'Tremellier', '830 Mendota Avenue', 'Krajan', '4921194773'),
	(560, 'Humbert', 'Gaythwaite', '41752 Northland Trail', 'Sremčica', '1657310562'),
	(561, 'Flo', 'Finci', '35 Iowa Hill', 'Rotterdam postbusnummers', '1353635087'),
	(562, 'Ashley', 'Jorio', '29 Monica Parkway', 'Oklahoma City', '4052301754'),
	(563, 'Beulah', 'Ethelstone', '509 Fulton Plaza', 'Machado', '4893993868'),
	(564, 'Granger', 'MacAnulty', '98649 Lakeland Center', 'Krasnodon', '9795499731'),
	(565, 'Ferdinanda', 'Mateo', '888 Bowman Court', 'Babakankadu', '2745582447'),
	(566, 'Timi', 'McGreal', '67 Pleasure Court', 'Dassa-Zoumé', '8494010029'),
	(567, 'Rutherford', 'Jory', '553 Iowa Pass', 'Buliwao', '6043916470'),
	(568, 'Wilfred', 'Schwant', '17052 Caliangt Point', 'Lawa-an', '9086609003'),
	(569, 'Elvis', 'Balassi', '1841 Roxbury Plaza', 'Malec', '4757995762'),
	(570, 'Corina', 'Sarjent', '1 Clove Circle', 'Västerås', '1449513061'),
	(571, 'Leigh', 'Caldera', '00 Eagle Crest Street', 'Studzionka', '6024209435'),
	(572, 'Tori', 'Cluff', '92489 Bartillon Plaza', 'Clermont-Ferrand', '3591867217'),
	(573, 'Belva', 'Tanswell', '6 Hanover Center', 'Pitangui', '4105156410'),
	(574, 'Armand', 'Ciubutaro', '009 North Hill', 'Labuhanjambu', '7946069564'),
	(575, 'Tobe', 'Smees', '54868 Grayhawk Center', 'Vairão', '2387340800'),
	(576, 'Jacintha', 'Trime', '24 Haas Park', 'Lindome', '7806161995'),
	(577, 'Mellisa', 'Garwood', '9267 Hintze Terrace', 'Hong Kong', '8284479945'),
	(578, 'Minnnie', 'Mocker', '059 Debra Circle', 'Nārang', '6845703933'),
	(579, 'Debee', 'Marchington', '97 Westridge Point', 'Xiaoshi', '1217186856'),
	(580, 'Claudell', 'Pilmoor', '80327 Stang Drive', 'Nunbaundelha', '7181466381'),
	(581, 'Ambur', 'Skillings', '2123 Holmberg Junction', 'Tāngāil', '3732944277'),
	(582, 'North', 'Bradly', '13 Clemons Terrace', 'Saint John’s', '6556611835'),
	(583, 'Geoff', 'Kilius', '32874 Cherokee Crossing', 'Bussum', '5084805141'),
	(584, 'Sayre', 'Costock', '3 Colorado Crossing', 'Hamburg Winterhude', '2209654066'),
	(585, 'Granville', 'Bysshe', '893 Glendale Street', 'Guihing Proper', '2637569143'),
	(586, 'April', 'Ableson', '2112 Jenna Terrace', 'Ciparay', '4689716802'),
	(587, 'Madalena', 'Ferrarini', '3842 Milwaukee Hill', 'Espérance Trébuchet', '6863446426'),
	(588, 'Urson', 'Henfre', '9 Jenifer Trail', 'Wanli', '3406284298'),
	(589, 'Yelena', 'Leband', '9 Lukken Court', 'Bogolyubovo', '9762652909'),
	(590, 'Ailyn', 'Adkins', '12602 Everett Alley', 'Iwade', '8421915787'),
	(591, 'Katlin', 'Tidder', '59034 Mcbride Park', 'Rixinhe', '8599275883'),
	(592, 'Ulrika', 'Finneran', '46 Duke Alley', 'Mriyunan', '5331789870'),
	(593, 'Kelci', 'Gramer', '855 Huxley Point', 'Pushkin', '1118484405'),
	(594, 'Nehemiah', 'Geaney', '7 Morning Way', 'Halimpu', '1887805414'),
	(595, 'Isador', 'Gyngell', '791 Sunfield Crossing', 'Orvalho', '9246381736'),
	(596, 'Graehme', 'Boriston', '7997 Manitowish Drive', 'Meitang', '3802856297'),
	(597, 'Ignatius', 'Kibard', '18447 Charing Cross Road', 'Tyszowce', '9358961452'),
	(598, 'Lorita', 'Humpherston', '5 Shelley Crossing', 'Melchor de Mencos', '7984771741'),
	(599, 'Bartholomeo', 'Elderbrant', '2 Melody Way', 'Nyangao', '6893442096'),
	(600, 'Tildie', 'Seager', '815 Little Fleur Circle', 'Cibugel', '2711378140'),
	(601, 'Alfy', 'Coster', '78420 Fulton Junction', 'Ognevka', '9329719001'),
	(602, 'Betteanne', 'Snar', '7 Susan Point', 'Itabaianinha', '8682401030'),
	(603, 'Suzette', 'Jepp', '7 Pierstorff Court', 'Oued Zem', '4552727767'),
	(604, 'Nicola', 'Slark', '2701 Elgar Place', 'Wuchagou', '1165860688'),
	(605, 'Bobbee', 'Nettleship', '79265 Pine View Crossing', 'Banjeru', '4757496113'),
	(606, 'Babs', 'Briance', '9774 Susan Road', 'Mengenkrajan', '4493804497'),
	(607, 'Adara', 'Colton', '87649 Bellgrove Pass', 'San Vicente', '6937927712'),
	(608, 'Christan', 'Gertray', '5697 Welch Plaza', 'Tân Hiệp', '4791969930'),
	(609, 'Courtnay', 'Grix', '11597 Rieder Crossing', 'Thị Trấn Hát Lót', '7105996523'),
	(610, 'Austen', 'Tweedlie', '353 1st Parkway', 'Washington', '2028670378'),
	(611, 'Ondrea', 'Ettery', '5641 Lukken Terrace', 'Media Luna', '5843774194'),
	(612, 'Olympie', 'Roath', '406 Packers Pass', 'Shuangwang', '9766491004'),
	(613, 'Benedicta', 'Shambroke', '72 Valley Edge Center', 'Fenglu', '4962990022'),
	(614, 'Archy', 'Tod', '05 Holy Cross Crossing', 'Pagsañgahan', '8153390349'),
	(615, 'Burg', 'Paulou', '602 Shopko Point', 'Bílina Kyselka', '1155446579'),
	(616, 'Coop', 'Tebbett', '59 Lukken Avenue', 'Jarash', '3444362380'),
	(617, 'Waite', 'Lomas', '6899 Bluestem Place', 'Pianling', '7002597190'),
	(618, 'Martie', 'Dufty', '82426 Bashford Road', 'Potosí', '7618516990'),
	(619, 'Herminia', 'Tollerfield', '20101 Ridgeview Way', 'Hepang', '3591081135'),
	(620, 'Darelle', 'Jordanson', '642 School Point', 'Nueva Manoa', '7049583264'),
	(621, 'Bobbee', 'Dargan', '1 Susan Center', 'Sapataria', '5363998286'),
	(622, 'Courtnay', 'Jozwicki', '7306 Lillian Alley', 'Ferreiros', '5881634184'),
	(623, 'Antons', 'Orford', '734 Longview Park', 'Sukamulya', '3202197588'),
	(624, 'Austine', 'Merfin', '9106 Goodland Junction', 'Toronto', '7266246197'),
	(625, 'Blair', 'Downey', '23395 Kropf Plaza', 'Riit', '3939668552'),
	(626, 'Mendel', 'Sorrill', '86 Calypso Point', 'San Juan del Surutú', '2826772488'),
	(627, 'Dorelia', 'O\'Garmen', '2 Nova Park', 'Kimakamak', '5938425780'),
	(628, 'Wallace', 'Eymer', '7 Thompson Drive', 'Chaviña', '9531718944'),
	(629, 'Claudelle', 'Dooly', '8952 Sachtjen Park', 'Miedzichowo', '2071103651'),
	(630, 'Monroe', 'Crottagh', '3 Schurz Place', 'Liushikou', '8601284976'),
	(631, 'Sande', 'Duncan', '41373 Anniversary Plaza', 'Limoeiro', '9798727806'),
	(632, 'Rogerio', 'Burnall', '27 Manitowish Hill', 'Kristianstad', '2506374975'),
	(633, 'Elfrida', 'Lemerie', '53751 Stephen Way', 'San Antonio', '2103526611'),
	(634, 'Cesar', 'Pestor', '008 Artisan Trail', 'Zhemtala', '6127798742'),
	(635, 'Cristabel', 'Van der Hoven', '95 Kingsford Lane', 'Huangshi', '8537304711'),
	(636, 'Craggie', 'Shears', '50 Dixon Court', 'Darungan', '9964911566'),
	(637, 'Alick', 'Zouch', '3 Calypso Center', 'Kebonkaret', '1341185223'),
	(638, 'Lindie', 'Paule', '6403 Jenna Terrace', 'Port Maria', '4498370767'),
	(639, 'Roderick', 'McArtan', '00 Packers Crossing', 'Panggungasri', '3331884890'),
	(640, 'Morie', 'Ghiraldi', '56 Stone Corner Center', 'Lucan', '3353244687'),
	(641, 'Kordula', 'Girsch', '85 Schlimgen Parkway', 'Taojiahe', '8791734654'),
	(642, 'Edin', 'Gethyn', '05 Corry Parkway', 'Lavaur', '5638482661'),
	(643, 'Adena', 'Piggen', '74099 Mayer Street', 'Shuangmiaojie', '1075262436'),
	(644, 'Stacia', 'Mulhall', '41520 Moose Alley', 'Burayevo', '6496408378'),
	(645, 'Shaina', 'Gallehawk', '622 Dakota Court', 'Dazhipo', '8927377148'),
	(646, 'Roxanne', 'Longmaid', '2 Kipling Center', 'Quinua', '1468862668'),
	(647, 'Sibyl', 'Baumert', '2 Maple Street', 'Saguing', '3814304320'),
	(648, 'Friedrick', 'Humber', '52 Kenwood Crossing', 'Dortmund', '6976832944'),
	(649, 'Rey', 'Tylor', '11 Memorial Place', 'Ibirataia', '1293989750'),
	(650, 'Allys', 'Erbain', '7325 Memorial Court', 'Dengtang', '1176734723'),
	(651, 'Netty', 'Philips', '487 Kinsman Terrace', 'Jabłonka', '7918576513'),
	(652, 'Avril', 'Aiken', '32251 Ilene Trail', 'Amiens', '5662935280'),
	(653, 'Chantal', 'Flahive', '5 Morningstar Alley', 'Candelaria', '8877124880'),
	(654, 'Lebbie', 'Trase', '85 Colorado Terrace', 'Puerto Princesa', '3527015325'),
	(655, 'Marleen', 'Pether', '958 Bultman Way', 'Rano', '5546097364'),
	(656, 'Kary', 'Limbourne', '4 Iowa Parkway', 'Kalilangan', '9652149061'),
	(657, 'Tully', 'Very', '7 Harbort Parkway', 'Serravalle', '2127668834'),
	(658, 'Harmony', 'Hockell', '228 Menomonie Drive', 'Shangjiangxu', '3736341957'),
	(659, 'Kathi', 'De Maria', '9 Lukken Avenue', 'Formosa', '7427174272'),
	(660, 'Patin', 'Cino', '5226 Fulton Junction', 'Banjar Baleagung', '9842753242'),
	(661, 'Ivy', 'Sarsfield', '0038 Mifflin Place', 'Birmingham', '3682619448'),
	(662, 'Killian', 'Cradduck', '10 Ronald Regan Terrace', 'Heliconia', '8734975002'),
	(663, 'Frieda', 'Rayner', '0886 Grim Court', 'Ljungsbro', '3309470163'),
	(664, 'Arleen', 'Bearsmore', '7021 Oxford Drive', 'Al Mashāf', '7683790413'),
	(665, 'Daniella', 'Peattie', '05717 Buell Park', 'La Tigra', '7045373534'),
	(666, 'Kristina', 'Lamonby', '2 Northwestern Circle', 'Lijiapu', '2023715206'),
	(667, 'Jordanna', 'Shoebotham', '3 Pierstorff Alley', 'Ambarita', '1849775366'),
	(668, 'Dreddy', 'Ramsbottom', '067 John Wall Junction', 'Al Ḩusayn', '5058278371'),
	(669, 'Nolly', 'Stango', '79 Homewood Trail', 'Boliden', '2579028258'),
	(670, 'Xerxes', 'Pevie', '54 Rieder Alley', 'Anjie', '4468769205'),
	(671, 'Nolie', 'Gemlbett', '40996 Prentice Court', 'Talawakele', '8455133163'),
	(672, 'Early', 'Bertrand', '648 Mcguire Lane', 'Lagunillas', '9946128797'),
	(673, 'Urbanus', 'Garland', '1332 Hagan Hill', 'Gravelbourg', '7359615371'),
	(674, 'Carlina', 'Exeter', '6 Jenifer Street', 'Waihi', '4175521824'),
	(675, 'Audi', 'Grumell', '3237 Continental Terrace', 'Mariano Moreno', '1577869531'),
	(676, 'Edi', 'Vain', '8520 Kennedy Center', 'Busia', '1298322355'),
	(677, 'Mata', 'Chattelaine', '5 South Terrace', 'Paço de Arcos', '9365409804'),
	(678, 'Magnum', 'Gromley', '97 Walton Court', 'Shizunai-furukawachō', '4603988697'),
	(679, 'Eloise', 'Fever', '6124 Bellgrove Point', 'Jatiprahu', '9234870823'),
	(680, 'Ban', 'Kendle', '7691 Dexter Lane', 'Steinfort', '8873899485'),
	(681, 'Merrily', 'Windless', '190 Dwight Place', 'Daultāla', '1579375189'),
	(682, 'Jocelyne', 'Arthars', '2081 Anderson Lane', 'Pampas Chico', '4416096277'),
	(683, 'Blinni', 'Martensen', '9674 Badeau Place', 'Bilyayivka', '2276049901'),
	(684, 'Ardella', 'Clausen', '2357 Orin Lane', 'San Jose', '4088860512'),
	(685, 'Jeffrey', 'Leheude', '1528 Kipling Hill', 'Novyy Oskol', '6906861635'),
	(686, 'Shaughn', 'Alves', '81 John Wall Hill', 'Blawi', '1781449755'),
	(687, 'Talbot', 'Coulson', '3884 Kennedy Road', 'Pop Shahri', '8473157989'),
	(688, 'Andrey', 'Treadway', '30 1st Plaza', 'Ucuncha', '8741014020'),
	(689, 'Shelby', 'Garrat', '25 Sherman Point', 'Medvedevo', '9235185488'),
	(690, 'Birk', 'Durnford', '342 Mosinee Street', 'Kumamoto', '9753010181'),
	(691, 'Kippy', 'Judron', '8 Shelley Road', 'Coté-Lai', '6058828711'),
	(692, 'Ediva', 'Antill', '4752 Canary Lane', 'Funabashi', '3615839451'),
	(693, 'Con', 'Lannin', '26 Walton Alley', 'Bulahblangaro', '2852229013'),
	(694, 'Esmeralda', 'Pitcaithley', '557 Delaware Terrace', 'Culianin', '1574709066'),
	(695, 'Minda', 'Biagini', '5 Express Way', 'Kimito', '1782805755'),
	(696, 'Cyrus', 'Evison', '4791 Kipling Trail', 'Baños', '9148702994'),
	(697, 'Marven', 'Pennington', '2 Ilene Circle', 'Hushan', '3538642668'),
	(698, 'Gareth', 'Davidsen', '8115 Meadow Vale Court', 'Dong’an', '5374122187'),
	(699, 'Rolf', 'O\' Markey', '636 Hanover Circle', 'Kabir', '1979613726'),
	(700, 'Lefty', 'Bouette', '11984 Eagan Point', 'Episkopí', '1509205090'),
	(701, 'Jo ann', 'Grief', '0 Shasta Plaza', 'Francisco Villa', '7244739720'),
	(702, 'Corenda', 'Tustin', '97262 Butterfield Parkway', 'Funtua', '6444334008'),
	(703, 'Brenda', 'Hynes', '1 Lindbergh Terrace', 'Panimbang', '2463228809'),
	(704, 'Gilli', 'Galiero', '130 Paget Pass', 'Vasilikón', '1432031275'),
	(705, 'Howard', 'Challoner', '74073 Little Fleur Crossing', 'Kario', '2889695354'),
	(706, 'Meta', 'Arblaster', '3 Hermina Crossing', 'Yanmen', '4761278941'),
	(707, 'Marlena', 'Aldcorn', '08586 Columbus Lane', 'Ibicaraí', '3301704467'),
	(708, 'Nate', 'Hessentaler', '319 Katie Center', 'Fayzabad', '5641072118'),
	(709, 'Gerty', 'Panter', '1447 Scoville Lane', 'Shuikou', '1384926565'),
	(710, 'Kleon', 'Auston', '0 Surrey Way', 'Altan Emel', '2183067433'),
	(711, 'Felecia', 'Camble', '066 Pearson Road', 'Lin’an', '7827132737'),
	(712, 'Chelsey', 'Whiskerd', '946 Jay Parkway', 'Igurusi', '1059919043'),
	(713, 'Verina', 'Billows', '45042 Holy Cross Center', 'Nggalak', '5358493663'),
	(714, 'Randy', 'Vedenyapin', '24406 Dwight Road', 'Itaqui', '7438468233'),
	(715, 'Iolanthe', 'Tomovic', '8529 Chive Junction', 'Yelets', '8773322597'),
	(716, 'Matthias', 'Ludmann', '2453 Surrey Hill', 'Dhaka', '7335300747'),
	(717, 'Alta', 'Testin', '3 Novick Avenue', 'El Carmen', '8254784862'),
	(718, 'Tessie', 'Derrell', '57 Pankratz Junction', 'Angkup', '4243614383'),
	(719, 'Rhody', 'Royce', '1 Myrtle Way', 'Maisons-Laffitte', '2218610985'),
	(720, 'Atlanta', 'Rossi', '29121 Talisman Way', 'Bagumbayan', '8689647776'),
	(721, 'Tory', 'Brayfield', '70 Artisan Crossing', 'Panaytayon', '3034083488'),
	(722, 'Welbie', 'Wattingham', '943 Lakewood Avenue', 'Mandiana', '5479205632'),
	(723, 'Danice', 'Ludlem', '2134 American Ash Pass', 'Zubtsov', '8714975634'),
	(724, 'Carolan', 'Spickett', '58465 Morningstar Way', 'Cachada', '6617904576'),
	(725, 'Reidar', 'Surby', '3 Jenna Trail', 'Montecillo', '6416658970'),
	(726, 'Benoite', 'Callinan', '7 Lukken Court', 'Bagé', '7598136660'),
	(727, 'Myrtia', 'Seary', '9002 Village Green Hill', 'Lutou', '2971509750'),
	(728, 'Faydra', 'Collaton', '0265 Aberg Alley', 'Mazongshan', '5367226742'),
	(729, 'Stacie', 'Chitson', '552 Comanche Hill', 'Albuquerque', '5053845335'),
	(730, 'Salaidh', 'Melanaphy', '9 Fairview Crossing', 'Logon', '2086786262'),
	(731, 'Talya', 'Pesselt', '92016 Oneill Junction', 'Ustrzyki Dolne', '1418447772'),
	(732, 'Guendolen', 'Holtham', '33 Pankratz Road', 'Hongch’ŏn', '2616438646'),
	(733, 'Tomkin', 'Piser', '38688 Mayfield Pass', 'Sabunçu', '8506807084'),
	(734, 'Celestina', 'Eyckel', '3 Anderson Drive', 'Trnovska Vas', '8933808684'),
	(735, 'Hanson', 'Draisey', '7494 Granby Street', 'Nagrog', '9725843310'),
	(736, 'Xylina', 'Phillpot', '2 Northwestern Alley', 'Gangmei', '7564085471'),
	(737, 'Alexandros', 'McCoveney', '01139 Summerview Circle', 'Nynäshamn', '6494736522'),
	(738, 'Gerianna', 'Saffell', '2 Parkside Court', 'Niš', '8698044336'),
	(739, 'Jemmy', 'de Clerk', '65 Bashford Terrace', 'Borlänge', '6823904446'),
	(740, 'Belle', 'Derington', '3 Summit Junction', 'Ipala', '3891844536'),
	(741, 'Kristyn', 'Bendtsen', '2 Oneill Point', 'Pio', '7043783967'),
	(742, 'Rosa', 'Kennefick', '7 7th Lane', 'Sundsvall', '3022446950'),
	(743, 'Gwenette', 'Dobbing', '94 Ramsey Road', 'Thị Trấn Na Hang', '2761444515'),
	(744, 'Devin', 'Twitchett', '07 Del Sol Plaza', 'Novokubansk', '7751253308'),
	(745, 'Helene', 'Belhome', '9365 Petterle Park', 'Kimanuit', '2483920553'),
	(746, 'Isa', 'Padrick', '9 Karstens Junction', 'Ježdovec', '2672086045'),
	(747, 'Ansley', 'Fairburn', '22 Delaware Center', 'Rancamaya', '6097115118'),
	(748, 'Kurt', 'Kewley', '38508 Bluestem Pass', 'Lusambo', '9143443575'),
	(749, 'Micheline', 'Goodman', '8 Hallows Park', 'Zaliznychne', '9539181014'),
	(750, 'Samantha', 'Clemett', '5 Florence Drive', 'Lau', '7625779724'),
	(751, 'Fianna', 'Tregidga', '0341 Kinsman Lane', 'Toshbuloq', '8844760957'),
	(752, 'Dorisa', 'McRamsey', '4908 Maple Lane', 'Hai’an', '4274834327'),
	(753, 'Heath', 'Dohr', '0 Fuller Center', 'Podosinovets', '7342252489'),
	(754, 'Paige', 'Belfit', '79607 Arkansas Street', 'Sann', '2819567451'),
	(755, 'Rosemonde', 'Carlan', '5607 Annamark Park', 'Daxi', '3974131588'),
	(756, 'Kitti', 'Wyche', '2701 Merrick Trail', 'Villa Dolores', '4116087978'),
	(757, 'Leroi', 'Mouser', '480 Walton Park', 'Malesína', '2904307645'),
	(758, 'Joane', 'Wagstaffe', '10 Prairieview Drive', 'Gaotaizi', '3506870033'),
	(759, 'Betta', 'Dunkerk', '1 Sheridan Pass', 'Shangjie', '5419613060'),
	(760, 'Yul', 'Ackerley', '236 Golf View Circle', 'Cañas', '4021168903'),
	(761, 'Kissie', 'Rendle', '99539 Scott Park', 'Kama', '2288512101'),
	(762, 'Cele', 'Barneveld', '94 Bowman Court', 'Palenggihan', '6406992790'),
	(763, 'Lydia', 'Kilgallon', '3 Kipling Point', 'Ponte', '6957744736'),
	(764, 'Helene', 'Ornells', '425 Mayer Place', 'Karangmulya', '1235095042'),
	(765, 'Deni', 'Bamblett', '1584 Carberry Terrace', 'Sepahua', '5375114156'),
	(766, 'Korrie', 'Speek', '674 Sherman Center', 'Greensboro', '3369490107'),
	(767, 'Sharline', 'Attlee', '806 Badeau Center', 'Kubangkondanglapangan', '4108938481'),
	(768, 'Jessie', 'Hanratty', '36 Huxley Parkway', 'Niños Heroes', '1043675831'),
	(769, 'Lucienne', 'Swyndley', '045 Fulton Center', 'Niny', '8924060412'),
	(770, 'Scotty', 'Seely', '15777 Delladonna Center', 'Sukasari', '5447038070'),
	(771, 'Tristam', 'Dauby', '9 North Park', 'Kuršėnai', '5927859739'),
	(772, 'Akim', 'McCoveney', '9 Tennessee Trail', 'Sukhobezvodnoye', '1246834708'),
	(773, 'Hyacinthie', 'Pyzer', '1069 Fulton Court', 'Shencun', '4806208542'),
	(774, 'Marlene', 'Dewhurst', '7918 Holmberg Parkway', 'Watuka', '6206724794'),
	(775, 'Deb', 'Suddards', '436 Magdeline Alley', 'Paterson', '2019092729'),
	(776, 'Maegan', 'Twopenny', '212 Jana Place', 'Xiaochengzi', '5433815460'),
	(777, 'Chip', 'Ragless', '97491 Melby Place', 'Louisville', '5025642540'),
	(778, 'Adelaida', 'Valenta', '8082 Burning Wood Avenue', 'Zhongfeng', '9431074043'),
	(779, 'Caldwell', 'Nardi', '67 Coleman Court', 'Huliao', '4008512105'),
	(780, 'Fawne', 'Cottrill', '43 Morningstar Park', 'Čerčany', '4049423286'),
	(781, 'Martie', 'Scripture', '4184 Judy Place', 'Huatanshan', '3637158849'),
	(782, 'Rodie', 'Stoeck', '31616 Lerdahl Way', 'Laranganglintong', '6329054315'),
	(783, 'Marcela', 'Sorbie', '94 Forest Dale Parkway', 'Sumberjati', '8522506652'),
	(784, 'Emmery', 'Deniso', '141 John Wall Drive', 'Makui', '8772570204'),
	(785, 'Clemmie', 'Cooley', '19 Vermont Terrace', 'Tamberías', '8838138478'),
	(786, 'Blanca', 'Fairman', '30 Fordem Crossing', 'Koesan', '2681772690'),
	(787, 'Andria', 'Witham', '8771 Daystar Circle', 'Shushenskoye', '7755983264'),
	(788, 'Jermayne', 'Prydie', '49851 Graedel Road', 'Barueri', '3686798849'),
	(789, 'Clemence', 'Andrzejczak', '64 Hoepker Circle', 'Ahar', '1218899201'),
	(790, 'Valerie', 'Shirrell', '984 Sachtjen Parkway', 'Amorim', '4189649712'),
	(791, 'Beauregard', 'Okker', '9290 Brown Park', 'Kawanoechō', '4999207273'),
	(792, 'Frayda', 'Edgeler', '2 Starling Street', 'Stęszew', '5068300817'),
	(793, 'Seth', 'Sadler', '39550 Banding Pass', 'Pryyutivka', '9006964911'),
	(794, 'Yolane', 'McGrane', '141 Briar Crest Way', 'Omiš', '6311275967'),
	(795, 'Dov', 'Garlee', '53 Tennyson Pass', 'Mērsrags', '6116143071'),
	(796, 'Heywood', 'Sheirlaw', '30419 Crest Line Parkway', 'Ganping', '1501164219'),
	(797, 'Dari', 'Chown', '30348 Claremont Terrace', 'Pataruman', '7999787821'),
	(798, 'Malina', 'Brownlee', '7400 Knutson Lane', 'Pajé', '5968764839'),
	(799, 'Barbie', 'Lambertini', '06870 Vermont Avenue', 'Zhaocun', '5081040794'),
	(800, 'Dennie', 'Land', '9 Weeping Birch Court', 'Dananshan', '3791266742'),
	(801, 'Tobie', 'Congram', '99008 Annamark Trail', 'Pato-o', '5952751724'),
	(802, 'Brody', 'Truss', '96 Ridgeway Hill', 'Liangnong', '2761650484'),
	(803, 'Henriette', 'Sedwick', '628 Judy Road', 'Farrokh Shahr', '4205338604'),
	(804, 'Del', 'Alcock', '68 Crest Line Road', 'Takaka', '2667829170'),
	(805, 'Wernher', 'Gumary', '7 Del Sol Drive', 'Évry', '5141600524'),
	(806, 'Steffen', 'Churchouse', '24 Independence Terrace', 'Bajiazi', '5426004836'),
	(807, 'Granny', 'Sturrock', '33849 Merry Plaza', 'Moulay Bouchta', '4949612319'),
	(808, 'Floria', 'Champney', '64 Eagan Street', 'Täby', '3246880466'),
	(809, 'Ellene', 'Lester', '49647 Manitowish Drive', 'Draginje', '2369893652'),
	(810, 'Udale', 'Guye', '65962 Knutson Junction', 'Xinshi', '2412623037'),
	(811, 'Tybi', 'Guinn', '174 Maple Court', 'Míthymna', '4779173026'),
	(812, 'Anetta', 'Astupenas', '6 Sunnyside Drive', 'Adamantina', '3603749648'),
	(813, 'Leola', 'Troni', '69836 Jackson Point', 'Gromadka', '6029205203'),
	(814, 'Gus', 'Strickett', '7810 Leroy Hill', 'København', '4637528424'),
	(815, 'Paton', 'Tenby', '308 Kenwood Plaza', 'Berehomet', '8712283497'),
	(816, 'Rolando', 'Byne', '9602 Helena Center', 'Vetluzhskiy', '1575466723'),
	(817, 'Hieronymus', 'McIsaac', '8490 Clarendon Hill', 'Jinxiang', '7554834777'),
	(818, 'Frans', 'Cogzell', '4169 Nevada Plaza', 'Montenegro', '5077312279'),
	(819, 'Laurie', 'Ancell', '935 7th Road', 'Krajan Kerjo', '7288654631'),
	(820, 'Leon', 'Eslemont', '017 Sachtjen Drive', 'Shatian', '7294236871'),
	(821, 'Chiarra', 'Abramowitch', '259 Troy Plaza', 'La Reforma', '6456703375'),
	(822, 'Morey', 'O\'Shaughnessy', '52 Acker Place', 'Kubangsari', '8352235652'),
	(823, 'Tybi', 'Bickers', '3 Mayer Circle', 'Žeravice', '9547315000'),
	(824, 'Franzen', 'Beecroft', '56354 Hintze Point', 'Staraya Derevnya', '7293912768'),
	(825, 'Sela', 'Glasscoo', '368 Nelson Lane', 'Hekou', '7297800091'),
	(826, 'Benoit', 'Choldcroft', '6201 Lawn Junction', 'Nao', '5763296211'),
	(827, 'Andris', 'Orwell', '4 Sloan Pass', 'Bahay Pare', '2501894553'),
	(828, 'Hyacintha', 'Schouthede', '4787 Bashford Lane', 'Pancur', '1665447784'),
	(829, 'Rosabella', 'Halsworth', '11868 Dakota Alley', 'Lakkíon', '7063515840'),
	(830, 'Wynne', 'Calven', '016 Donald Street', 'Yaozhuang', '9729379655'),
	(831, 'Fanny', 'Kuhnt', '30360 Lakewood Gardens Alley', 'Kurów', '6884468916'),
	(832, 'Robinet', 'Keerl', '1 Fuller Road', 'Khartsyz’k', '2436995587'),
	(833, 'Samara', 'Bohl', '7 Golf View Way', 'Krajan Tegalombo', '2898213021'),
	(834, 'Tildi', 'Mattiacci', '9443 Mariners Cove Drive', 'Jambulang', '2312052107'),
	(835, 'Matti', 'Flann', '3 Monument Court', 'Nyimba', '1684095492'),
	(836, 'Buffy', 'Guillot', '8543 Farragut Park', 'Kokemäki', '3032509129'),
	(837, 'Dani', 'Beales', '434 Schlimgen Terrace', 'Lengji', '9002825723'),
	(838, 'Grethel', 'Godman', '17 Stephen Parkway', 'Zhaoxiang', '5521906288'),
	(839, 'Mercie', 'Baudains', '59 Hoepker Road', 'Huangshi', '3979955541'),
	(840, 'Leontine', 'Cargenven', '2 Farwell Hill', 'Thouars', '5015513005'),
	(841, 'Martha', 'Lamshead', '77 Atwood Plaza', 'Stratford', '6321274224'),
	(842, 'Clem', 'Canham', '458 Helena Hill', 'Gaigeturi', '2071433297'),
	(843, 'Juana', 'Thibodeaux', '4 Glacier Hill Alley', 'Krajan Kidul Rojopolo', '5661811600'),
	(844, 'Stevy', 'Derill', '378 Merry Drive', 'Valky', '7447138928'),
	(845, 'Eric', 'Skehan', '43098 Forest Dale Place', 'Ḩajjah', '7548698457'),
	(846, 'Mikel', 'Harriott', '2253 Lindbergh Lane', 'Pulau Tiga', '8846456704'),
	(847, 'Drew', 'Connock', '53956 Dahle Street', 'Angoulême', '4102854161'),
	(848, 'Jeffrey', 'Westerman', '08 Lakewood Court', 'Gongnong', '2047662455'),
	(849, 'Evangeline', 'Redolfi', '3145 Sundown Plaza', 'Göteborg', '9622037756'),
	(850, 'Adelaide', 'Bewshea', '310 Ruskin Center', 'Rybí', '9332619512'),
	(851, 'Jess', 'Shavel', '77136 Golden Leaf Crossing', 'Kotablolong', '2473029599'),
	(852, 'Colleen', 'Doleman', '0 Twin Pines Park', 'Chenjiahe', '7761593609'),
	(853, 'Ingar', 'Marzelo', '4195 Quincy Crossing', 'Na Klang', '6306470105'),
	(854, 'Mauricio', 'Klampk', '71910 Dorton Avenue', 'Barra de São Francisco', '3349619625'),
	(855, 'Midge', 'Ringwood', '7137 Texas Point', 'Fairbanks', '9071038404'),
	(856, 'Jonie', 'Stothart', '39 Warrior Street', 'Jieduo', '2316795020'),
	(857, 'Gratiana', 'Adamini', '0659 Ridgeview Way', 'Lakinsk', '6135810461'),
	(858, 'Fanny', 'Francino', '3 Barby Street', 'Ocaña', '5953892298'),
	(859, 'Brier', 'Lowndes', '835 Red Cloud Pass', 'Chocz', '3575543684'),
	(860, 'Linus', 'Blasing', '04943 Utah Street', 'Palestina de los Altos', '3037289863'),
	(861, 'Madelyn', 'Faiers', '61982 Tennyson Plaza', 'Huixing', '5217356651'),
	(862, 'Malinda', 'Coveny', '08 Green Ridge Plaza', 'Acomayo', '4944684385'),
	(863, 'Stacie', 'Baroch', '2538 Buell Avenue', 'Altay', '6413998405'),
	(864, 'Lydie', 'Tunnah', '56234 Bellgrove Parkway', 'Al Jabīn', '9501089885'),
	(865, 'Carol-jean', 'Aylward', '42948 Sunfield Road', 'Chengyue', '7889398629'),
	(866, 'Josi', 'Yoxall', '7605 Red Cloud Terrace', 'As Sayyānī', '6158935590'),
	(867, 'Ambros', 'Harewood', '3 Harper Place', 'Odeleite', '3945308252'),
	(868, 'Frankie', 'Keat', '02565 Bartelt Place', 'Orong', '6528393322'),
	(869, 'Lydie', 'Ishaki', '47646 Lake View Place', 'Uglovoye', '6577299390'),
	(870, 'Devora', 'Pigeram', '8865 Sugar Center', 'Vũng Tàu', '6966402464'),
	(871, 'Harley', 'Walicki', '47888 American Avenue', 'Changping', '4621071684'),
	(872, 'Thorin', 'Cockitt', '15228 Maywood Parkway', 'Norman Wells', '7239813945'),
	(873, 'Fidelia', 'Pendall', '17826 Alpine Lane', 'Olsztyn', '9911328088'),
	(874, 'Daffi', 'McConnachie', '622 Hollow Ridge Parkway', 'Gaio', '1916487317'),
	(875, 'Hanny', 'Bohike', '928 Ridgeway Pass', 'Fotolívos', '5401017888'),
	(876, 'Bridget', 'Keating', '5943 2nd Terrace', 'Aubenas', '5461301039'),
	(877, 'Heddie', 'Mulliner', '711 Manley Avenue', 'Jarry', '6421409857'),
	(878, 'Bellanca', 'Crose', '42973 Fordem Park', 'Matsubase', '3409909613'),
	(879, 'Dante', 'Butland', '546 Logan Alley', 'Songmuping', '6193846129'),
	(880, 'Clerissa', 'Hullett', '033 Daystar Circle', 'Pejë', '1889583468'),
	(881, 'Iain', 'O\'Brallaghan', '87 Texas Terrace', 'Porvoo', '6654683161'),
	(882, 'Alwin', 'Creane', '4 Hazelcrest Lane', 'El Carmen', '6592001697'),
	(883, 'Yovonnda', 'Worsnup', '914 Fremont Junction', 'Lions Bay', '6102332491'),
	(884, 'Jarib', 'Seif', '466 Clyde Gallagher Hill', 'Krajan', '7761253699'),
	(885, 'Meriel', 'Berndtsson', '119 Hovde Way', 'Viamão', '9531952175'),
	(886, 'Cassey', 'Ragge', '5151 Gulseth Plaza', 'Qingshui', '1681691144'),
	(887, 'Harland', 'Harmon', '122 Arrowood Terrace', 'Hongxi', '3824235776'),
	(888, 'Welch', 'Keoghan', '81056 Dennis Street', 'Paokmotong Utara', '9024411894'),
	(889, 'Andie', 'McElvine', '144 Alpine Place', 'Utrecht', '7969919770'),
	(890, 'Delmor', 'Quadri', '14925 Badeau Circle', 'Oslo', '3498805614'),
	(891, 'Rubina', 'Winton', '37635 Barnett Plaza', 'Novoukrayinka', '1865157083'),
	(892, 'Itch', 'Gilhoolie', '001 Russell Pass', 'Xiaohenglong', '6942795833'),
	(893, 'Ginni', 'Hapke', '1712 Lake View Road', 'Paruro', '6081924869'),
	(894, 'Gerrie', 'Britcher', '6 Commercial Avenue', 'Sindangraja', '1155348922'),
	(895, 'Demetrius', 'Chastand', '0 Karstens Circle', 'Kisumu', '4059808437'),
	(896, 'Selle', 'Chrismas', '044 Montana Road', 'Padangbai', '6539889969'),
	(897, 'Shep', 'Frye', '2913 Prairie Rose Avenue', 'San Roque', '2393127894'),
	(898, 'Beckie', 'Cawse', '235 Kennedy Court', 'Xingdian', '6069721850'),
	(899, 'Jonah', 'Van Hault', '84 Lunder Point', 'Kitapak', '4934362424'),
	(900, 'Katey', 'Roskell', '2393 Eagan Circle', 'Lillers', '8833205151'),
	(901, 'Erek', 'Carlson', '52 Parkside Junction', 'Ervedosa do Douro', '7234752787'),
	(902, 'Hieronymus', 'Treweela', '2 Nancy Place', 'Maglaj', '9301957143'),
	(903, 'Agatha', 'Lifsey', '0155 Bultman Crossing', 'El Paraiso', '7159630734'),
	(904, 'Rudiger', 'Newberry', '6301 Scoville Center', 'Tiehe', '1788873433'),
	(905, 'Hilton', 'Youthead', '684 Schlimgen Avenue', 'Sujiatun', '5239566545'),
	(906, 'Pat', 'Tortoise', '0 Fairview Circle', 'Berezovo', '6265044045'),
	(907, 'Edi', 'Lemmertz', '8 Troy Lane', 'Fandriana', '9808658701'),
	(908, 'Price', 'Prozillo', '3728 Columbus Park', 'Krajan Sidodadi', '3399704414'),
	(909, 'Yalonda', 'Mattock', '4524 Lotheville Circle', 'Swords', '1739168683'),
	(910, 'Galen', 'Purchon', '8 Hanson Plaza', 'Xinhua', '7367777825'),
	(911, 'Robena', 'Lindsell', '30 Norway Maple Plaza', 'Shifan', '4623228272'),
	(912, 'Brody', 'Sneyd', '7 Warbler Avenue', 'Beishan', '3756323337'),
	(913, 'Helena', 'Furphy', '2561 Buell Plaza', 'Arjasari', '7286147795'),
	(914, 'Johnna', 'Karpf', '76148 Jenna Place', 'Saint-Quentin-en-Yvelines', '7364582886'),
	(915, 'Blisse', 'McNess', '09743 6th Alley', 'Mahalapye', '2392780479'),
	(916, 'Caldwell', 'Smoth', '176 Columbus Lane', 'Paris La Défense', '5548260126'),
	(917, 'Kimmi', 'Dupoy', '41939 Ludington Drive', 'Žatec', '2844352223'),
	(918, 'Shanie', 'Hasling', '76 Lawn Place', 'Capela', '4416778763'),
	(919, 'Marcille', 'Dulake', '57080 Meadow Valley Street', 'Sangtian', '1337948606'),
	(920, 'Liane', 'Kittredge', '7 Londonderry Trail', 'Helsingborg', '7427321671'),
	(921, 'Adolphe', 'Rawstron', '803 Farwell Trail', 'Delong', '8763337273'),
	(922, 'Jameson', 'Verrall', '0948 Farmco Point', 'Talashkino', '7878561379'),
	(923, 'Josey', 'Babb', '1063 Golf Course Alley', 'Silodakon', '9954475182'),
	(924, 'Laraine', 'Arnau', '528 Blue Bill Park Park', 'Cigembong', '1477862959'),
	(925, 'Hasty', 'Oldman', '63315 Kedzie Place', 'General Santos', '2886395878'),
	(926, 'Garner', 'Stubbe', '249 Grayhawk Road', 'Huoshaoping', '7494746094'),
	(927, 'Cosetta', 'Loble', '76094 1st Center', 'Jiulongshan', '5151156259'),
	(928, 'Arleyne', 'Jirusek', '4 Rutledge Road', 'Lindome', '7218515288'),
	(929, 'Haskell', 'Borley', '67 Sunbrook Alley', 'Maao', '6331806642'),
	(930, 'Orland', 'Glyde', '2 Spenser Drive', 'Santa María Chiquimula', '6228308453'),
	(931, 'Web', 'Lecointe', '18998 Mccormick Parkway', 'Tanda', '5535041680'),
	(932, 'Sashenka', 'Sweett', '9903 Forster Alley', 'Kijang', '8164372083'),
	(933, 'Jenilee', 'Clapshaw', '833 Harbort Drive', 'Meilin', '8541997834'),
	(934, 'Henka', 'Gravenall', '39153 Vermont Road', 'Capalonga', '4977967756'),
	(935, 'Mei', 'Skerrett', '2 Montana Point', 'Nizhniye Achaluki', '3211048130'),
	(936, 'Josephine', 'Bountiff', '5 Fieldstone Avenue', 'Vermoim', '2434936341'),
	(937, 'Gordan', 'Cortes', '2480 Mayfield Street', 'La Libertad', '1712377446'),
	(938, 'Emlyn', 'Parkman', '903 Hauk Park', 'Beixiaoying', '2131292271'),
	(939, 'Ardith', 'De Vere', '09 Kropf Terrace', 'Saint-Herblain', '7814901417'),
	(940, 'Warden', 'Barsby', '01 Spohn Lane', 'Soho', '1153663385'),
	(941, 'Carmelle', 'Feben', '66648 Artisan Pass', 'Jinling', '5332017143'),
	(942, 'Morrie', 'Sapsford', '12 Superior Alley', 'Little Baguio', '7685745627'),
	(943, 'Jabez', 'Brecon', '05 Hanover Drive', 'Velyki Mezhyrichi', '7408807674'),
	(944, 'Lukas', 'Dy', '8 Leroy Lane', 'Cergy-Pontoise', '8201408131'),
	(945, 'Roby', 'Healings', '0 Mcguire Point', 'Henggouqiao', '4488106251'),
	(946, 'Virginia', 'Gostyke', '44643 Lotheville Drive', 'Szeged', '3346796806'),
	(947, 'Dannie', 'Monnelly', '088 Hansons Hill', 'San Andres', '3166827330'),
	(948, 'Sig', 'Blazhevich', '1092 Service Trail', 'Rancapanjang', '9684941101'),
	(949, 'Ame', 'Spalding', '7 Center Drive', 'Ringinrejo', '6603807873'),
	(950, 'Terri', 'Constant', '12 Florence Terrace', 'Berezovo', '2822466785'),
	(951, 'Marlene', 'Waulker', '801 Rutledge Place', 'Nguru', '4424958685'),
	(952, 'Brenden', 'Rider', '68 Express Road', 'Shaochang', '7273527220'),
	(953, 'Freemon', 'Genner', '5 Holmberg Road', 'Tonkino', '8467496152'),
	(954, 'William', 'Norree', '359 Haas Court', 'Simo', '6456149449'),
	(955, 'Nicko', 'Form', '96 Ludington Street', 'Ḩuraytān', '9472802031'),
	(956, 'Leanora', 'Baroch', '45 Colorado Circle', 'North Side', '6929548794'),
	(957, 'Mimi', 'Geockle', '6 Brickson Park Junction', 'Kokubunji', '8254838586'),
	(958, 'Corny', 'Heineking', '884 Sugar Trail', 'Lieksa', '3846536236'),
	(959, 'Kellie', 'Shillum', '6 Tennessee Alley', 'Barueri', '4283370339'),
	(960, 'Kally', 'Neenan', '95 American Center', 'Dingqiao', '7547971752'),
	(961, 'Bartholemy', 'Benoit', '40560 Florence Way', 'La Suiza', '1554954412'),
	(962, 'Tripp', 'Scarman', '6221 Lighthouse Bay Circle', 'Kumla', '7922230594'),
	(963, 'Ida', 'Gregore', '7 Bonner Center', 'Tanjungsari Barat', '6989413728'),
	(964, 'Kathrine', 'Sorey', '360 Larry Place', 'Senador Canedo', '2655163035'),
	(965, 'Jennica', 'Fallanche', '822 Dennis Court', 'Port Barton', '8857192072'),
	(966, 'Devina', 'O\'Feeny', '251 Basil Park', 'Xiumei', '4119110908'),
	(967, 'Channa', 'Hiner', '00182 Thompson Hill', 'Lac du Bonnet', '1987529815'),
	(968, 'Basile', 'Lamcken', '164 Main Way', 'Saramech', '9105943975'),
	(969, 'Gerik', 'Bosworth', '92436 Kenwood Junction', 'Huangguan', '3293493444'),
	(970, 'Annora', 'Joynson', '0 Transport Junction', 'Krasnokholmskiy', '9576126932'),
	(971, 'Judi', 'Labbati', '831 Dennis Terrace', 'Zhongxing', '9286119037'),
	(972, 'Royal', 'Bellas', '12 Debra Circle', 'Mananum', '1144850263'),
	(973, 'Bing', 'Hursey', '677 Kropf Drive', 'Zambujeira', '1027523767'),
	(974, 'Nicola', 'Girdler', '17 Miller Road', 'Reading', '4849448478'),
	(975, 'Ruy', 'Tallquist', '8 Marcy Terrace', 'Aliwal North', '1848390214'),
	(976, 'Annabela', 'Gallety', '78727 North Alley', 'Zgłobień', '3221293504'),
	(977, 'Burr', 'Felton', '0 Kropf Junction', 'Jāmpur', '9227795737'),
	(978, 'Tarrah', 'Baxstare', '6903 Moland Avenue', 'Yingmaili', '9184798120'),
	(979, 'Kelcy', 'Fickling', '5 Kenwood Lane', 'Shemursha', '5755126351'),
	(980, 'Domingo', 'Mattea', '84 Loeprich Circle', 'Gongchenqiao', '6117843454'),
	(981, 'Shandra', 'Spread', '7771 Basil Point', 'Galaz', '1871754634'),
	(982, 'Isaak', 'McAlister', '0152 Gina Alley', 'Arras', '2854383199'),
	(983, 'Giustino', 'Dalman', '24 Bellgrove Drive', 'Guangsheng', '5732328347'),
	(984, 'Ermina', 'Kilfeder', '731 Cardinal Plaza', 'San Calixto', '3664626830'),
	(985, 'Sammy', 'Work', '44 4th Way', 'San Miguel', '9281241323'),
	(986, 'Emmy', 'Hartmann', '48 Veith Park', 'Boskovice', '8327314895'),
	(987, 'Alvan', 'Legrice', '552 Loomis Hill', 'Windsor', '8221338222'),
	(988, 'Gail', 'Franzen', '18766 Manitowish Hill', 'Ellinikó', '2215608834'),
	(989, 'Eugene', 'Avrahamoff', '946 Division Center', 'Azaruja', '8313414049'),
	(990, 'Jean', 'Early', '51 Johnson Street', 'Bharatpur', '8328136506'),
	(991, 'Ruttger', 'Rozalski', '2 Namekagon Parkway', 'Chýnov', '6584098900'),
	(992, 'Janaye', 'Pavlovic', '72858 Bunting Street', 'Conner', '4715097587'),
	(993, 'Codi', 'Chaplin', '459 Kingsford Hill', 'Kaabong', '8697626128'),
	(994, 'Tiena', 'Liddiard', '71 Village Green Park', 'Albacete', '2506788586'),
	(995, 'Jeth', 'Yglesia', '92 5th Street', 'Seattle', '2533960194'),
	(996, 'Kermy', 'Minico', '050 Northport Lane', 'Jolo', '3143324132'),
	(997, 'Ara', 'Longley', '7 Springs Street', 'Papilawe', '2581287590'),
	(998, 'Kearney', 'Crisall', '2 Porter Trail', 'Liufang', '8051710539'),
	(999, 'Kellsie', 'Forestall', '9 Fordem Circle', 'Rouyuan', '1099973443'),
	(1000, 'Garek', 'Bodechon', '029 Pawling Lane', 'Ayía Triás', '9123072145');

INSERT IGNORE INTO `pets` (`id`, `name`, `birth_date`, `type_id`, `owner_id`) VALUES
	(1, 'Leo', '2000-09-07', 1, 1),
	(2, 'Basil', '2002-08-06', 6, 2),
	(3, 'Rosy', '2001-04-17', 2, 3),
	(4, 'Jewel', '2000-03-07', 2, 3),
	(5, 'Iggy', '2000-11-30', 3, 4),
	(6, 'George', '2000-01-20', 4, 5),
	(7, 'Samantha', '1995-09-04', 1, 6),
	(8, 'Max', '1995-09-04', 1, 6),
	(9, 'Lucky', '1999-08-06', 5, 7),
	(10, 'Mulligan', '1997-02-24', 2, 8),
	(11, 'Freddy', '2000-03-09', 5, 9),
	(12, 'Lucky', '2000-06-24', 2, 10),
	(13, 'Sly', '2002-06-08', 1, 10),
	(14, 'Bruis', '2018-02-11', 4, 486),
	(15, 'Denice', '2015-04-25', 6, 756),
	(16, 'Nicky', '2017-12-24', 6, 809),
	(17, 'Marketa', '2018-05-03', 4, 999),
	(18, 'Cristie', '2018-05-09', 5, 697),
	(19, 'Kip', '2024-04-12', 4, 941),
	(20, 'Bowie', '2021-11-29', 6, 551),
	(21, 'Titus', '2019-06-13', 1, 579),
	(22, 'Zeke', '2021-04-24', 6, 396),
	(23, 'Drucy', '2019-05-23', 4, 519),
	(24, 'Lynnea', '2017-04-04', 4, 816),
	(25, 'Goldie', '2020-12-03', 1, 492),
	(26, 'Courtnay', '2019-04-08', 3, 604),
	(27, 'Isa', '2015-03-18', 3, 719),
	(28, 'Tedie', '2016-06-07', 6, 864),
	(29, 'Elita', '2015-02-17', 1, 91),
	(30, 'Dal', '2021-12-17', 6, 381),
	(31, 'Basil', '2021-09-26', 1, 472),
	(32, 'Daniele', '2020-12-29', 2, 397),
	(33, 'Clemmie', '2023-05-04', 5, 355),
	(34, 'Vaughn', '2023-12-20', 1, 412),
	(35, 'Farrand', '2015-11-16', 3, 84),
	(36, 'Lennard', '2015-01-11', 6, 479),
	(37, 'Huey', '2024-09-25', 6, 925),
	(38, 'Doy', '2016-08-16', 1, 227),
	(39, 'Helli', '2021-12-26', 4, 919),
	(40, 'Geri', '2024-10-02', 5, 150),
	(41, 'Rafferty', '2020-12-06', 5, 489),
	(42, 'Babb', '2023-06-02', 2, 876),
	(43, 'Israel', '2017-09-21', 1, 443),
	(44, 'Curtis', '2024-04-24', 6, 720),
	(45, 'Mattie', '2017-03-19', 3, 42),
	(46, 'Timothea', '2024-04-20', 4, 953),
	(47, 'Lacy', '2021-05-19', 2, 221),
	(48, 'Rosalia', '2021-11-04', 4, 83),
	(49, 'Kellyann', '2022-08-21', 6, 758),
	(50, 'Anna-diane', '2018-04-10', 5, 838),
	(51, 'Ellissa', '2018-02-26', 3, 190),
	(52, 'Tierney', '2021-10-16', 5, 653),
	(53, 'Wolfgang', '2024-04-17', 5, 418),
	(54, 'Austin', '2016-11-18', 3, 866),
	(55, 'Teodoor', '2016-10-15', 6, 171),
	(56, 'Sullivan', '2023-11-11', 3, 242),
	(57, 'Cathleen', '2019-05-02', 5, 222),
	(58, 'Ginnie', '2021-10-18', 2, 472),
	(59, 'Coriss', '2022-06-23', 3, 780),
	(60, 'Jacquelyn', '2023-10-13', 5, 664),
	(61, 'Adams', '2023-06-04', 5, 487),
	(62, 'Babette', '2022-03-14', 5, 796),
	(63, 'Carrie', '2019-11-03', 4, 849),
	(64, 'Carlye', '2024-04-28', 1, 599),
	(65, 'Abbey', '2016-11-26', 3, 322),
	(66, 'Tally', '2023-05-02', 2, 491),
	(67, 'Malynda', '2016-03-17', 1, 992),
	(68, 'Boonie', '2021-03-06', 1, 938),
	(69, 'Wolfgang', '2024-01-09', 6, 798),
	(70, 'Lauralee', '2019-02-10', 5, 159),
	(71, 'Ranna', '2017-07-31', 2, 607),
	(72, 'Laney', '2024-08-19', 4, 520),
	(73, 'Guenevere', '2018-05-31', 2, 529),
	(74, 'Alessandro', '2020-12-07', 6, 261),
	(75, 'Giorgia', '2023-11-11', 4, 452),
	(76, 'Nadia', '2022-10-11', 6, 214),
	(77, 'Konstanze', '2023-11-24', 5, 961),
	(78, 'Fan', '2019-10-27', 1, 760),
	(79, 'Morgan', '2020-08-06', 3, 935),
	(80, 'Brigida', '2024-06-20', 2, 755),
	(81, 'Reginauld', '2016-11-28', 3, 157),
	(82, 'Jannel', '2015-03-17', 6, 143),
	(83, 'Inigo', '2023-06-12', 1, 609),
	(84, 'Faulkner', '2022-01-05', 3, 976),
	(85, 'Weider', '2015-09-04', 2, 757),
	(86, 'Aloysius', '2023-07-08', 5, 959),
	(87, 'Catlee', '2022-09-17', 3, 540),
	(88, 'Elinore', '2016-09-19', 1, 914),
	(89, 'Ludwig', '2019-09-05', 2, 656),
	(90, 'Betteann', '2024-03-30', 4, 930),
	(91, 'Katharina', '2024-06-07', 4, 233),
	(92, 'Tracey', '2019-01-29', 6, 444),
	(93, 'Dolores', '2017-06-04', 1, 534),
	(94, 'Kippie', '2022-06-16', 1, 976),
	(95, 'Laney', '2017-05-18', 6, 15),
	(96, 'Demetri', '2017-08-17', 2, 246),
	(97, 'Stephana', '2021-09-04', 4, 76),
	(98, 'Almire', '2016-06-17', 1, 926),
	(99, 'Paulie', '2015-05-07', 3, 288),
	(100, 'Kenna', '2021-09-12', 2, 68),
	(101, 'Robin', '2020-03-31', 5, 655),
	(102, 'Meredithe', '2016-01-03', 5, 479),
	(103, 'Arline', '2020-12-01', 4, 130),
	(104, 'Liza', '2019-03-21', 1, 625),
	(105, 'Whitaker', '2024-06-11', 4, 667),
	(106, 'Eustacia', '2022-10-16', 3, 810),
	(107, 'Bank', '2016-02-27', 1, 59),
	(108, 'Lewie', '2021-03-11', 3, 907),
	(109, 'Russ', '2018-10-21', 4, 684),
	(110, 'Aila', '2015-01-01', 3, 935),
	(111, 'Kathrine', '2016-07-13', 4, 789),
	(112, 'Fabio', '2018-11-09', 6, 293),
	(113, 'Connor', '2024-08-25', 2, 588),
	(114, 'Car', '2018-07-19', 1, 653),
	(115, 'Christabella', '2021-02-11', 6, 230),
	(116, 'Rosalynd', '2015-01-22', 3, 445),
	(117, 'Afton', '2022-09-09', 2, 617),
	(118, 'Adriano', '2016-08-23', 4, 731),
	(119, 'Giovanna', '2019-08-08', 5, 76),
	(120, 'Debora', '2019-10-11', 4, 757),
	(121, 'Arri', '2020-04-06', 6, 634),
	(122, 'Frederick', '2021-08-16', 3, 829),
	(123, 'Aldis', '2019-12-14', 5, 188),
	(124, 'Danya', '2017-02-01', 2, 211),
	(125, 'Rolph', '2015-03-29', 6, 305),
	(126, 'Spencer', '2019-02-16', 6, 673),
	(127, 'Clayton', '2017-09-09', 6, 430),
	(128, 'Guthry', '2018-02-03', 3, 890),
	(129, 'Salvidor', '2017-06-07', 6, 498),
	(130, 'Milt', '2022-06-13', 2, 356),
	(131, 'Elsworth', '2024-04-23', 5, 428),
	(132, 'Winslow', '2024-04-01', 6, 204),
	(133, 'Gabi', '2015-05-20', 3, 400),
	(134, 'Cecily', '2024-05-06', 4, 28),
	(135, 'Kelsey', '2015-02-02', 4, 889),
	(136, 'Piotr', '2018-12-26', 3, 558),
	(137, 'Bertrand', '2020-12-11', 6, 725),
	(138, 'Fancy', '2020-03-22', 6, 544),
	(139, 'Norri', '2016-11-02', 4, 11),
	(140, 'Mace', '2022-05-10', 6, 385),
	(141, 'Burnaby', '2015-08-10', 5, 862),
	(142, 'Brody', '2021-04-18', 5, 593),
	(143, 'Jordana', '2020-12-01', 4, 932),
	(144, 'Elton', '2017-07-02', 1, 314),
	(145, 'Claudelle', '2021-06-14', 2, 135),
	(146, 'Hurley', '2022-05-03', 6, 703),
	(147, 'Valene', '2015-01-13', 6, 430),
	(148, 'Tami', '2021-01-15', 5, 196),
	(149, 'Haven', '2024-07-29', 3, 695),
	(150, 'Cristiano', '2018-11-04', 3, 378),
	(151, 'Mufinella', '2023-12-07', 2, 354),
	(152, 'Calli', '2015-01-13', 6, 893),
	(153, 'Rafaelia', '2024-07-16', 5, 480),
	(154, 'Annabel', '2018-05-11', 6, 735),
	(155, 'Gare', '2017-07-05', 2, 22),
	(156, 'Lexi', '2015-03-28', 3, 166),
	(157, 'Walliw', '2024-01-07', 6, 678),
	(158, 'Rhonda', '2021-12-27', 5, 420),
	(159, 'Innis', '2020-12-14', 3, 949),
	(160, 'Hetti', '2021-04-04', 2, 787),
	(161, 'Donny', '2014-11-26', 5, 587),
	(162, 'Kingston', '2021-02-11', 1, 135),
	(163, 'Rubia', '2017-02-22', 5, 241),
	(164, 'Fairfax', '2020-08-04', 1, 919),
	(165, 'Trula', '2023-02-25', 6, 747),
	(166, 'Kalindi', '2024-09-11', 6, 271),
	(167, 'Noami', '2022-05-01', 2, 199),
	(168, 'Isadore', '2016-03-20', 1, 182),
	(169, 'Henrieta', '2020-01-28', 3, 695),
	(170, 'Madonna', '2018-04-12', 3, 163),
	(171, 'Theadora', '2017-11-01', 4, 689),
	(172, 'Dre', '2016-01-07', 4, 594),
	(173, 'Giuditta', '2019-06-10', 1, 985),
	(174, 'Virgilio', '2020-08-04', 1, 266),
	(175, 'Allene', '2021-02-12', 3, 935),
	(176, 'Binni', '2015-08-08', 1, 788),
	(177, 'Derek', '2016-08-17', 1, 640),
	(178, 'Carolyn', '2018-03-02', 6, 680),
	(179, 'Kelila', '2017-10-22', 5, 630),
	(180, 'Randolf', '2022-06-19', 6, 741),
	(181, 'Felisha', '2016-01-01', 4, 364),
	(182, 'Willa', '2018-09-24', 1, 230),
	(183, 'Gerik', '2019-06-22', 6, 266),
	(184, 'Catlee', '2018-06-13', 1, 126),
	(185, 'Antonio', '2015-05-18', 2, 291),
	(186, 'Philip', '2017-02-02', 6, 80),
	(187, 'Fielding', '2023-11-04', 5, 336),
	(188, 'Erek', '2020-06-01', 5, 304),
	(189, 'Layla', '2017-07-22', 2, 225),
	(190, 'Audra', '2019-11-05', 1, 100),
	(191, 'Somerset', '2018-12-07', 2, 310),
	(192, 'Freemon', '2021-02-15', 1, 658),
	(193, 'Mayne', '2019-09-21', 6, 951),
	(194, 'Charmane', '2019-11-26', 5, 112),
	(195, 'Burgess', '2023-01-06', 2, 401),
	(196, 'Zachariah', '2020-02-16', 1, 416),
	(197, 'Hobart', '2020-10-20', 5, 402),
	(198, 'Kristoforo', '2015-07-13', 1, 950),
	(199, 'Whitney', '2015-02-04', 1, 39),
	(200, 'Esmaria', '2016-09-14', 5, 449),
	(201, 'Ernestine', '2016-05-01', 2, 34),
	(202, 'Mahala', '2019-01-03', 3, 220),
	(203, 'Jany', '2019-09-20', 3, 519),
	(204, 'Gleda', '2019-08-09', 6, 773),
	(205, 'Ainslie', '2022-05-22', 1, 690),
	(206, 'Carr', '2016-01-17', 2, 15),
	(207, 'Harmon', '2024-01-14', 2, 821),
	(208, 'Nichol', '2020-01-02', 2, 379),
	(209, 'Edvard', '2020-11-05', 1, 460),
	(210, 'Brody', '2021-11-23', 3, 427),
	(211, 'Arie', '2019-10-20', 2, 503),
	(212, 'Hilda', '2018-05-26', 1, 791),
	(213, 'Karel', '2016-07-31', 4, 373),
	(214, 'Clemente', '2023-05-06', 3, 110),
	(215, 'Reinhard', '2022-12-25', 6, 635),
	(216, 'Sheelah', '2024-06-16', 5, 240),
	(217, 'Pasquale', '2024-02-04', 5, 513),
	(218, 'Ranee', '2021-03-14', 1, 736),
	(219, 'Hill', '2014-10-13', 3, 44),
	(220, 'Patin', '2021-05-08', 5, 116),
	(221, 'Hart', '2023-12-22', 6, 275),
	(222, 'Shay', '2019-08-28', 5, 311),
	(223, 'Dex', '2021-12-05', 4, 300),
	(224, 'Christabella', '2024-05-02', 5, 551),
	(225, 'Tanner', '2024-04-03', 5, 856),
	(226, 'Johannes', '2015-08-30', 4, 12),
	(227, 'Malory', '2018-03-21', 4, 620),
	(228, 'Pascale', '2015-09-04', 2, 819),
	(229, 'Delphinia', '2021-01-19', 5, 932),
	(230, 'Jannel', '2015-07-12', 1, 182),
	(231, 'Mady', '2015-02-08', 1, 884),
	(232, 'Engracia', '2024-07-03', 6, 286),
	(233, 'Orelle', '2022-05-10', 1, 614),
	(234, 'Darill', '2022-06-08', 3, 918),
	(235, 'Janenna', '2017-06-24', 6, 765),
	(236, 'Fitz', '2017-05-04', 1, 602),
	(237, 'Erda', '2023-11-30', 5, 322),
	(238, 'Randi', '2015-12-30', 1, 170),
	(239, 'Gayleen', '2016-08-10', 6, 503),
	(240, 'Denney', '2020-10-31', 6, 603),
	(241, 'Fin', '2017-05-17', 2, 508),
	(242, 'Perri', '2014-11-15', 2, 513),
	(243, 'Adrian', '2015-09-12', 6, 443),
	(244, 'Curran', '2020-04-13', 6, 564),
	(245, 'Ruthann', '2021-08-10', 1, 979),
	(246, 'Marthe', '2024-03-24', 6, 71),
	(247, 'Sile', '2021-07-27', 6, 399),
	(248, 'Tim', '2016-04-18', 6, 113),
	(249, 'Doyle', '2020-03-04', 6, 384),
	(250, 'Chan', '2018-03-25', 4, 357),
	(251, 'Vicky', '2016-08-28', 5, 890),
	(252, 'Mala', '2019-05-14', 5, 81),
	(253, 'Noellyn', '2016-10-28', 3, 109),
	(254, 'Early', '2017-11-08', 6, 116),
	(255, 'Chantalle', '2020-05-23', 4, 331),
	(256, 'Heloise', '2015-05-05', 6, 445),
	(257, 'Bryant', '2015-04-02', 5, 306),
	(258, 'Renaud', '2014-10-09', 4, 821),
	(259, 'Joby', '2018-01-23', 4, 157),
	(260, 'Morten', '2015-09-09', 2, 458),
	(261, 'Mayor', '2020-03-22', 1, 872),
	(262, 'Clare', '2016-07-05', 1, 395),
	(263, 'Nat', '2019-09-16', 3, 440),
	(264, 'Bret', '2023-01-30', 5, 884),
	(265, 'Rafaelia', '2018-10-07', 2, 276),
	(266, 'Aurlie', '2019-11-08', 1, 717),
	(267, 'Jereme', '2020-10-16', 3, 362),
	(268, 'Bendick', '2019-12-16', 5, 307),
	(269, 'Yuma', '2024-08-26', 4, 313),
	(270, 'Gonzalo', '2021-05-21', 1, 848),
	(271, 'Carlynne', '2015-09-02', 1, 939),
	(272, 'Chelsey', '2014-10-09', 6, 185),
	(273, 'Drud', '2016-09-04', 1, 41),
	(274, 'Sigismondo', '2017-04-28', 1, 284),
	(275, 'Welbie', '2020-06-20', 4, 63),
	(276, 'Patrice', '2020-04-17', 4, 559),
	(277, 'Arden', '2015-09-06', 5, 217),
	(278, 'Magnum', '2020-02-05', 6, 431),
	(279, 'Nicholle', '2018-07-18', 6, 281),
	(280, 'Keith', '2021-08-18', 6, 250),
	(281, 'Krissy', '2023-11-01', 2, 644),
	(282, 'Ann-marie', '2024-01-05', 4, 630),
	(283, 'Daisey', '2015-04-26', 4, 472),
	(284, 'Corie', '2018-02-26', 6, 51),
	(285, 'Holt', '2023-02-16', 3, 214),
	(286, 'Ario', '2020-02-20', 3, 515),
	(287, 'Conant', '2017-06-01', 6, 644),
	(288, 'Matthieu', '2021-12-03', 5, 226),
	(289, 'Phylis', '2019-09-24', 5, 993),
	(290, 'Dede', '2021-12-03', 5, 446),
	(291, 'Latashia', '2015-01-14', 5, 861),
	(292, 'Bastian', '2017-04-20', 1, 858),
	(293, 'Tootsie', '2017-03-23', 2, 453),
	(294, 'Blayne', '2024-08-29', 5, 500),
	(295, 'Bebe', '2021-10-12', 2, 653),
	(296, 'Bernadette', '2020-03-31', 5, 217),
	(297, 'Benita', '2016-01-02', 6, 393),
	(298, 'Ford', '2016-03-18', 1, 872),
	(299, 'Riannon', '2019-09-11', 5, 77),
	(300, 'Delmer', '2018-02-11', 4, 560),
	(301, 'Desirae', '2016-07-31', 2, 652),
	(302, 'Cornell', '2016-04-03', 2, 67),
	(303, 'Greggory', '2019-08-08', 1, 325),
	(304, 'Deanne', '2016-01-27', 5, 531),
	(305, 'Kessia', '2018-03-06', 6, 470),
	(306, 'Marjie', '2018-08-31', 4, 239),
	(307, 'Frank', '2023-01-06', 5, 815),
	(308, 'Tania', '2016-09-04', 3, 332),
	(309, 'Almeria', '2016-03-01', 1, 647),
	(310, 'Sheffy', '2014-12-03', 3, 63),
	(311, 'Seth', '2016-10-23', 4, 766),
	(312, 'Hendrik', '2022-08-27', 4, 4),
	(313, 'Mattie', '2019-06-01', 4, 902),
	(314, 'Gavrielle', '2017-12-08', 1, 11),
	(315, 'Alysa', '2021-05-09', 3, 401),
	(316, 'Reed', '2017-06-02', 6, 947),
	(317, 'Berk', '2019-10-09', 5, 673),
	(318, 'Wendel', '2021-01-09', 2, 339),
	(319, 'Trisha', '2021-05-30', 4, 555),
	(320, 'Ange', '2020-05-21', 6, 155),
	(321, 'Basilio', '2017-10-01', 6, 179),
	(322, 'Celine', '2021-02-21', 2, 140),
	(323, 'Rollin', '2016-03-26', 1, 275),
	(324, 'Cherri', '2017-02-10', 5, 58),
	(325, 'Roseanne', '2024-10-02', 4, 790),
	(326, 'Quintina', '2014-12-18', 2, 279),
	(327, 'Windy', '2024-04-02', 6, 537),
	(328, 'Terrill', '2023-11-21', 2, 410),
	(329, 'Elga', '2021-07-04', 4, 372),
	(330, 'Britt', '2016-04-14', 6, 252),
	(331, 'Tyne', '2023-12-14', 5, 845),
	(332, 'Shalne', '2021-07-23', 5, 458),
	(333, 'Willette', '2017-02-05', 3, 349),
	(334, 'Roz', '2021-08-24', 5, 685),
	(335, 'Victoria', '2022-07-02', 5, 636),
	(336, 'Callie', '2021-02-19', 6, 455),
	(337, 'Kelwin', '2017-08-03', 6, 802),
	(338, 'Anjela', '2020-12-12', 2, 727),
	(339, 'Audi', '2023-01-02', 2, 932),
	(340, 'Rebe', '2021-03-02', 3, 269),
	(341, 'Flin', '2018-09-25', 3, 741),
	(342, 'Clevie', '2024-08-11', 4, 689),
	(343, 'Rozanne', '2017-04-12', 6, 290),
	(344, 'Quentin', '2015-07-20', 5, 981),
	(345, 'Chester', '2015-08-31', 5, 828),
	(346, 'Dani', '2016-06-10', 6, 986),
	(347, 'Fran', '2022-03-07', 6, 366),
	(348, 'Bjorn', '2022-04-19', 5, 530),
	(349, 'Drugi', '2017-03-14', 1, 730),
	(350, 'Jessey', '2024-06-15', 3, 8),
	(351, 'Joan', '2021-01-04', 3, 76),
	(352, 'Dominik', '2014-12-02', 4, 392),
	(353, 'Rory', '2020-03-08', 1, 789),
	(354, 'Orren', '2019-03-13', 5, 517),
	(355, 'Carolus', '2021-05-03', 1, 343),
	(356, 'Britt', '2019-05-10', 5, 861),
	(357, 'Cary', '2016-04-16', 6, 410),
	(358, 'Sammy', '2024-04-21', 1, 2),
	(359, 'Ronnica', '2019-03-30', 3, 724),
	(360, 'Jill', '2024-01-17', 5, 729),
	(361, 'Willa', '2015-02-15', 5, 377),
	(362, 'Doralynn', '2020-04-21', 3, 892),
	(363, 'Josias', '2015-02-10', 4, 957),
	(364, 'Eddie', '2023-06-21', 3, 805),
	(365, 'Kiley', '2024-05-23', 2, 990),
	(366, 'Cornelle', '2014-10-15', 5, 283),
	(367, 'Etti', '2015-08-01', 1, 45),
	(368, 'Hal', '2015-11-22', 3, 835),
	(369, 'Stanwood', '2016-05-02', 4, 265),
	(370, 'Georgeta', '2022-05-12', 6, 28),
	(371, 'Creigh', '2015-06-21', 4, 954),
	(372, 'Gianina', '2015-11-22', 4, 187),
	(373, 'Edyth', '2023-05-22', 5, 11),
	(374, 'Bambi', '2023-07-29', 4, 281),
	(375, 'Montgomery', '2018-06-16', 6, 587),
	(376, 'Beverly', '2020-12-21', 1, 467),
	(377, 'Land', '2015-08-22', 4, 824),
	(378, 'Evelyn', '2023-04-07', 3, 729),
	(379, 'Edyth', '2018-01-12', 4, 225),
	(380, 'Wylma', '2015-10-10', 1, 507),
	(381, 'Nikolai', '2017-05-28', 1, 999),
	(382, 'Kip', '2020-03-11', 5, 131),
	(383, 'Philippine', '2017-03-17', 5, 353),
	(384, 'Hendrick', '2020-03-16', 3, 434),
	(385, 'Aymer', '2015-09-18', 2, 464),
	(386, 'Joline', '2019-03-07', 6, 691),
	(387, 'Shae', '2021-01-14', 5, 127),
	(388, 'Mohandas', '2015-05-30', 3, 347),
	(389, 'Lionel', '2015-09-13', 6, 302),
	(390, 'Cassius', '2020-05-16', 4, 651),
	(391, 'Maurene', '2016-04-24', 3, 690),
	(392, 'Lavena', '2015-02-02', 1, 601),
	(393, 'Homer', '2021-01-28', 4, 506),
	(394, 'Kimbell', '2022-05-04', 3, 259),
	(395, 'Holt', '2021-06-13', 3, 644),
	(396, 'Genevra', '2016-12-22', 2, 400),
	(397, 'Drud', '2019-06-17', 5, 361),
	(398, 'Armando', '2020-07-25', 5, 865),
	(399, 'Izzy', '2019-12-17', 6, 485),
	(400, 'Ozzie', '2016-11-28', 3, 825),
	(401, 'Gwenore', '2019-04-13', 2, 516),
	(402, 'Eduard', '2021-09-18', 2, 553),
	(403, 'Averell', '2020-11-16', 2, 990),
	(404, 'Flora', '2020-03-13', 5, 282),
	(405, 'Piper', '2018-09-29', 6, 924),
	(406, 'Drew', '2014-11-01', 4, 360),
	(407, 'Karlens', '2021-09-05', 3, 829),
	(408, 'Jeanette', '2024-03-22', 5, 168),
	(409, 'Woodie', '2016-11-23', 2, 736),
	(410, 'Kippie', '2015-12-31', 4, 887),
	(411, 'Chester', '2023-10-07', 6, 993),
	(412, 'Maegan', '2021-07-01', 3, 594),
	(413, 'Hayyim', '2015-03-23', 4, 974),
	(414, 'Doe', '2022-07-10', 6, 272),
	(415, 'Petr', '2024-01-22', 5, 558),
	(416, 'Henry', '2019-06-01', 6, 543),
	(417, 'Morgan', '2022-12-03', 6, 380),
	(418, 'Teodoor', '2019-12-28', 2, 769),
	(419, 'Aloysius', '2024-07-28', 5, 536),
	(420, 'Cletis', '2022-07-21', 4, 505),
	(421, 'Wesley', '2016-09-30', 4, 82),
	(422, 'Aili', '2014-10-09', 3, 76),
	(423, 'Giraldo', '2018-06-22', 4, 4),
	(424, 'Spenser', '2016-09-17', 6, 37),
	(425, 'Elita', '2015-04-30', 4, 43),
	(426, 'Fallon', '2022-08-05', 2, 439),
	(427, 'Josy', '2023-04-26', 6, 134),
	(428, 'Tracey', '2016-04-16', 2, 101),
	(429, 'Felicdad', '2020-11-08', 2, 11),
	(430, 'Gran', '2018-11-30', 4, 254),
	(431, 'Baxie', '2017-03-05', 1, 740),
	(432, 'Jard', '2020-03-10', 3, 379),
	(433, 'Wenona', '2021-06-06', 3, 775),
	(434, 'Riley', '2017-10-03', 1, 200),
	(435, 'Zachariah', '2015-11-18', 5, 335),
	(436, 'Whitney', '2017-10-11', 4, 438),
	(437, 'Ninetta', '2023-10-16', 5, 138),
	(438, 'Bessy', '2022-12-09', 6, 936),
	(439, 'Carline', '2022-03-15', 2, 115),
	(440, 'Dorisa', '2024-08-04', 2, 135),
	(441, 'Win', '2024-01-11', 3, 565),
	(442, 'Tadeas', '2023-05-23', 2, 271),
	(443, 'Katey', '2020-08-15', 2, 971),
	(444, 'Chere', '2015-07-04', 1, 269),
	(445, 'Frasquito', '2023-06-14', 5, 762),
	(446, 'Hedvig', '2015-03-14', 4, 256),
	(447, 'Purcell', '2021-05-31', 5, 158),
	(448, 'Osbert', '2024-05-13', 3, 559),
	(449, 'Margalit', '2024-08-28', 4, 266),
	(450, 'Anallise', '2016-02-23', 5, 677),
	(451, 'Joletta', '2021-04-13', 1, 512),
	(452, 'Cornelius', '2017-12-01', 4, 944),
	(453, 'Richy', '2022-06-27', 6, 742),
	(454, 'Lacey', '2020-07-31', 4, 641),
	(455, 'Aeriell', '2015-12-30', 2, 194),
	(456, 'Barron', '2023-10-24', 1, 120),
	(457, 'Wilden', '2014-10-17', 3, 826),
	(458, 'Grayce', '2019-11-13', 4, 657),
	(459, 'Hieronymus', '2014-10-24', 6, 363),
	(460, 'Myriam', '2023-01-06', 4, 317),
	(461, 'Zaneta', '2019-10-31', 2, 905),
	(462, 'Bud', '2020-05-22', 4, 490),
	(463, 'Dredi', '2017-07-07', 1, 572),
	(464, 'Filberte', '2016-07-09', 1, 740),
	(465, 'Port', '2017-07-28', 3, 849),
	(466, 'Temp', '2021-01-24', 5, 969),
	(467, 'Lindsay', '2022-03-24', 4, 785),
	(468, 'Mannie', '2017-02-21', 5, 303),
	(469, 'Raquel', '2017-05-07', 6, 701),
	(470, 'Sinclare', '2016-03-18', 3, 23),
	(471, 'Rudolph', '2017-07-09', 1, 617),
	(472, 'Vachel', '2016-11-02', 2, 705),
	(473, 'Romona', '2021-10-28', 6, 642),
	(474, 'Aland', '2020-02-16', 1, 378),
	(475, 'Feodora', '2019-07-14', 1, 233),
	(476, 'Felicdad', '2020-10-30', 5, 255),
	(477, 'Ardra', '2015-01-25', 3, 270),
	(478, 'Peadar', '2018-10-09', 1, 878),
	(479, 'Meryl', '2015-03-19', 5, 666),
	(480, 'Mira', '2021-01-22', 2, 664),
	(481, 'Adele', '2019-02-08', 6, 9),
	(482, 'Babbie', '2015-09-08', 5, 912),
	(483, 'Seline', '2023-06-15', 5, 434),
	(484, 'Aymer', '2017-04-02', 4, 35),
	(485, 'Derek', '2023-04-28', 2, 257),
	(486, 'Margret', '2020-11-12', 6, 964),
	(487, 'Dniren', '2021-03-31', 4, 664),
	(488, 'Kennith', '2016-07-18', 1, 423),
	(489, 'Babs', '2024-05-14', 4, 784),
	(490, 'Jeri', '2021-06-12', 3, 670),
	(491, 'Almeta', '2023-11-17', 3, 261),
	(492, 'Slade', '2023-03-09', 3, 749),
	(493, 'Ad', '2020-10-09', 5, 846),
	(494, 'Binnie', '2020-04-25', 3, 410),
	(495, 'Brit', '2023-08-29', 6, 829),
	(496, 'Mari', '2017-10-11', 5, 114),
	(497, 'Keary', '2017-03-08', 3, 589),
	(498, 'Tandi', '2016-07-17', 6, 450),
	(499, 'Olympie', '2022-08-03', 4, 297),
	(500, 'Gavan', '2023-10-25', 2, 407),
	(501, 'Ester', '2018-11-04', 4, 858),
	(502, 'Clara', '2017-09-14', 4, 275),
	(503, 'Traci', '2020-02-15', 3, 487),
	(504, 'Mathilda', '2022-03-16', 2, 769),
	(505, 'Carlotta', '2016-05-27', 1, 374),
	(506, 'Claire', '2022-08-22', 3, 237),
	(507, 'Ulysses', '2018-10-09', 5, 420),
	(508, 'Briney', '2017-01-08', 2, 560),
	(509, 'Biddie', '2020-07-24', 5, 868),
	(510, 'Otho', '2019-11-21', 5, 153),
	(511, 'Evanne', '2022-09-19', 5, 754),
	(512, 'Sabrina', '2016-06-05', 2, 72),
	(513, 'Ardith', '2016-12-17', 6, 133),
	(514, 'Noll', '2024-06-03', 5, 957),
	(515, 'Bidget', '2018-06-06', 6, 687),
	(516, 'Lurette', '2018-02-22', 6, 308),
	(517, 'Cynde', '2018-10-18', 6, 529),
	(518, 'Phillis', '2019-05-03', 1, 407),
	(519, 'Cort', '2024-05-19', 6, 170),
	(520, 'Cassius', '2016-06-22', 4, 141),
	(521, 'Lonnie', '2018-07-10', 2, 439),
	(522, 'Inesita', '2023-04-21', 6, 506),
	(523, 'Clarey', '2017-03-29', 1, 536),
	(524, 'Deloria', '2022-01-16', 2, 347),
	(525, 'Wynne', '2024-04-21', 3, 633),
	(526, 'Amelita', '2020-10-07', 5, 566),
	(527, 'Drud', '2020-09-01', 1, 723),
	(528, 'Tania', '2017-08-01', 1, 777),
	(529, 'Kean', '2017-12-04', 5, 641),
	(530, 'Rosita', '2015-08-05', 6, 931),
	(531, 'Rustin', '2018-04-04', 3, 749),
	(532, 'Leora', '2021-01-28', 2, 809),
	(533, 'Terry', '2024-06-20', 6, 529),
	(534, 'Dotty', '2016-03-05', 1, 255),
	(535, 'Mayne', '2016-12-07', 5, 96),
	(536, 'Antoine', '2020-09-17', 4, 733),
	(537, 'Francesco', '2015-11-29', 6, 62),
	(538, 'Ezri', '2022-06-11', 5, 437),
	(539, 'Aleda', '2017-05-01', 1, 739),
	(540, 'Lisetta', '2022-03-23', 4, 731),
	(541, 'Mersey', '2016-08-02', 4, 669),
	(542, 'Harwilll', '2024-03-01', 2, 698),
	(543, 'Lyndell', '2018-09-03', 2, 62),
	(544, 'Marie', '2016-02-28', 2, 667),
	(545, 'Abigail', '2021-01-19', 1, 640),
	(546, 'Tammy', '2016-04-02', 6, 962),
	(547, 'Felike', '2020-09-21', 1, 87),
	(548, 'Deedee', '2016-05-17', 3, 22),
	(549, 'Ruthe', '2015-10-16', 1, 525),
	(550, 'Orland', '2023-06-05', 6, 473),
	(551, 'Hervey', '2024-05-01', 2, 807),
	(552, 'Inger', '2023-08-10', 3, 23),
	(553, 'Terry', '2019-01-29', 2, 695),
	(554, 'Kynthia', '2016-11-11', 1, 234),
	(555, 'Sebastiano', '2015-08-18', 3, 757),
	(556, 'Adriane', '2019-06-21', 3, 15),
	(557, 'Rusty', '2016-11-29', 1, 562),
	(558, 'Corny', '2024-03-17', 6, 519),
	(559, 'Magdalena', '2017-07-25', 3, 741),
	(560, 'Keen', '2019-01-17', 2, 259),
	(561, 'Davide', '2024-05-17', 6, 338),
	(562, 'Darrin', '2017-12-23', 1, 137),
	(563, 'Gerda', '2014-11-21', 1, 352),
	(564, 'Tremaine', '2018-08-07', 2, 185),
	(565, 'Carmelle', '2017-06-26', 5, 804),
	(566, 'Carissa', '2022-01-24', 5, 80),
	(567, 'Zulema', '2024-07-04', 1, 379),
	(568, 'Lorrayne', '2019-04-18', 4, 379),
	(569, 'Daile', '2024-01-31', 5, 64),
	(570, 'Alwyn', '2022-05-18', 1, 505),
	(571, 'Steffen', '2023-09-22', 3, 422),
	(572, 'Maury', '2021-09-30', 5, 297),
	(573, 'Deva', '2017-06-01', 5, 834),
	(574, 'Gale', '2020-11-19', 4, 864),
	(575, 'Salvador', '2018-06-28', 4, 418),
	(576, 'Tedda', '2017-12-28', 5, 216),
	(577, 'Danna', '2020-12-15', 3, 862),
	(578, 'Abel', '2019-02-26', 6, 838),
	(579, 'Reinwald', '2024-06-07', 4, 692),
	(580, 'Lanette', '2018-12-17', 3, 405),
	(581, 'Reinold', '2021-05-21', 4, 564),
	(582, 'Shela', '2015-05-02', 6, 705),
	(583, 'Vallie', '2020-07-08', 3, 212),
	(584, 'Brittani', '2016-10-18', 1, 162),
	(585, 'Eliot', '2022-09-29', 5, 474),
	(586, 'Cedric', '2016-01-12', 2, 100),
	(587, 'Cairistiona', '2017-11-16', 4, 904),
	(588, 'Skipton', '2016-04-18', 6, 957),
	(589, 'Jacintha', '2020-04-12', 3, 466),
	(590, 'Baily', '2018-09-26', 1, 37),
	(591, 'Gloriane', '2018-08-20', 6, 117),
	(592, 'Tommie', '2020-11-09', 6, 578),
	(593, 'Drona', '2019-12-02', 1, 761),
	(594, 'Prudi', '2019-06-09', 1, 171),
	(595, 'Maurits', '2023-05-01', 5, 796),
	(596, 'Trude', '2016-06-11', 6, 219),
	(597, 'Oneida', '2022-01-12', 3, 72),
	(598, 'Christian', '2015-12-11', 2, 574),
	(599, 'Leif', '2020-03-17', 1, 340),
	(600, 'Dannie', '2019-12-03', 3, 765),
	(601, 'Ursula', '2021-01-12', 3, 936),
	(602, 'Milly', '2020-04-11', 2, 657),
	(603, 'Burt', '2015-11-01', 6, 580),
	(604, 'Joelle', '2018-11-08', 4, 444),
	(605, 'Rosanna', '2023-09-29', 3, 841),
	(606, 'Juli', '2018-03-27', 6, 807),
	(607, 'Francis', '2020-02-08', 6, 81),
	(608, 'Eugen', '2020-12-06', 3, 556),
	(609, 'Kennedy', '2023-05-29', 3, 614),
	(610, 'Joanie', '2016-08-23', 2, 582),
	(611, 'Harlene', '2022-04-01', 3, 192),
	(612, 'Cass', '2015-07-19', 1, 374),
	(613, 'Onofredo', '2021-06-05', 3, 459),
	(614, 'Aloin', '2023-09-09', 2, 223),
	(615, 'Moritz', '2019-08-31', 4, 689),
	(616, 'Augustine', '2022-10-20', 2, 799),
	(617, 'Den', '2022-08-31', 4, 118),
	(618, 'Sonia', '2022-10-26', 4, 381),
	(619, 'Tasia', '2024-04-19', 4, 514),
	(620, 'Elvin', '2017-11-23', 2, 474),
	(621, 'Gerick', '2024-06-15', 5, 6),
	(622, 'Malia', '2015-07-15', 5, 195),
	(623, 'Anabelle', '2024-07-27', 5, 195),
	(624, 'Land', '2024-07-24', 4, 268),
	(625, 'Zebadiah', '2024-06-02', 6, 769),
	(626, 'Sharity', '2017-03-29', 4, 898),
	(627, 'Leesa', '2022-12-18', 1, 408),
	(628, 'Eldin', '2015-03-31', 6, 764),
	(629, 'Ferne', '2016-08-30', 1, 338),
	(630, 'Robinetta', '2018-06-16', 4, 533),
	(631, 'Vanni', '2017-11-14', 6, 398),
	(632, 'Charity', '2019-10-30', 2, 135),
	(633, 'Dido', '2017-04-17', 5, 379),
	(634, 'Colette', '2017-11-22', 6, 107),
	(635, 'Christian', '2018-03-27', 2, 713),
	(636, 'Colin', '2024-09-21', 6, 50),
	(637, 'Caresa', '2024-05-22', 4, 145),
	(638, 'Ajay', '2023-11-30', 2, 897),
	(639, 'Jonis', '2017-11-05', 5, 299),
	(640, 'Gerardo', '2023-07-10', 3, 848),
	(641, 'Estella', '2024-03-02', 1, 125),
	(642, 'Winni', '2021-10-19', 4, 640),
	(643, 'Edik', '2018-07-24', 6, 4),
	(644, 'Matteo', '2018-06-16', 1, 543),
	(645, 'Beverie', '2017-11-14', 5, 295),
	(646, 'Sigismundo', '2024-03-17', 5, 298),
	(647, 'Monte', '2014-11-05', 1, 574),
	(648, 'Petronella', '2016-08-06', 1, 782),
	(649, 'Inge', '2015-08-03', 3, 305),
	(650, 'Mal', '2020-01-16', 6, 324),
	(651, 'Chelsea', '2019-01-17', 5, 99),
	(652, 'Haslett', '2019-11-26', 4, 727),
	(653, 'Alia', '2016-08-13', 6, 437),
	(654, 'Orelle', '2020-11-08', 5, 106),
	(655, 'Rozalie', '2023-09-30', 6, 575),
	(656, 'Abe', '2021-03-21', 3, 588),
	(657, 'Ashby', '2017-11-06', 5, 197),
	(658, 'Esme', '2019-03-08', 1, 973),
	(659, 'Reeba', '2019-11-01', 3, 482),
	(660, 'Aggy', '2019-03-29', 2, 564),
	(661, 'Carr', '2016-01-14', 6, 143),
	(662, 'Bartram', '2023-11-13', 4, 426),
	(663, 'Cesya', '2015-03-24', 4, 241),
	(664, 'Lissie', '2022-10-30', 1, 367),
	(665, 'Charin', '2017-06-20', 3, 482),
	(666, 'Greggory', '2022-10-07', 6, 403),
	(667, 'Jaquenette', '2020-09-06', 1, 625),
	(668, 'Humberto', '2019-02-11', 2, 444),
	(669, 'Gram', '2016-06-09', 2, 445),
	(670, 'Guntar', '2015-07-12', 3, 109),
	(671, 'Reine', '2023-08-21', 1, 95),
	(672, 'Mackenzie', '2020-02-14', 3, 831),
	(673, 'Alejoa', '2016-11-29', 6, 703),
	(674, 'Aime', '2016-03-18', 6, 206),
	(675, 'Myca', '2020-11-05', 4, 105),
	(676, 'Lynne', '2019-01-25', 6, 381),
	(677, 'Bertine', '2018-09-19', 6, 609),
	(678, 'Alissa', '2017-01-21', 6, 684),
	(679, 'Neddy', '2021-07-01', 2, 743),
	(680, 'Aloise', '2021-08-22', 5, 974),
	(681, 'Raven', '2024-02-12', 2, 321),
	(682, 'Elyn', '2015-08-13', 2, 176),
	(683, 'Cindra', '2023-06-10', 2, 868),
	(684, 'Martino', '2017-05-07', 5, 297),
	(685, 'Lottie', '2020-07-03', 5, 867),
	(686, 'Natka', '2017-02-04', 4, 52),
	(687, 'Darbie', '2020-01-01', 4, 187),
	(688, 'Alasdair', '2024-05-08', 3, 288),
	(689, 'Calhoun', '2019-01-19', 3, 949),
	(690, 'Filip', '2022-05-06', 2, 877),
	(691, 'Karyl', '2015-08-11', 3, 983),
	(692, 'Ninnette', '2019-05-04', 2, 576),
	(693, 'Laurence', '2022-01-18', 1, 232),
	(694, 'Naoma', '2020-11-26', 4, 952),
	(695, 'Kerrie', '2024-08-30', 3, 81),
	(696, 'Zebedee', '2021-01-14', 6, 303),
	(697, 'Elli', '2015-02-17', 2, 435),
	(698, 'Korella', '2022-06-29', 2, 581),
	(699, 'Karolina', '2023-05-05', 4, 558),
	(700, 'Toddy', '2019-10-11', 3, 927),
	(701, 'Haleigh', '2022-06-01', 5, 109),
	(702, 'Quentin', '2020-09-02', 4, 7),
	(703, 'Clementius', '2019-03-10', 6, 980),
	(704, 'Bride', '2018-08-23', 2, 476),
	(705, 'Teodorico', '2015-02-24', 1, 178),
	(706, 'Sharona', '2023-03-30', 6, 774),
	(707, 'Cully', '2015-10-18', 6, 780),
	(708, 'Gunar', '2021-10-12', 5, 890),
	(709, 'Karie', '2020-06-25', 3, 243),
	(710, 'Nicolis', '2020-06-22', 2, 235),
	(711, 'Donna', '2014-10-30', 4, 587),
	(712, 'Joli', '2024-01-05', 2, 620),
	(713, 'Devlen', '2018-08-02', 2, 768),
	(714, 'Ermin', '2014-10-20', 4, 132),
	(715, 'Gabbey', '2016-06-10', 4, 300),
	(716, 'Oberon', '2017-12-31', 2, 980),
	(717, 'Keefe', '2017-03-11', 1, 561),
	(718, 'Delly', '2015-09-30', 2, 557),
	(719, 'Nikoletta', '2023-10-02', 2, 858),
	(720, 'Rutger', '2024-01-12', 4, 37),
	(721, 'Ashla', '2020-07-16', 3, 502),
	(722, 'Josey', '2020-02-25', 5, 114),
	(723, 'Freedman', '2023-09-22', 2, 69),
	(724, 'Ibbie', '2020-01-27', 2, 329),
	(725, 'Wakefield', '2021-09-07', 1, 286),
	(726, 'Lonnie', '2017-02-10', 3, 752),
	(727, 'Melita', '2021-07-19', 4, 730),
	(728, 'Nana', '2020-11-08', 5, 267),
	(729, 'Tiertza', '2023-11-12', 6, 294),
	(730, 'Jeremias', '2020-01-31', 6, 794),
	(731, 'Willdon', '2019-11-26', 4, 785),
	(732, 'Korella', '2018-11-03', 2, 77),
	(733, 'Anjela', '2021-02-04', 6, 554),
	(734, 'Engracia', '2021-10-02', 2, 136),
	(735, 'Gerry', '2024-09-24', 1, 170),
	(736, 'Willard', '2016-02-22', 3, 23),
	(737, 'Silvano', '2024-08-24', 6, 496),
	(738, 'Meggy', '2014-11-17', 5, 360),
	(739, 'Ted', '2022-10-09', 6, 293),
	(740, 'Gwendolen', '2017-11-29', 5, 264),
	(741, 'Johnathan', '2021-03-29', 1, 184),
	(742, 'Kaleb', '2020-11-24', 3, 99),
	(743, 'Meggy', '2020-05-12', 4, 985),
	(744, 'Marcy', '2014-10-13', 3, 169),
	(745, 'Margaretta', '2023-10-25', 4, 604),
	(746, 'Tonia', '2021-10-20', 1, 543),
	(747, 'Mal', '2024-05-31', 5, 962),
	(748, 'Damian', '2024-08-23', 2, 610),
	(749, 'Virgie', '2014-12-11', 5, 499),
	(750, 'Charita', '2016-10-02', 2, 349),
	(751, 'Helenka', '2022-05-05', 3, 923),
	(752, 'Alena', '2018-07-08', 6, 753),
	(753, 'Addie', '2015-03-29', 3, 672),
	(754, 'Blisse', '2016-02-16', 3, 719),
	(755, 'Nollie', '2018-04-04', 4, 182),
	(756, 'Joscelin', '2021-03-30', 4, 842),
	(757, 'Hetti', '2021-02-25', 4, 846),
	(758, 'Westleigh', '2021-09-05', 4, 109),
	(759, 'Vale', '2024-02-03', 1, 737),
	(760, 'Nikaniki', '2016-08-21', 2, 895),
	(761, 'Myrle', '2021-02-17', 6, 421),
	(762, 'Clement', '2016-11-25', 5, 35),
	(763, 'Ker', '2018-04-24', 1, 129),
	(764, 'Duff', '2014-10-18', 1, 535),
	(765, 'Holli', '2018-10-09', 1, 525),
	(766, 'Joanie', '2024-09-27', 5, 133),
	(767, 'Ginnie', '2015-05-21', 3, 715),
	(768, 'Xenos', '2020-03-27', 2, 887),
	(769, 'Ardisj', '2022-12-27', 2, 556),
	(770, 'Pearla', '2020-02-27', 3, 926),
	(771, 'Cleo', '2017-05-03', 3, 564),
	(772, 'Gerri', '2024-05-10', 6, 815),
	(773, 'Tomi', '2017-10-06', 6, 315),
	(774, 'Nicky', '2016-08-14', 1, 832),
	(775, 'Brock', '2020-10-12', 1, 198),
	(776, 'Kariotta', '2016-11-18', 4, 259),
	(777, 'Anatola', '2014-11-20', 5, 59),
	(778, 'Tybalt', '2015-08-02', 5, 518),
	(779, 'Pauly', '2023-08-27', 4, 815),
	(780, 'Tiffany', '2021-08-03', 3, 436),
	(781, 'Frankie', '2020-11-01', 3, 499),
	(782, 'Etta', '2019-12-17', 1, 343),
	(783, 'Arlette', '2015-03-01', 5, 79),
	(784, 'Farr', '2021-04-12', 4, 666),
	(785, 'Arvin', '2024-02-02', 2, 740),
	(786, 'Siffre', '2023-11-29', 2, 606),
	(787, 'Minette', '2019-08-02', 6, 80),
	(788, 'Tye', '2022-12-14', 5, 744),
	(789, 'Von', '2015-06-08', 5, 186),
	(790, 'Holly', '2021-03-14', 1, 114),
	(791, 'Gwendolin', '2020-09-04', 2, 192),
	(792, 'Rockie', '2018-03-27', 2, 215),
	(793, 'Aidan', '2019-12-10', 3, 384),
	(794, 'Horacio', '2018-10-06', 3, 572),
	(795, 'Ricki', '2014-12-24', 2, 1000),
	(796, 'Sunshine', '2021-09-03', 5, 876),
	(797, 'Cornell', '2020-06-21', 3, 161),
	(798, 'Nonah', '2019-11-15', 4, 746),
	(799, 'Vanda', '2015-09-19', 2, 766),
	(800, 'Salomon', '2020-09-18', 5, 645),
	(801, 'Kennie', '2017-05-27', 5, 281),
	(802, 'Roderigo', '2023-10-11', 4, 598),
	(803, 'Amaleta', '2020-12-22', 6, 180),
	(804, 'Ulysses', '2015-07-26', 5, 456),
	(805, 'Marika', '2020-12-29', 4, 693),
	(806, 'Florette', '2022-10-16', 2, 764),
	(807, 'Kristin', '2020-03-17', 4, 623),
	(808, 'Avril', '2015-05-18', 2, 946),
	(809, 'Caddric', '2021-08-10', 6, 25),
	(810, 'Jacquie', '2019-04-22', 4, 605),
	(811, 'Read', '2015-06-22', 2, 677),
	(812, 'Rosabella', '2021-06-30', 3, 960),
	(813, 'Kati', '2023-01-12', 6, 499),
	(814, 'Lurleen', '2019-08-23', 1, 290),
	(815, 'Lane', '2019-08-04', 5, 253),
	(816, 'Suzy', '2021-12-11', 6, 425),
	(817, 'Lucilia', '2014-10-05', 6, 519),
	(818, 'De witt', '2019-07-16', 5, 969),
	(819, 'Fletcher', '2016-01-26', 2, 417),
	(820, 'Marketa', '2021-03-02', 4, 32),
	(821, 'Gaultiero', '2020-11-18', 5, 192),
	(822, 'Vita', '2024-01-10', 2, 50),
	(823, 'Dominique', '2019-06-20', 4, 474),
	(824, 'Towny', '2017-08-14', 1, 294),
	(825, 'Myrta', '2017-01-21', 4, 630),
	(826, 'Gwyneth', '2019-05-29', 1, 46),
	(827, 'Valerye', '2016-06-11', 6, 242),
	(828, 'Andriette', '2024-02-22', 6, 967),
	(829, 'Sydney', '2017-05-01', 2, 142),
	(830, 'Melba', '2023-09-03', 5, 986),
	(831, 'Matthus', '2022-09-15', 3, 43),
	(832, 'Lyndel', '2022-02-01', 5, 95),
	(833, 'Libbie', '2023-03-06', 6, 441),
	(834, 'Augusto', '2022-04-06', 4, 145),
	(835, 'Westleigh', '2019-07-12', 4, 485),
	(836, 'Ebeneser', '2015-04-23', 5, 886),
	(837, 'Breena', '2015-09-28', 1, 807),
	(838, 'Jory', '2016-03-29', 5, 323),
	(839, 'Sven', '2022-02-18', 4, 681),
	(840, 'Monroe', '2021-04-17', 5, 275),
	(841, 'Correy', '2020-10-17', 4, 690),
	(842, 'Allsun', '2017-11-09', 2, 826),
	(843, 'Bordie', '2015-11-30', 4, 505),
	(844, 'Ronna', '2020-08-25', 1, 537),
	(845, 'Wendall', '2016-05-28', 3, 484),
	(846, 'Daune', '2020-10-28', 1, 351),
	(847, 'Maible', '2024-01-16', 4, 751),
	(848, 'Doroteya', '2024-07-17', 3, 574),
	(849, 'Krystle', '2018-04-10', 4, 556),
	(850, 'Annadiana', '2023-10-14', 1, 434),
	(851, 'Dud', '2021-09-01', 3, 32),
	(852, 'Blondelle', '2019-11-21', 3, 174),
	(853, 'Rebeka', '2016-03-01', 6, 689),
	(854, 'Johan', '2016-06-25', 6, 494),
	(855, 'Caritta', '2018-12-12', 4, 985),
	(856, 'Denice', '2017-04-06', 6, 768),
	(857, 'Kenon', '2021-03-07', 1, 673),
	(858, 'Estrellita', '2019-06-28', 2, 36),
	(859, 'Tanny', '2023-01-27', 2, 852),
	(860, 'Windy', '2018-05-26', 1, 444),
	(861, 'Bradney', '2016-05-20', 1, 610),
	(862, 'Luke', '2024-01-25', 6, 769),
	(863, 'Yank', '2016-03-16', 2, 437),
	(864, 'Grete', '2017-09-05', 5, 499),
	(865, 'Manny', '2016-04-04', 2, 565),
	(866, 'Julianna', '2017-08-17', 4, 826),
	(867, 'Marji', '2022-12-05', 4, 659),
	(868, 'Etty', '2021-02-22', 4, 233),
	(869, 'Monique', '2019-07-27', 4, 580),
	(870, 'Darby', '2023-11-21', 1, 415),
	(871, 'Vevay', '2018-10-19', 6, 358),
	(872, 'Mel', '2020-09-24', 3, 438),
	(873, 'Nesta', '2019-10-06', 5, 462),
	(874, 'Jeth', '2021-04-02', 4, 935),
	(875, 'Myrilla', '2022-02-07', 5, 401),
	(876, 'Dougie', '2017-09-11', 3, 201),
	(877, 'Ailene', '2019-08-17', 2, 542),
	(878, 'Tommie', '2023-04-22', 3, 112),
	(879, 'Coral', '2022-04-06', 6, 545),
	(880, 'Curcio', '2017-04-23', 2, 194),
	(881, 'Virginia', '2015-09-06', 3, 764),
	(882, 'Felic', '2021-04-18', 2, 8),
	(883, 'Olin', '2020-12-13', 1, 321),
	(884, 'Maddy', '2020-04-01', 2, 985),
	(885, 'Tiebout', '2022-06-22', 4, 232),
	(886, 'Carol-jean', '2018-07-20', 3, 62),
	(887, 'Wyndham', '2022-02-22', 4, 839),
	(888, 'Rikki', '2022-06-08', 1, 782),
	(889, 'Michal', '2021-10-13', 4, 782),
	(890, 'Brigida', '2015-08-22', 4, 47),
	(891, 'Cchaddie', '2023-09-21', 3, 865),
	(892, 'Ashley', '2023-10-27', 5, 350),
	(893, 'Allyn', '2022-05-11', 2, 40),
	(894, 'Kore', '2024-04-10', 3, 374),
	(895, 'Ferd', '2022-10-09', 5, 273),
	(896, 'Pieter', '2020-10-04', 1, 268),
	(897, 'Mareah', '2021-01-04', 5, 460),
	(898, 'Doro', '2016-08-14', 6, 278),
	(899, 'Abel', '2018-11-18', 1, 840),
	(900, 'Nataline', '2020-12-28', 3, 764),
	(901, 'Damara', '2016-01-03', 2, 538),
	(902, 'Marga', '2024-04-28', 2, 223),
	(903, 'Liam', '2015-10-10', 5, 233),
	(904, 'Constantin', '2021-12-21', 2, 376),
	(905, 'Terri', '2015-05-04', 2, 237),
	(906, 'Mollie', '2014-11-11', 1, 864),
	(907, 'Albertine', '2024-04-29', 4, 711),
	(908, 'Terry', '2022-02-24', 1, 430),
	(909, 'Flo', '2017-05-28', 5, 674),
	(910, 'Brandy', '2022-09-18', 4, 154),
	(911, 'Shelley', '2017-02-22', 1, 45),
	(912, 'Barnabas', '2016-12-14', 4, 704),
	(913, 'Vittoria', '2022-11-20', 5, 68),
	(914, 'Flinn', '2017-04-21', 6, 381),
	(915, 'Rudyard', '2019-08-31', 6, 794),
	(916, 'Stanford', '2018-06-19', 5, 665),
	(917, 'Barnabe', '2017-05-08', 6, 672),
	(918, 'Quincey', '2023-04-11', 1, 843),
	(919, 'Ephrem', '2014-11-26', 1, 290),
	(920, 'Imogene', '2022-09-27', 2, 428),
	(921, 'Mendie', '2020-02-15', 6, 357),
	(922, 'Dalton', '2020-12-06', 5, 677),
	(923, 'Ynez', '2022-10-24', 5, 3),
	(924, 'Bailey', '2015-02-11', 1, 787),
	(925, 'Micky', '2023-02-06', 3, 750),
	(926, 'Merrile', '2023-06-02', 1, 782),
	(927, 'Bartolemo', '2018-04-10', 5, 37),
	(928, 'Jim', '2017-12-16', 5, 42),
	(929, 'Lenard', '2020-01-05', 6, 722),
	(930, 'Gerti', '2023-04-22', 3, 652),
	(931, 'Agnes', '2021-02-24', 1, 841),
	(932, 'Osborne', '2017-06-27', 5, 884),
	(933, 'Edeline', '2020-06-23', 1, 194),
	(934, 'Adair', '2019-02-12', 1, 559),
	(935, 'Sarette', '2018-10-01', 1, 775),
	(936, 'Coop', '2022-03-06', 4, 881),
	(937, 'Tabb', '2015-11-10', 1, 636),
	(938, 'Wally', '2024-06-12', 5, 975),
	(939, 'Ema', '2015-12-20', 6, 768),
	(940, 'Garik', '2021-09-14', 2, 828),
	(941, 'Alys', '2016-01-15', 2, 142),
	(942, 'Gualterio', '2023-08-02', 6, 437),
	(943, 'Myca', '2021-09-26', 1, 944),
	(944, 'Farrand', '2021-06-27', 3, 798),
	(945, 'Nell', '2019-04-03', 1, 56),
	(946, 'Cross', '2016-11-18', 1, 869),
	(947, 'Findley', '2017-12-31', 5, 644),
	(948, 'Loria', '2023-06-29', 4, 372),
	(949, 'Windy', '2021-12-23', 1, 594),
	(950, 'Karylin', '2022-08-11', 1, 11),
	(951, 'Patten', '2023-05-03', 2, 583),
	(952, 'Evangeline', '2022-03-30', 3, 533),
	(953, 'Carmine', '2016-01-18', 4, 590),
	(954, 'Wally', '2022-12-21', 5, 479),
	(955, 'Dael', '2022-03-18', 1, 704),
	(956, 'Stephana', '2022-09-29', 6, 20),
	(957, 'Gwenore', '2017-12-28', 5, 229),
	(958, 'Sephira', '2021-07-12', 2, 494),
	(959, 'Rand', '2022-09-17', 1, 192),
	(960, 'Marybeth', '2018-06-30', 4, 674),
	(961, 'Tabor', '2014-10-10', 6, 462),
	(962, 'Georgeanne', '2019-12-14', 6, 799),
	(963, 'Mirelle', '2019-05-13', 6, 681),
	(964, 'Amabelle', '2016-03-21', 3, 149),
	(965, 'Adelle', '2024-08-05', 4, 429),
	(966, 'Christie', '2020-04-01', 3, 467),
	(967, 'Perry', '2015-06-23', 1, 162),
	(968, 'Corie', '2020-04-23', 6, 262),
	(969, 'Darya', '2016-06-17', 3, 478),
	(970, 'Regan', '2015-04-17', 5, 80),
	(971, 'Kimberley', '2021-03-29', 3, 641),
	(972, 'Natalee', '2018-09-09', 6, 876),
	(973, 'Sinclare', '2019-09-23', 2, 214),
	(974, 'Erinna', '2019-01-25', 4, 794),
	(975, 'Angelico', '2017-09-27', 1, 933),
	(976, 'Bathsheba', '2024-05-05', 1, 966),
	(977, 'Giselle', '2021-08-12', 3, 728),
	(978, 'Melvin', '2021-09-09', 6, 912),
	(979, 'Mathe', '2017-06-10', 1, 83),
	(980, 'Arline', '2018-03-05', 1, 637),
	(981, 'Dennison', '2024-02-24', 5, 874),
	(982, 'Sibley', '2014-11-26', 6, 533),
	(983, 'Pierson', '2015-04-20', 6, 277),
	(984, 'Shirlee', '2024-09-10', 4, 257),
	(985, 'Blondell', '2020-12-31', 2, 860),
	(986, 'Caitlin', '2023-12-13', 4, 591),
	(987, 'Isidor', '2018-01-19', 3, 342),
	(988, 'Clarinda', '2023-08-17', 5, 56),
	(989, 'Rees', '2019-10-13', 4, 144),
	(990, 'Fanchette', '2021-05-31', 3, 475),
	(991, 'Kerry', '2016-09-16', 4, 458),
	(992, 'Byran', '2018-11-24', 6, 550),
	(993, 'Janaya', '2014-12-05', 4, 633),
	(994, 'Adriaens', '2020-12-11', 4, 338),
	(995, 'Berthe', '2020-03-14', 2, 327),
	(996, 'Filberto', '2024-07-26', 5, 965),
	(997, 'Mervin', '2022-09-21', 5, 919),
	(998, 'Gonzales', '2019-09-20', 1, 415),
	(999, 'Augustina', '2016-12-04', 1, 963);
INSERT IGNORE INTO `pets` (`id`, `name`, `birth_date`, `type_id`, `owner_id`) VALUES
	(1000, 'Hyman', '2019-12-30', 1, 586),
	(1001, 'Regen', '2024-06-23', 1, 891),
	(1002, 'Kin', '2015-06-26', 1, 434),
	(1003, 'Zuzana', '2017-08-16', 6, 176),
	(1004, 'Haze', '2015-01-16', 1, 866),
	(1005, 'Kordula', '2024-08-01', 6, 394),
	(1006, 'Corbet', '2018-02-24', 4, 976),
	(1007, 'Julius', '2020-03-13', 6, 374),
	(1008, 'Fannie', '2018-10-23', 4, 235),
	(1009, 'Ninnetta', '2017-11-07', 5, 639),
	(1010, 'Bo', '2020-12-20', 5, 701),
	(1011, 'Dorry', '2021-05-28', 1, 151),
	(1012, 'Dacy', '2018-10-08', 6, 321),
	(1013, 'Bess', '2016-06-04', 5, 93),
	(1014, 'Bren', '2016-01-28', 1, 339),
	(1015, 'Jacquetta', '2015-09-13', 5, 624),
	(1016, 'Denis', '2022-06-23', 5, 450),
	(1017, 'Jenda', '2019-02-19', 2, 627),
	(1018, 'Martainn', '2022-04-27', 4, 114),
	(1019, 'Christabella', '2016-12-15', 2, 874),
	(1020, 'Ronny', '2015-01-31', 5, 813),
	(1021, 'Dudley', '2021-06-16', 2, 480),
	(1022, 'Anatole', '2020-04-10', 3, 395),
	(1023, 'Angeli', '2017-07-09', 1, 186),
	(1024, 'Clayson', '2021-11-21', 1, 152),
	(1025, 'Corina', '2015-02-16', 6, 380),
	(1026, 'Forrester', '2018-12-07', 3, 126),
	(1027, 'Feodor', '2017-06-26', 1, 425),
	(1028, 'Deirdre', '2019-09-01', 5, 129),
	(1029, 'Mina', '2018-06-07', 4, 153),
	(1030, 'Keir', '2024-08-04', 3, 943),
	(1031, 'Duncan', '2021-04-16', 6, 390),
	(1032, 'Ambrosius', '2021-09-29', 4, 611),
	(1033, 'Cinderella', '2017-12-08', 3, 71),
	(1034, 'Iseabal', '2016-05-30', 6, 478),
	(1035, 'Dex', '2017-12-02', 3, 601),
	(1036, 'Jareb', '2019-04-07', 5, 152),
	(1037, 'Roobbie', '2017-10-31', 3, 93),
	(1038, 'Norry', '2020-11-10', 1, 146),
	(1039, 'Bordie', '2018-06-23', 6, 138),
	(1040, 'Rosalynd', '2024-03-12', 2, 289),
	(1041, 'Elroy', '2020-10-30', 1, 790),
	(1042, 'Nelie', '2021-05-17', 4, 162),
	(1043, 'Luciano', '2017-01-28', 3, 705),
	(1044, 'Truda', '2019-09-12', 6, 557),
	(1045, 'Jody', '2015-11-20', 6, 130),
	(1046, 'Araldo', '2017-02-15', 4, 502),
	(1047, 'Juanita', '2022-11-02', 3, 592),
	(1048, 'Rachele', '2022-11-04', 3, 559),
	(1049, 'Marcellina', '2017-03-15', 6, 959),
	(1050, 'Mae', '2017-01-15', 1, 490),
	(1051, 'Mic', '2015-01-09', 5, 707),
	(1052, 'Dolley', '2018-02-19', 3, 330),
	(1053, 'Minnaminnie', '2015-05-28', 2, 950),
	(1054, 'Timmie', '2017-12-22', 6, 849),
	(1055, 'Roxana', '2018-12-27', 5, 601),
	(1056, 'Karlens', '2023-09-15', 6, 583),
	(1057, 'Kathleen', '2018-10-16', 3, 223),
	(1058, 'Griffin', '2020-11-12', 1, 128),
	(1059, 'Lyle', '2022-03-29', 3, 526),
	(1060, 'Barn', '2019-04-14', 5, 169),
	(1061, 'Antonius', '2019-03-05', 6, 340),
	(1062, 'Sandor', '2020-09-14', 1, 195),
	(1063, 'Kaitlynn', '2015-11-02', 2, 581),
	(1064, 'Christian', '2017-10-28', 6, 744),
	(1065, 'Stacie', '2024-01-27', 6, 464),
	(1066, 'Leesa', '2020-12-15', 2, 988),
	(1067, 'Somerset', '2019-02-22', 4, 413),
	(1068, 'Stanly', '2022-02-01', 4, 411),
	(1069, 'Cornie', '2023-09-15', 2, 450),
	(1070, 'Viva', '2022-07-11', 6, 688),
	(1071, 'Edi', '2015-03-22', 5, 451),
	(1072, 'Aline', '2017-09-01', 1, 422),
	(1073, 'Felice', '2021-06-16', 6, 665),
	(1074, 'Camille', '2019-12-23', 1, 584),
	(1075, 'Gard', '2019-11-28', 1, 863),
	(1076, 'Laurie', '2021-08-13', 3, 903),
	(1077, 'Kelcey', '2015-02-20', 6, 532),
	(1078, 'Hagen', '2018-02-09', 6, 554),
	(1079, 'Guillermo', '2021-07-02', 5, 298),
	(1080, 'Chryste', '2022-08-29', 4, 105),
	(1081, 'Myriam', '2016-04-05', 4, 793),
	(1082, 'Rhys', '2021-06-26', 4, 784),
	(1083, 'Leonore', '2021-08-31', 3, 953),
	(1084, 'Pattie', '2017-09-29', 3, 12),
	(1085, 'Lloyd', '2023-04-10', 3, 551),
	(1086, 'Obidiah', '2015-11-12', 6, 48),
	(1087, 'Casi', '2019-04-21', 6, 173),
	(1088, 'Denis', '2018-02-15', 4, 740),
	(1089, 'Gerardo', '2020-03-08', 6, 174),
	(1090, 'Lenette', '2016-05-08', 6, 477),
	(1091, 'Laverne', '2018-04-22', 3, 421),
	(1092, 'Wallache', '2024-05-09', 6, 376),
	(1093, 'Delilah', '2017-09-17', 6, 954),
	(1094, 'Marji', '2020-03-08', 5, 407),
	(1095, 'Jareb', '2021-12-02', 2, 9),
	(1096, 'Hughie', '2017-10-03', 3, 778),
	(1097, 'Lothario', '2021-11-30', 2, 28),
	(1098, 'Gilda', '2020-09-30', 5, 945),
	(1099, 'Malory', '2019-07-24', 2, 818),
	(1100, 'Dianne', '2016-09-17', 5, 368),
	(1101, 'Nadia', '2018-10-30', 2, 132),
	(1102, 'Ralph', '2024-03-21', 6, 954),
	(1103, 'Amabel', '2022-12-20', 3, 508),
	(1104, 'Babbette', '2020-02-21', 2, 362),
	(1105, 'Shelley', '2017-04-18', 5, 962),
	(1106, 'Debee', '2022-03-01', 4, 927),
	(1107, 'Shaylynn', '2021-07-24', 6, 419),
	(1108, 'Shirley', '2021-08-30', 5, 454),
	(1109, 'Hymie', '2021-08-09', 6, 386),
	(1110, 'Lara', '2022-09-16', 4, 393),
	(1111, 'Lilian', '2017-06-12', 6, 409),
	(1112, 'Jeno', '2015-12-05', 6, 497),
	(1113, 'Roman', '2022-06-13', 4, 598),
	(1114, 'Gar', '2019-03-19', 6, 163),
	(1115, 'Yetta', '2020-08-14', 5, 329),
	(1116, 'Florence', '2015-05-12', 1, 73),
	(1117, 'Foster', '2017-10-21', 5, 202),
	(1118, 'Zacherie', '2019-03-23', 4, 526),
	(1119, 'Geoffrey', '2022-10-02', 3, 396),
	(1120, 'Jone', '2015-10-20', 6, 73),
	(1121, 'Ursala', '2019-07-26', 3, 471),
	(1122, 'Gilbert', '2023-10-17', 4, 608),
	(1123, 'Hali', '2015-04-28', 3, 244),
	(1124, 'Nefen', '2017-05-13', 4, 92),
	(1125, 'Berti', '2018-05-19', 2, 702),
	(1126, 'Bendix', '2023-11-25', 1, 149),
	(1127, 'Edithe', '2023-02-24', 6, 872),
	(1128, 'Brooks', '2018-07-30', 4, 321),
	(1129, 'Corene', '2019-02-02', 3, 375),
	(1130, 'Perren', '2022-03-14', 5, 799),
	(1131, 'Ailis', '2023-09-03', 4, 301),
	(1132, 'Garrick', '2016-07-05', 5, 950),
	(1133, 'Gaston', '2018-11-28', 5, 125),
	(1134, 'Cayla', '2021-06-06', 5, 979),
	(1135, 'Jillayne', '2017-08-01', 5, 633),
	(1136, 'Zeb', '2021-07-05', 5, 895),
	(1137, 'Margette', '2020-09-17', 5, 895),
	(1138, 'Dael', '2023-02-12', 6, 429),
	(1139, 'Illa', '2021-11-27', 4, 861),
	(1140, 'Eleanora', '2020-01-13', 3, 566),
	(1141, 'Lebbie', '2020-01-17', 5, 721),
	(1142, 'Rea', '2016-04-16', 5, 399),
	(1143, 'Miriam', '2017-11-24', 4, 334),
	(1144, 'Tiffany', '2023-06-23', 3, 859),
	(1145, 'Elmo', '2020-03-27', 3, 62),
	(1146, 'Codie', '2018-09-07', 5, 775),
	(1147, 'Naomi', '2020-12-26', 6, 212),
	(1148, 'Carley', '2017-04-14', 3, 512),
	(1149, 'Levi', '2019-08-24', 2, 592),
	(1150, 'Dacey', '2016-07-19', 6, 227),
	(1151, 'Cirillo', '2016-08-03', 3, 893),
	(1152, 'Jobi', '2021-12-21', 5, 828),
	(1153, 'Aurora', '2021-10-06', 5, 732),
	(1154, 'Talia', '2018-06-19', 4, 497),
	(1155, 'Tad', '2018-03-31', 1, 455),
	(1156, 'Hayward', '2022-10-12', 4, 383),
	(1157, 'Cordie', '2019-03-05', 2, 511),
	(1158, 'Phaedra', '2017-01-19', 3, 535),
	(1159, 'Vivien', '2020-01-25', 6, 403),
	(1160, 'Katharina', '2019-10-11', 5, 526),
	(1161, 'Marchall', '2021-05-29', 4, 990),
	(1162, 'Andriette', '2022-07-21', 5, 132),
	(1163, 'Reagen', '2020-10-04', 4, 87),
	(1164, 'Claudine', '2022-08-22', 2, 452),
	(1165, 'Wadsworth', '2016-03-25', 5, 482),
	(1166, 'Elle', '2024-03-13', 4, 606),
	(1167, 'Ring', '2019-10-20', 6, 151),
	(1168, 'Morgan', '2023-11-26', 3, 47),
	(1169, 'Clim', '2024-05-08', 3, 81),
	(1170, 'Baudoin', '2015-04-29', 2, 700),
	(1171, 'Silva', '2019-07-27', 3, 590),
	(1172, 'Patricia', '2017-03-08', 5, 896),
	(1173, 'Hyatt', '2024-02-11', 1, 845),
	(1174, 'Maxwell', '2022-04-03', 2, 264),
	(1175, 'Kristoforo', '2022-01-12', 3, 420),
	(1176, 'Ferrell', '2015-11-08', 3, 33),
	(1177, 'Koressa', '2023-10-04', 3, 315),
	(1178, 'Dot', '2023-08-09', 5, 321),
	(1179, 'Marylin', '2016-01-09', 5, 103),
	(1180, 'Elston', '2021-11-03', 1, 725),
	(1181, 'Mathian', '2018-07-09', 6, 728),
	(1182, 'Aila', '2021-01-23', 6, 497),
	(1183, 'Rabbi', '2017-01-31', 2, 88),
	(1184, 'Norean', '2016-06-08', 6, 245),
	(1185, 'Manuel', '2019-08-17', 5, 486),
	(1186, 'Viviana', '2021-09-30', 3, 297),
	(1187, 'Timoteo', '2022-05-10', 3, 945),
	(1188, 'Roarke', '2018-11-08', 2, 449),
	(1189, 'Orelia', '2015-10-29', 4, 598),
	(1190, 'Shelley', '2022-05-19', 6, 440),
	(1191, 'Dorian', '2021-10-16', 4, 654),
	(1192, 'Kaylil', '2019-02-02', 6, 44),
	(1193, 'Jackie', '2024-06-06', 3, 532),
	(1194, 'Owen', '2019-09-19', 4, 503),
	(1195, 'Cassius', '2023-08-02', 1, 731),
	(1196, 'Jourdan', '2017-01-11', 5, 228),
	(1197, 'Kaylil', '2018-01-15', 4, 849),
	(1198, 'Lora', '2015-09-25', 2, 334),
	(1199, 'Philippa', '2023-06-16', 6, 34),
	(1200, 'Janeva', '2023-08-18', 3, 816),
	(1201, 'Lory', '2015-12-22', 1, 933),
	(1202, 'Margaux', '2015-12-26', 5, 115),
	(1203, 'Stanton', '2019-05-03', 6, 142),
	(1204, 'Dorolisa', '2023-06-09', 6, 882),
	(1205, 'Antonietta', '2024-01-30', 4, 285),
	(1206, 'Gail', '2017-09-07', 1, 948),
	(1207, 'Weber', '2015-01-17', 3, 352),
	(1208, 'Lianne', '2019-06-05', 1, 884),
	(1209, 'Danyette', '2018-09-05', 6, 328),
	(1210, 'Courtnay', '2018-07-26', 6, 276),
	(1211, 'Octavius', '2021-11-30', 4, 304),
	(1212, 'Saidee', '2017-12-02', 4, 773),
	(1213, 'Karlan', '2022-09-25', 2, 133),
	(1214, 'Amelie', '2023-10-15', 5, 677),
	(1215, 'Rhiamon', '2021-10-26', 1, 832),
	(1216, 'Mort', '2015-11-22', 6, 407),
	(1217, 'Granny', '2017-08-30', 3, 343),
	(1218, 'Avery', '2018-02-22', 5, 195),
	(1219, 'Missy', '2021-11-25', 1, 477),
	(1220, 'Ethelbert', '2020-11-16', 6, 24),
	(1221, 'Lynelle', '2017-02-08', 2, 917),
	(1222, 'Brandi', '2021-09-20', 1, 929),
	(1223, 'Massimiliano', '2018-12-15', 5, 115),
	(1224, 'Courtney', '2021-11-17', 4, 371),
	(1225, 'Lucien', '2019-12-26', 6, 771),
	(1226, 'Debby', '2018-05-10', 2, 783),
	(1227, 'Magdalen', '2017-05-02', 1, 755),
	(1228, 'Klement', '2020-05-17', 3, 980),
	(1229, 'Celesta', '2020-07-03', 1, 351),
	(1230, 'Bartie', '2015-10-23', 2, 562),
	(1231, 'Otha', '2015-10-03', 4, 911),
	(1232, 'Merrill', '2015-09-23', 1, 911),
	(1233, 'Oliy', '2020-08-17', 2, 207),
	(1234, 'Joline', '2015-05-04', 4, 605),
	(1235, 'Heriberto', '2022-10-17', 4, 460),
	(1236, 'Georgianna', '2024-06-17', 3, 805),
	(1237, 'Gannon', '2019-03-07', 1, 923),
	(1238, 'Raynor', '2017-06-02', 5, 619),
	(1239, 'Waylen', '2019-12-05', 3, 693),
	(1240, 'Dode', '2023-03-09', 3, 694),
	(1241, 'Ferdinanda', '2015-05-24', 5, 543),
	(1242, 'Toddy', '2023-07-17', 6, 152),
	(1243, 'Julissa', '2017-04-14', 2, 463),
	(1244, 'Cordelie', '2017-06-26', 1, 611),
	(1245, 'Wilfrid', '2018-04-10', 6, 253),
	(1246, 'Cary', '2023-03-15', 3, 131),
	(1247, 'Francyne', '2019-08-05', 1, 370),
	(1248, 'Emerson', '2014-11-25', 2, 710),
	(1249, 'Gwenny', '2016-05-13', 2, 255),
	(1250, 'Early', '2015-03-25', 6, 970),
	(1251, 'Ervin', '2023-06-15', 1, 78),
	(1252, 'Ilka', '2018-07-19', 6, 940),
	(1253, 'Lois', '2018-11-12', 3, 18),
	(1254, 'Jaymie', '2021-11-17', 2, 44),
	(1255, 'Flora', '2019-09-26', 4, 948),
	(1256, 'Hyacinth', '2023-11-05', 5, 286),
	(1257, 'Cleon', '2016-09-13', 6, 432),
	(1258, 'Consuelo', '2015-08-29', 5, 829),
	(1259, 'Crichton', '2015-09-23', 1, 429),
	(1260, 'Sacha', '2018-08-21', 4, 156),
	(1261, 'Jaynell', '2017-01-25', 3, 939),
	(1262, 'Mauricio', '2022-12-15', 1, 217),
	(1263, 'Natalina', '2016-05-13', 1, 265),
	(1264, 'Cindy', '2022-03-25', 3, 115),
	(1265, 'Ninette', '2021-03-05', 1, 994),
	(1266, 'Magdaia', '2023-10-25', 5, 272),
	(1267, 'Ned', '2023-07-11', 6, 995),
	(1268, 'Sharleen', '2022-09-02', 6, 468),
	(1269, 'Robers', '2017-06-30', 3, 990),
	(1270, 'Rozalie', '2014-12-22', 5, 288),
	(1271, 'Federica', '2023-03-17', 5, 974),
	(1272, 'Bianca', '2017-10-18', 1, 31),
	(1273, 'Dorette', '2016-06-23', 4, 234),
	(1274, 'Eyde', '2022-08-30', 4, 326),
	(1275, 'Sasha', '2018-06-28', 2, 673),
	(1276, 'Rochell', '2021-12-21', 3, 14),
	(1277, 'Nahum', '2017-02-28', 3, 703),
	(1278, 'Amelina', '2023-08-30', 1, 321),
	(1279, 'Elihu', '2023-10-28', 1, 181),
	(1280, 'Cobb', '2024-09-08', 5, 604),
	(1281, 'Letitia', '2021-06-29', 1, 801),
	(1282, 'Enriqueta', '2022-11-25', 1, 662),
	(1283, 'Caesar', '2014-12-21', 5, 655),
	(1284, 'Dud', '2015-08-06', 4, 629),
	(1285, 'Orville', '2021-06-20', 4, 824),
	(1286, 'Rafaelia', '2016-05-29', 4, 767),
	(1287, 'Wenonah', '2021-03-29', 4, 316),
	(1288, 'Cecilia', '2022-11-08', 4, 238),
	(1289, 'Carson', '2019-01-20', 1, 620),
	(1290, 'Kristen', '2021-06-07', 5, 20),
	(1291, 'Valry', '2017-10-18', 5, 626),
	(1292, 'Hughie', '2019-09-29', 3, 640),
	(1293, 'Lisle', '2017-02-18', 2, 536),
	(1294, 'Jasper', '2024-06-22', 3, 4),
	(1295, 'Fawnia', '2018-01-08', 1, 360),
	(1296, 'Ania', '2015-07-16', 1, 908),
	(1297, 'Gerta', '2024-08-08', 1, 282),
	(1298, 'Sebastiano', '2023-12-24', 3, 672),
	(1299, 'Edy', '2017-10-28', 4, 842),
	(1300, 'Austine', '2017-11-05', 5, 449),
	(1301, 'Minda', '2015-02-13', 6, 191),
	(1302, 'Dougy', '2015-09-13', 1, 227),
	(1303, 'Ashley', '2022-04-14', 4, 670),
	(1304, 'Floyd', '2023-07-18', 3, 703),
	(1305, 'Clayborne', '2015-03-27', 6, 772),
	(1306, 'Torry', '2019-04-01', 3, 893),
	(1307, 'Arch', '2021-12-31', 6, 273),
	(1308, 'Jodi', '2015-04-13', 5, 847),
	(1309, 'Lari', '2023-09-22', 2, 593),
	(1310, 'Garfield', '2024-05-26', 6, 173),
	(1311, 'Morena', '2016-03-20', 3, 59),
	(1312, 'Elaine', '2021-01-08', 6, 112),
	(1313, 'Matthus', '2023-01-25', 4, 704),
	(1314, 'Silvan', '2021-05-18', 6, 551),
	(1315, 'Giraldo', '2015-10-10', 2, 541),
	(1316, 'Greer', '2017-10-24', 2, 845),
	(1317, 'Peterus', '2018-08-14', 1, 607),
	(1318, 'Ali', '2020-01-04', 3, 934),
	(1319, 'Raymund', '2021-10-10', 2, 379),
	(1320, 'Odelle', '2024-01-25', 5, 422),
	(1321, 'Duky', '2014-12-15', 6, 721),
	(1322, 'Cecile', '2022-05-10', 4, 137),
	(1323, 'Astra', '2022-01-26', 2, 3),
	(1324, 'Conni', '2016-01-24', 5, 603),
	(1325, 'Justino', '2016-03-22', 6, 448),
	(1326, 'Ryann', '2019-04-04', 1, 893),
	(1327, 'Corinna', '2020-08-16', 4, 170),
	(1328, 'Claude', '2015-05-24', 2, 968),
	(1329, 'Caroljean', '2018-04-23', 3, 476),
	(1330, 'Herculie', '2020-12-05', 2, 583),
	(1331, 'Alexandre', '2022-04-20', 4, 892),
	(1332, 'Franzen', '2019-03-22', 4, 260),
	(1333, 'Laetitia', '2016-10-09', 5, 89),
	(1334, 'Calley', '2017-08-30', 5, 617),
	(1335, 'Olag', '2018-04-28', 3, 266),
	(1336, 'Nicholas', '2020-05-04', 1, 737),
	(1337, 'Dorrie', '2021-08-14', 5, 997),
	(1338, 'Harriott', '2023-10-15', 2, 423),
	(1339, 'Eadie', '2022-05-05', 3, 146),
	(1340, 'Norbert', '2015-05-17', 6, 647),
	(1341, 'Tiler', '2023-04-21', 5, 783),
	(1342, 'Heriberto', '2016-06-02', 3, 942),
	(1343, 'Lynette', '2021-01-22', 1, 284),
	(1344, 'Sammy', '2022-05-09', 6, 595),
	(1345, 'Arlana', '2022-07-08', 6, 340),
	(1346, 'Cheston', '2023-05-24', 1, 532),
	(1347, 'Nanci', '2015-04-10', 6, 864),
	(1348, 'Petronia', '2018-02-04', 5, 939),
	(1349, 'Darb', '2019-01-15', 4, 534),
	(1350, 'Stephine', '2015-11-20', 4, 578),
	(1351, 'Scotty', '2020-06-03', 6, 617),
	(1352, 'Sydney', '2024-08-25', 3, 779),
	(1353, 'Florence', '2020-07-17', 3, 598),
	(1354, 'Zita', '2016-12-30', 2, 216),
	(1355, 'Aylmar', '2015-12-23', 2, 483),
	(1356, 'Karlie', '2020-01-16', 1, 704),
	(1357, 'Stephen', '2023-12-21', 6, 576),
	(1358, 'Bambi', '2022-01-20', 5, 537),
	(1359, 'Lois', '2021-03-21', 5, 148),
	(1360, 'Tess', '2022-04-02', 3, 262),
	(1361, 'Mariel', '2019-05-19', 1, 237),
	(1362, 'Wally', '2020-11-09', 3, 791),
	(1363, 'Mirelle', '2015-02-14', 2, 802),
	(1364, 'Rodolfo', '2017-10-07', 5, 340),
	(1365, 'Jaquelin', '2020-10-27', 4, 82),
	(1366, 'Lauritz', '2021-06-09', 2, 781),
	(1367, 'Roarke', '2020-04-04', 1, 619),
	(1368, 'Lilyan', '2015-08-27', 6, 813),
	(1369, 'Gusty', '2016-02-25', 6, 288),
	(1370, 'Giavani', '2020-11-14', 5, 204),
	(1371, 'Liesa', '2018-12-02', 5, 167),
	(1372, 'Trace', '2015-02-24', 2, 690),
	(1373, 'Marybelle', '2020-07-09', 1, 581),
	(1374, 'Wilhelm', '2019-04-05', 3, 763),
	(1375, 'Liza', '2024-02-10', 4, 549),
	(1376, 'Pris', '2018-07-29', 4, 352),
	(1377, 'Bennie', '2022-11-24', 5, 15),
	(1378, 'Jenny', '2017-11-19', 3, 958),
	(1379, 'Sammie', '2021-04-08', 3, 630),
	(1380, 'Antonia', '2015-09-19', 5, 810),
	(1381, 'Barrett', '2021-11-18', 2, 187),
	(1382, 'Gill', '2020-03-29', 6, 979),
	(1383, 'Kyle', '2017-04-05', 1, 977),
	(1384, 'Chariot', '2023-11-05', 4, 723),
	(1385, 'Hannie', '2019-04-22', 2, 762),
	(1386, 'Ira', '2016-07-18', 1, 595),
	(1387, 'Klarika', '2019-06-22', 3, 35),
	(1388, 'Prentiss', '2015-06-22', 6, 133),
	(1389, 'Madlen', '2015-10-15', 1, 108),
	(1390, 'Isadora', '2021-08-06', 6, 894),
	(1391, 'Andras', '2015-06-03', 1, 379),
	(1392, 'Nappie', '2018-06-27', 4, 588),
	(1393, 'Ermin', '2021-06-10', 3, 263),
	(1394, 'Way', '2022-09-08', 3, 323),
	(1395, 'Duffie', '2020-01-10', 6, 507),
	(1396, 'Melinde', '2023-01-07', 1, 70),
	(1397, 'Arleen', '2021-11-26', 5, 301),
	(1398, 'Robbie', '2018-09-11', 4, 250),
	(1399, 'Briny', '2018-03-06', 2, 778),
	(1400, 'Rolland', '2022-12-07', 4, 714),
	(1401, 'Carlita', '2017-03-02', 4, 769),
	(1402, 'Berti', '2016-10-08', 1, 782),
	(1403, 'Mendie', '2021-12-21', 2, 326),
	(1404, 'Kimmie', '2019-12-26', 4, 751),
	(1405, 'Tedie', '2021-10-03', 4, 464),
	(1406, 'Gail', '2016-10-30', 1, 902),
	(1407, 'Ricki', '2023-05-23', 4, 300),
	(1408, 'Esdras', '2021-09-11', 6, 776),
	(1409, 'Ermanno', '2017-07-22', 1, 999),
	(1410, 'Ellen', '2020-10-28', 2, 301),
	(1411, 'Chrysler', '2022-05-19', 5, 255),
	(1412, 'Ambrosio', '2019-04-19', 2, 749),
	(1413, 'Ida', '2019-10-13', 4, 693),
	(1414, 'Benedetto', '2014-12-15', 2, 330),
	(1415, 'Kory', '2016-06-04', 2, 641),
	(1416, 'Jacky', '2024-06-23', 4, 516),
	(1417, 'Sissie', '2023-08-24', 1, 676),
	(1418, 'Andonis', '2021-08-12', 4, 407),
	(1419, 'Ced', '2017-05-01', 2, 342),
	(1420, 'Deni', '2022-05-05', 4, 414),
	(1421, 'Harmony', '2017-12-18', 2, 177),
	(1422, 'Virginie', '2017-05-08', 5, 426),
	(1423, 'Chickie', '2018-06-28', 5, 952),
	(1424, 'Stanwood', '2019-09-30', 4, 724),
	(1425, 'Frederico', '2015-01-04', 2, 116),
	(1426, 'Laural', '2019-10-13', 4, 743),
	(1427, 'North', '2020-01-17', 2, 290),
	(1428, 'Devonna', '2024-01-29', 3, 720),
	(1429, 'Kania', '2018-10-16', 3, 971),
	(1430, 'Griffy', '2023-06-24', 1, 66),
	(1431, 'Kaja', '2020-04-30', 3, 713),
	(1432, 'Breena', '2017-01-20', 6, 367),
	(1433, 'Austine', '2017-10-12', 6, 80),
	(1434, 'Robert', '2019-02-24', 2, 704),
	(1435, 'Mart', '2022-11-17', 5, 212),
	(1436, 'Giffard', '2017-07-06', 3, 373),
	(1437, 'Wolf', '2023-08-31', 5, 367),
	(1438, 'Cookie', '2016-03-29', 1, 890),
	(1439, 'Caro', '2023-06-01', 5, 115),
	(1440, 'Harwilll', '2015-09-27', 2, 208),
	(1441, 'Gypsy', '2022-06-06', 5, 196),
	(1442, 'Issiah', '2021-05-12', 4, 222),
	(1443, 'Emylee', '2016-12-07', 5, 137),
	(1444, 'Robbin', '2016-11-28', 3, 239),
	(1445, 'Katherine', '2023-11-26', 6, 372),
	(1446, 'Olympie', '2021-02-16', 1, 991),
	(1447, 'Hadrian', '2016-01-13', 2, 872),
	(1448, 'Van', '2023-06-13', 3, 505),
	(1449, 'Fanny', '2023-06-26', 2, 64),
	(1450, 'Alejoa', '2015-11-13', 1, 892),
	(1451, 'Carmencita', '2021-11-17', 6, 792),
	(1452, 'Dunn', '2017-07-17', 6, 819),
	(1453, 'Lyndy', '2018-11-18', 3, 814),
	(1454, 'Lilian', '2023-08-23', 1, 126),
	(1455, 'Reggis', '2015-02-24', 3, 845),
	(1456, 'Corrianne', '2021-03-06', 6, 974),
	(1457, 'Bessy', '2019-01-22', 4, 296),
	(1458, 'Sigfrid', '2018-01-25', 4, 743),
	(1459, 'Pammi', '2017-10-20', 2, 271),
	(1460, 'Lonnard', '2023-04-03', 6, 529),
	(1461, 'Millard', '2018-01-18', 6, 36),
	(1462, 'Roda', '2023-11-30', 2, 307),
	(1463, 'Jeffry', '2021-12-19', 6, 551),
	(1464, 'Portia', '2021-08-08', 3, 205),
	(1465, 'Gianni', '2022-03-23', 6, 245),
	(1466, 'Nelia', '2020-12-04', 3, 335),
	(1467, 'Reinaldo', '2017-04-26', 3, 433),
	(1468, 'Dorotea', '2020-08-17', 3, 642),
	(1469, 'Roxane', '2021-01-20', 5, 312),
	(1470, 'Dalenna', '2016-12-26', 5, 380),
	(1471, 'Fay', '2014-11-03', 5, 419),
	(1472, 'Tabatha', '2020-08-26', 1, 636),
	(1473, 'Annecorinne', '2017-01-16', 2, 707),
	(1474, 'Alika', '2016-01-27', 2, 25),
	(1475, 'Marabel', '2019-05-26', 5, 459),
	(1476, 'Ardra', '2016-06-09', 6, 628),
	(1477, 'Alex', '2020-02-10', 4, 340),
	(1478, 'Maribel', '2020-09-19', 5, 243),
	(1479, 'Aubry', '2017-02-27', 6, 53),
	(1480, 'Rainer', '2020-03-16', 1, 808),
	(1481, 'Linus', '2024-05-07', 1, 57),
	(1482, 'Christoforo', '2019-04-29', 3, 472),
	(1483, 'Floria', '2017-06-10', 6, 370),
	(1484, 'Brant', '2017-02-01', 4, 585),
	(1485, 'Ailee', '2020-03-27', 6, 774),
	(1486, 'Toddie', '2016-11-09', 3, 909),
	(1487, 'Gualterio', '2015-10-20', 3, 579),
	(1488, 'Nicola', '2017-06-28', 5, 377),
	(1489, 'Brody', '2020-04-30', 2, 335),
	(1490, 'Ronna', '2020-12-04', 1, 482),
	(1491, 'Linzy', '2019-09-05', 6, 500),
	(1492, 'Herve', '2019-04-03', 3, 325),
	(1493, 'Marshall', '2022-07-13', 1, 362),
	(1494, 'Web', '2015-02-28', 3, 46),
	(1495, 'Zelig', '2019-09-21', 2, 570),
	(1496, 'Russ', '2020-11-07', 2, 293),
	(1497, 'Heath', '2024-05-16', 2, 71),
	(1498, 'Britteny', '2020-06-19', 1, 647),
	(1499, 'Zeb', '2020-09-07', 3, 539),
	(1500, 'Veronique', '2017-03-30', 4, 928),
	(1501, 'Arleta', '2014-10-08', 4, 399),
	(1502, 'Beatrice', '2020-01-06', 1, 721),
	(1503, 'Maxie', '2023-08-17', 2, 118),
	(1504, 'Ase', '2024-03-20', 3, 298),
	(1505, 'Spenser', '2019-06-20', 5, 661),
	(1506, 'Lexine', '2021-01-31', 5, 583),
	(1507, 'Mariquilla', '2015-01-17', 6, 874),
	(1508, 'Tomas', '2018-10-17', 5, 921),
	(1509, 'Humphrey', '2018-09-02', 3, 343),
	(1510, 'Derry', '2020-11-14', 6, 392),
	(1511, 'Selina', '2021-03-12', 6, 254),
	(1512, 'Catharina', '2022-07-18', 4, 585),
	(1513, 'Ivonne', '2019-11-29', 6, 541),
	(1514, 'Felike', '2015-04-12', 4, 418),
	(1515, 'Holly-anne', '2016-01-12', 3, 516),
	(1516, 'Estrellita', '2019-09-20', 2, 42),
	(1517, 'Trina', '2019-01-23', 4, 748),
	(1518, 'Lucila', '2021-07-08', 4, 253),
	(1519, 'Lisha', '2022-11-27', 3, 472),
	(1520, 'Andrew', '2017-10-04', 4, 372),
	(1521, 'Immanuel', '2016-10-15', 6, 860),
	(1522, 'Mariejeanne', '2017-06-22', 5, 682),
	(1523, 'Daveta', '2020-08-02', 1, 257),
	(1524, 'Melli', '2022-04-09', 6, 867),
	(1525, 'Kata', '2017-01-10', 5, 770),
	(1526, 'Myrlene', '2018-01-18', 6, 71),
	(1527, 'Harwilll', '2020-03-22', 3, 986),
	(1528, 'Read', '2018-12-05', 6, 155),
	(1529, 'Lotte', '2015-05-24', 2, 716),
	(1530, 'Maighdiln', '2018-08-10', 2, 511),
	(1531, 'Eugine', '2014-12-02', 5, 350),
	(1532, 'Helenelizabeth', '2017-07-17', 3, 696),
	(1533, 'Jaquenetta', '2018-02-21', 6, 608),
	(1534, 'Rice', '2023-11-15', 3, 90),
	(1535, 'Florian', '2021-09-17', 2, 113),
	(1536, 'Barrett', '2016-09-26', 4, 777),
	(1537, 'Esme', '2017-03-10', 1, 359),
	(1538, 'Rosamund', '2019-01-18', 6, 406),
	(1539, 'Mark', '2020-06-04', 4, 559),
	(1540, 'Jeralee', '2016-05-09', 6, 565),
	(1541, 'Carrie', '2018-02-20', 6, 305),
	(1542, 'Curry', '2021-07-18', 6, 799),
	(1543, 'Omero', '2024-02-12', 6, 63),
	(1544, 'Augustina', '2018-03-24', 6, 540),
	(1545, 'Dawna', '2024-03-11', 6, 835),
	(1546, 'Jeanie', '2017-09-24', 4, 748),
	(1547, 'Taddeo', '2016-02-08', 3, 52),
	(1548, 'Babbie', '2016-04-09', 5, 548),
	(1549, 'Enos', '2019-05-10', 5, 596),
	(1550, 'Roi', '2020-01-10', 3, 971),
	(1551, 'Carine', '2022-06-27', 4, 650),
	(1552, 'Darelle', '2023-10-23', 2, 471),
	(1553, 'Chaddy', '2018-10-14', 2, 81),
	(1554, 'Leese', '2017-07-18', 2, 484),
	(1555, 'Devi', '2021-06-11', 5, 43),
	(1556, 'Cecilla', '2016-01-15', 2, 994),
	(1557, 'Fayina', '2018-02-08', 6, 274),
	(1558, 'Laurena', '2024-03-05', 3, 789),
	(1559, 'Dill', '2023-10-25', 3, 351),
	(1560, 'Rosalinda', '2017-02-25', 1, 474),
	(1561, 'Jacquelyn', '2017-05-23', 3, 210),
	(1562, 'Drusy', '2021-01-27', 6, 128),
	(1563, 'Shina', '2017-02-10', 1, 999),
	(1564, 'Leo', '2016-05-17', 3, 544),
	(1565, 'Esma', '2020-10-16', 2, 838),
	(1566, 'Armand', '2019-11-02', 5, 215),
	(1567, 'Lidia', '2023-10-31', 6, 61),
	(1568, 'Eileen', '2019-04-08', 3, 589),
	(1569, 'Abeu', '2016-04-30', 6, 462),
	(1570, 'Ralina', '2023-10-21', 2, 617),
	(1571, 'Hartley', '2015-11-27', 3, 190),
	(1572, 'Marlin', '2021-12-09', 5, 154),
	(1573, 'Carilyn', '2018-03-19', 6, 774),
	(1574, 'Timotheus', '2021-09-30', 1, 645),
	(1575, 'Robenia', '2022-07-13', 5, 547),
	(1576, 'Anatola', '2020-08-25', 4, 305),
	(1577, 'Marion', '2017-11-13', 1, 74),
	(1578, 'Durant', '2024-01-17', 1, 478),
	(1579, 'Wilmette', '2022-04-20', 6, 751),
	(1580, 'Lindie', '2016-08-21', 3, 466),
	(1581, 'Carolynn', '2014-10-16', 5, 190),
	(1582, 'Rozella', '2015-03-10', 1, 885),
	(1583, 'Etienne', '2019-04-12', 2, 270),
	(1584, 'Dud', '2014-10-05', 2, 574),
	(1585, 'Lenka', '2021-03-14', 6, 995),
	(1586, 'Meridith', '2018-06-02', 3, 479),
	(1587, 'Aggi', '2016-04-12', 5, 194),
	(1588, 'Myrtice', '2020-06-24', 2, 200),
	(1589, 'Leonore', '2020-03-26', 5, 839),
	(1590, 'Janaye', '2023-03-03', 2, 437),
	(1591, 'Janette', '2023-03-19', 5, 450),
	(1592, 'Faina', '2021-09-14', 4, 38),
	(1593, 'Ashleigh', '2015-02-27', 1, 793),
	(1594, 'Carmelita', '2020-11-04', 5, 414),
	(1595, 'Vlad', '2023-05-14', 2, 559),
	(1596, 'Emelda', '2019-09-23', 2, 477),
	(1597, 'Kristo', '2020-11-30', 4, 715),
	(1598, 'Gallagher', '2017-04-21', 6, 684),
	(1599, 'Shem', '2016-04-21', 1, 698),
	(1600, 'Francyne', '2017-05-06', 3, 779),
	(1601, 'Dorothy', '2021-06-28', 1, 32),
	(1602, 'Ketty', '2024-02-03', 3, 595),
	(1603, 'Dorotea', '2024-06-04', 4, 947),
	(1604, 'Avrit', '2022-10-13', 4, 789),
	(1605, 'Enrico', '2019-10-20', 6, 724),
	(1606, 'Barbette', '2022-08-06', 3, 236),
	(1607, 'Jonathan', '2018-07-26', 2, 887),
	(1608, 'Janene', '2020-07-06', 2, 233),
	(1609, 'Royall', '2021-09-21', 5, 558),
	(1610, 'Davin', '2017-10-27', 3, 125),
	(1611, 'Ethe', '2019-11-28', 3, 905),
	(1612, 'Patsy', '2022-11-24', 2, 106),
	(1613, 'Beau', '2020-11-22', 3, 37),
	(1614, 'Alessandro', '2015-06-26', 1, 665),
	(1615, 'Linnell', '2016-06-10', 3, 622),
	(1616, 'Trey', '2024-07-01', 5, 592),
	(1617, 'Margit', '2023-10-20', 3, 985),
	(1618, 'Berte', '2023-04-03', 4, 999),
	(1619, 'Conway', '2016-05-27', 6, 58),
	(1620, 'Addison', '2022-02-21', 1, 509),
	(1621, 'Rubin', '2023-03-31', 2, 395),
	(1622, 'Giulio', '2022-05-01', 2, 788),
	(1623, 'Nicola', '2018-02-28', 2, 742),
	(1624, 'Nanci', '2017-02-25', 1, 828),
	(1625, 'Gabi', '2018-10-12', 2, 476),
	(1626, 'Marj', '2017-01-10', 2, 533),
	(1627, 'Yurik', '2023-08-13', 3, 856),
	(1628, 'Myrtice', '2016-09-12', 6, 525),
	(1629, 'Mason', '2018-01-20', 6, 236),
	(1630, 'Dominik', '2018-10-17', 2, 764),
	(1631, 'Lawton', '2022-08-23', 1, 123),
	(1632, 'Ilsa', '2015-05-09', 2, 827),
	(1633, 'James', '2015-01-21', 2, 90),
	(1634, 'Brod', '2023-10-03', 2, 6),
	(1635, 'Tommi', '2019-06-10', 5, 380),
	(1636, 'Sawyere', '2021-08-19', 4, 4),
	(1637, 'Corrianne', '2016-10-24', 4, 579),
	(1638, 'Alyssa', '2022-03-01', 3, 160),
	(1639, 'Olva', '2016-09-30', 6, 678),
	(1640, 'Adara', '2022-05-15', 3, 306),
	(1641, 'Herman', '2017-01-17', 4, 216),
	(1642, 'Pansie', '2022-11-24', 1, 626),
	(1643, 'Carl', '2016-04-05', 1, 116),
	(1644, 'Lena', '2018-06-07', 6, 384),
	(1645, 'Constance', '2023-07-31', 3, 3),
	(1646, 'Yelena', '2020-12-07', 6, 845),
	(1647, 'Read', '2019-04-06', 1, 378),
	(1648, 'Annabal', '2015-07-27', 4, 68),
	(1649, 'Michell', '2024-02-19', 1, 284),
	(1650, 'Spense', '2022-05-09', 2, 241),
	(1651, 'Kathlin', '2024-01-07', 1, 731),
	(1652, 'Thoma', '2024-02-23', 5, 76),
	(1653, 'Brana', '2022-11-20', 1, 450),
	(1654, 'Kania', '2020-07-12', 5, 768),
	(1655, 'Kliment', '2015-06-12', 3, 723),
	(1656, 'Rory', '2017-10-21', 1, 243),
	(1657, 'Corrina', '2019-06-13', 5, 44),
	(1658, 'Mandy', '2021-07-23', 5, 409),
	(1659, 'Corenda', '2020-08-15', 3, 384),
	(1660, 'Danie', '2022-08-09', 4, 959),
	(1661, 'Rena', '2024-08-17', 5, 808),
	(1662, 'Lauree', '2018-12-23', 3, 87),
	(1663, 'Page', '2024-06-23', 3, 476),
	(1664, 'Dilly', '2017-07-14', 4, 209),
	(1665, 'Sonja', '2019-08-20', 6, 950),
	(1666, 'Raynell', '2022-01-21', 5, 700),
	(1667, 'Christabella', '2023-11-26', 3, 810),
	(1668, 'Bevin', '2019-01-26', 4, 755),
	(1669, 'Cristionna', '2017-05-11', 5, 211),
	(1670, 'Magda', '2023-01-13', 4, 966),
	(1671, 'Aldrich', '2021-11-15', 2, 475),
	(1672, 'Norry', '2018-08-15', 3, 832),
	(1673, 'Gareth', '2020-01-22', 2, 576),
	(1674, 'Minne', '2022-10-03', 1, 604),
	(1675, 'Kermit', '2019-09-11', 4, 423),
	(1676, 'Sianna', '2016-12-09', 3, 235),
	(1677, 'Donny', '2020-06-14', 2, 987),
	(1678, 'Napoleon', '2017-12-29', 3, 528),
	(1679, 'Dietrich', '2020-03-08', 2, 607),
	(1680, 'Elihu', '2022-06-15', 2, 967),
	(1681, 'Auguste', '2020-11-25', 3, 176),
	(1682, 'Rosalinda', '2021-02-22', 6, 865),
	(1683, 'Berni', '2020-04-16', 3, 347),
	(1684, 'Mary', '2023-02-14', 1, 177),
	(1685, 'Cody', '2023-08-14', 6, 976),
	(1686, 'Jannel', '2022-10-13', 5, 555),
	(1687, 'Luci', '2021-06-15', 1, 935),
	(1688, 'Joanne', '2019-10-26', 2, 106),
	(1689, 'Arman', '2015-06-22', 6, 544),
	(1690, 'Joey', '2023-10-25', 5, 135),
	(1691, 'Allie', '2015-05-06', 2, 150),
	(1692, 'Kennan', '2021-02-01', 1, 832),
	(1693, 'Randolf', '2023-11-29', 6, 339),
	(1694, 'Laraine', '2021-03-12', 5, 72),
	(1695, 'Jayme', '2018-04-19', 2, 726),
	(1696, 'Jill', '2023-07-05', 6, 364),
	(1697, 'Orel', '2022-12-09', 6, 372),
	(1698, 'Cheslie', '2015-04-29', 6, 785),
	(1699, 'Meridith', '2018-01-12', 5, 930),
	(1700, 'Giana', '2024-05-28', 4, 211),
	(1701, 'Amalee', '2024-04-07', 5, 411),
	(1702, 'Ginelle', '2023-03-29', 1, 928),
	(1703, 'Gerri', '2017-08-29', 4, 758),
	(1704, 'Farrand', '2024-03-28', 4, 254),
	(1705, 'Korey', '2024-07-09', 2, 603),
	(1706, 'Debora', '2019-11-18', 6, 557),
	(1707, 'Karia', '2021-12-02', 1, 506),
	(1708, 'Arnold', '2021-06-24', 3, 728),
	(1709, 'Franni', '2018-06-30', 3, 788),
	(1710, 'Berne', '2024-03-03', 3, 247),
	(1711, 'Johannah', '2020-12-08', 6, 695),
	(1712, 'Fee', '2023-05-05', 4, 619),
	(1713, 'Drucie', '2015-04-25', 1, 577),
	(1714, 'Abagael', '2017-07-21', 2, 416),
	(1715, 'Courtney', '2016-08-01', 2, 695),
	(1716, 'Shea', '2022-02-20', 5, 142),
	(1717, 'Lilith', '2021-08-18', 3, 709),
	(1718, 'Brnaby', '2021-08-21', 4, 650),
	(1719, 'Bronny', '2015-03-19', 3, 507),
	(1720, 'Tamarra', '2017-11-24', 2, 934),
	(1721, 'Nigel', '2019-10-10', 2, 377),
	(1722, 'Terrill', '2018-08-08', 3, 909),
	(1723, 'Maryanna', '2021-09-15', 6, 909),
	(1724, 'Lezley', '2016-07-22', 3, 170),
	(1725, 'Lusa', '2022-05-06', 2, 691),
	(1726, 'Vite', '2018-05-29', 2, 187),
	(1727, 'Christalle', '2022-08-25', 6, 799),
	(1728, 'Imogen', '2019-11-23', 2, 486),
	(1729, 'Wilden', '2017-05-24', 2, 645),
	(1730, 'Ola', '2015-04-10', 3, 438),
	(1731, 'Jerome', '2024-06-06', 6, 190),
	(1732, 'Cloris', '2024-04-25', 2, 382),
	(1733, 'Meryl', '2016-06-07', 2, 707),
	(1734, 'Olin', '2019-12-03', 4, 817),
	(1735, 'Gill', '2022-12-15', 2, 471),
	(1736, 'Alyss', '2014-11-17', 5, 254),
	(1737, 'Baron', '2021-02-06', 4, 889),
	(1738, 'Michele', '2015-09-28', 3, 919),
	(1739, 'Ruthie', '2015-12-25', 4, 774),
	(1740, 'Silvio', '2020-09-02', 4, 69),
	(1741, 'Myrta', '2022-05-29', 5, 561),
	(1742, 'Claybourne', '2019-04-07', 1, 889),
	(1743, 'Phebe', '2019-05-26', 6, 548),
	(1744, 'Gibb', '2020-03-27', 4, 22),
	(1745, 'Waiter', '2020-01-02', 2, 478),
	(1746, 'Veronike', '2023-01-18', 5, 146),
	(1747, 'Issie', '2014-12-06', 5, 871),
	(1748, 'Stinky', '2023-07-15', 6, 775),
	(1749, 'Quintus', '2019-05-15', 2, 664),
	(1750, 'Mable', '2015-05-12', 1, 554),
	(1751, 'Clarisse', '2015-01-21', 3, 967),
	(1752, 'Marshall', '2019-07-27', 6, 913),
	(1753, 'Eydie', '2016-01-28', 5, 513),
	(1754, 'Ryan', '2019-07-15', 2, 917),
	(1755, 'Hermon', '2017-04-29', 2, 422),
	(1756, 'Mic', '2019-11-09', 3, 43),
	(1757, 'Bessy', '2017-11-06', 6, 351),
	(1758, 'Jeannie', '2016-08-16', 6, 714),
	(1759, 'Margie', '2018-04-22', 4, 466),
	(1760, 'Rita', '2023-07-20', 2, 131),
	(1761, 'Dana', '2023-08-18', 3, 259),
	(1762, 'Marlo', '2018-04-03', 5, 358),
	(1763, 'Jenn', '2021-05-13', 2, 425),
	(1764, 'Shanta', '2023-06-12', 6, 165),
	(1765, 'Barbara-anne', '2015-12-27', 4, 377),
	(1766, 'Von', '2015-06-30', 3, 396),
	(1767, 'Culver', '2021-06-17', 5, 148),
	(1768, 'Katharine', '2018-04-09', 2, 992),
	(1769, 'Cris', '2023-06-10', 6, 62),
	(1770, 'Rosita', '2020-06-12', 4, 431),
	(1771, 'Hillier', '2020-06-15', 3, 725),
	(1772, 'Shepard', '2021-02-24', 1, 59),
	(1773, 'Gunther', '2018-05-21', 3, 199),
	(1774, 'Aili', '2018-11-07', 4, 387),
	(1775, 'Corly', '2019-12-24', 4, 318),
	(1776, 'Benedikt', '2022-09-23', 3, 434),
	(1777, 'Bryant', '2019-03-17', 6, 968),
	(1778, 'Lilyan', '2022-12-11', 4, 140),
	(1779, 'Ahmed', '2021-09-11', 2, 532),
	(1780, 'Jerrilyn', '2024-10-01', 3, 504),
	(1781, 'Chilton', '2024-05-25', 4, 933),
	(1782, 'Onofredo', '2022-04-15', 4, 578),
	(1783, 'Allin', '2016-09-22', 3, 899),
	(1784, 'Dun', '2020-04-17', 1, 559),
	(1785, 'Raymond', '2014-11-17', 1, 262),
	(1786, 'Orson', '2018-03-21', 5, 182),
	(1787, 'My', '2020-10-15', 3, 469),
	(1788, 'Andie', '2020-06-20', 3, 898),
	(1789, 'Steven', '2017-03-08', 2, 928),
	(1790, 'Elysia', '2017-04-08', 4, 153),
	(1791, 'Issi', '2015-11-18', 2, 64),
	(1792, 'Norry', '2022-05-16', 1, 401),
	(1793, 'Randall', '2021-01-19', 1, 932),
	(1794, 'Auguste', '2019-04-19', 6, 228),
	(1795, 'Blaire', '2020-12-02', 6, 148),
	(1796, 'Broderick', '2019-10-02', 1, 37),
	(1797, 'Avivah', '2018-11-09', 1, 313),
	(1798, 'Flo', '2015-03-13', 4, 536),
	(1799, 'Keith', '2021-09-01', 3, 546),
	(1800, 'Pauli', '2024-03-07', 6, 604),
	(1801, 'Jolyn', '2020-02-22', 3, 727),
	(1802, 'Nickola', '2018-02-13', 4, 920),
	(1803, 'Melba', '2021-05-21', 2, 638),
	(1804, 'Piper', '2018-03-26', 1, 736),
	(1805, 'Kenyon', '2019-12-30', 3, 278),
	(1806, 'Jerry', '2021-08-02', 3, 41),
	(1807, 'Cad', '2015-07-27', 6, 616),
	(1808, 'Yolane', '2023-12-14', 6, 202),
	(1809, 'Aila', '2018-07-28', 1, 276),
	(1810, 'Sherlocke', '2022-06-12', 2, 897),
	(1811, 'Dalia', '2020-08-13', 2, 11),
	(1812, 'Laurella', '2019-06-21', 4, 809),
	(1813, 'Ignacio', '2022-02-07', 3, 648),
	(1814, 'Welbie', '2015-05-09', 4, 827),
	(1815, 'Perice', '2021-05-07', 5, 947),
	(1816, 'Karole', '2021-12-19', 3, 13),
	(1817, 'Naomi', '2019-10-08', 1, 135),
	(1818, 'Lenora', '2015-11-25', 5, 250),
	(1819, 'Corrine', '2018-04-05', 3, 345),
	(1820, 'Penelope', '2018-05-05', 5, 520),
	(1821, 'Giavani', '2019-08-05', 4, 11),
	(1822, 'Fredra', '2022-12-23', 2, 921),
	(1823, 'Antons', '2021-06-16', 1, 717),
	(1824, 'Grantham', '2017-11-22', 1, 796),
	(1825, 'Chandler', '2015-06-07', 2, 313),
	(1826, 'Sophey', '2015-03-29', 1, 322),
	(1827, 'Nessy', '2016-02-23', 6, 388),
	(1828, 'Adolf', '2016-10-20', 2, 575),
	(1829, 'Eddy', '2022-04-22', 6, 548),
	(1830, 'Caterina', '2017-04-22', 4, 698),
	(1831, 'Balduin', '2022-06-10', 4, 368),
	(1832, 'Terri', '2024-04-24', 4, 791),
	(1833, 'Joseph', '2020-05-24', 2, 81),
	(1834, 'Augusto', '2016-06-12', 4, 632),
	(1835, 'Malia', '2020-05-27', 3, 656),
	(1836, 'Gaultiero', '2020-04-23', 6, 63),
	(1837, 'Decca', '2019-07-15', 6, 773),
	(1838, 'Rodi', '2020-03-13', 1, 348),
	(1839, 'Sasha', '2018-02-16', 5, 115),
	(1840, 'Chrissie', '2020-02-28', 1, 39),
	(1841, 'Allin', '2020-05-13', 6, 182),
	(1842, 'Nickolai', '2018-09-27', 6, 277),
	(1843, 'Porter', '2023-01-07', 6, 116),
	(1844, 'Jdavie', '2021-12-21', 4, 91),
	(1845, 'Thea', '2023-09-23', 6, 227),
	(1846, 'Sibilla', '2023-12-30', 3, 632),
	(1847, 'Nelie', '2016-02-15', 2, 590),
	(1848, 'Whitney', '2018-11-06', 4, 80),
	(1849, 'Ash', '2015-01-08', 5, 84),
	(1850, 'Antoine', '2023-02-05', 4, 25),
	(1851, 'Doralynn', '2019-11-24', 3, 779),
	(1852, 'Fiona', '2022-11-21', 6, 623),
	(1853, 'Gianna', '2016-12-07', 4, 415),
	(1854, 'Gweneth', '2018-05-26', 4, 838),
	(1855, 'Kile', '2020-04-21', 2, 303),
	(1856, 'Bernhard', '2021-08-28', 4, 400),
	(1857, 'Becki', '2019-08-14', 6, 441),
	(1858, 'Curry', '2015-10-20', 3, 123),
	(1859, 'Salomo', '2015-05-24', 1, 508),
	(1860, 'Emilio', '2017-12-20', 4, 324),
	(1861, 'Bernard', '2022-04-18', 5, 108),
	(1862, 'Armin', '2015-03-04', 5, 278),
	(1863, 'Chase', '2016-06-25', 1, 758),
	(1864, 'Avram', '2018-05-20', 5, 676),
	(1865, 'Joseito', '2021-08-15', 6, 850),
	(1866, 'Brandy', '2017-03-26', 3, 591),
	(1867, 'Marcy', '2017-01-11', 6, 374),
	(1868, 'Tamma', '2021-08-01', 3, 515),
	(1869, 'Ginny', '2015-05-04', 1, 513),
	(1870, 'Kamilah', '2019-08-17', 1, 239),
	(1871, 'Minor', '2022-12-02', 1, 494),
	(1872, 'Katine', '2018-02-16', 4, 714),
	(1873, 'Didi', '2015-09-01', 2, 620),
	(1874, 'Rachael', '2022-07-23', 2, 789),
	(1875, 'Ricard', '2018-12-20', 5, 546),
	(1876, 'Magdalen', '2023-12-31', 1, 588),
	(1877, 'Corilla', '2020-06-05', 4, 875),
	(1878, 'Aurel', '2016-03-31', 3, 9),
	(1879, 'Mirabelle', '2021-09-27', 4, 739),
	(1880, 'Carlina', '2024-09-26', 2, 738),
	(1881, 'Hew', '2024-09-04', 2, 862),
	(1882, 'Johnathon', '2019-11-14', 4, 773),
	(1883, 'Wyatt', '2019-03-15', 5, 849),
	(1884, 'Sigismundo', '2023-01-09', 4, 449),
	(1885, 'Pace', '2014-12-12', 3, 625),
	(1886, 'Maurise', '2015-01-12', 2, 474),
	(1887, 'Chrysler', '2022-02-25', 6, 948),
	(1888, 'Melva', '2021-01-24', 5, 526),
	(1889, 'Guglielma', '2020-07-06', 1, 214),
	(1890, 'Deina', '2022-05-27', 2, 571),
	(1891, 'Ivonne', '2021-07-21', 6, 123),
	(1892, 'Clary', '2015-08-25', 5, 544),
	(1893, 'Hussein', '2018-11-24', 5, 382),
	(1894, 'Harwell', '2024-05-23', 6, 805),
	(1895, 'Murry', '2023-04-29', 2, 699),
	(1896, 'Agna', '2018-06-17', 4, 17),
	(1897, 'Gardiner', '2018-12-30', 2, 739),
	(1898, 'Veronica', '2021-08-25', 1, 149),
	(1899, 'Christoph', '2022-11-05', 6, 907),
	(1900, 'Ronny', '2020-07-26', 3, 777),
	(1901, 'Bald', '2018-12-27', 5, 524),
	(1902, 'Osmond', '2023-01-05', 6, 895),
	(1903, 'Tandie', '2016-09-09', 4, 234),
	(1904, 'Wald', '2020-03-05', 5, 11),
	(1905, 'Maxie', '2023-12-26', 1, 901),
	(1906, 'Alair', '2020-03-21', 2, 271),
	(1907, 'Stevena', '2020-05-15', 4, 857),
	(1908, 'Franchot', '2015-05-04', 3, 842),
	(1909, 'Vernor', '2018-04-06', 3, 145),
	(1910, 'See', '2015-09-09', 1, 885),
	(1911, 'Pate', '2022-02-04', 1, 167),
	(1912, 'Marcel', '2021-12-30', 4, 699),
	(1913, 'Sherman', '2016-06-08', 6, 784),
	(1914, 'Yance', '2018-06-25', 4, 630),
	(1915, 'Maddie', '2019-06-21', 4, 500),
	(1916, 'Jarrad', '2016-03-09', 5, 949),
	(1917, 'Dalila', '2020-11-13', 2, 890),
	(1918, 'Isahella', '2024-06-02', 5, 503),
	(1919, 'Husein', '2016-10-04', 3, 42),
	(1920, 'Trevor', '2019-12-03', 5, 162),
	(1921, 'Orion', '2015-02-24', 6, 450),
	(1922, 'Mignon', '2021-01-11', 1, 438),
	(1923, 'Stephanus', '2017-07-28', 5, 103),
	(1924, 'Annmaria', '2019-10-21', 1, 202),
	(1925, 'Aldric', '2024-04-09', 4, 66),
	(1926, 'Leonard', '2020-04-08', 6, 319),
	(1927, 'Ulick', '2018-07-26', 2, 790),
	(1928, 'Chaim', '2016-03-04', 3, 654),
	(1929, 'Craig', '2023-05-18', 3, 311),
	(1930, 'Zarla', '2021-02-28', 6, 247),
	(1931, 'Steffi', '2023-10-09', 1, 176),
	(1932, 'Brit', '2022-02-19', 2, 945),
	(1933, 'Krysta', '2018-01-13', 5, 960),
	(1934, 'Pierrette', '2020-05-08', 2, 960),
	(1935, 'Dukey', '2017-08-02', 3, 503),
	(1936, 'Huntlee', '2021-10-24', 1, 286),
	(1937, 'Millicent', '2018-09-24', 5, 866),
	(1938, 'Justinn', '2018-12-23', 4, 617),
	(1939, 'Burnard', '2017-05-07', 6, 541),
	(1940, 'Corrina', '2023-12-06', 2, 238),
	(1941, 'Halsy', '2017-02-22', 3, 897),
	(1942, 'Mariele', '2021-08-06', 1, 355),
	(1943, 'Fielding', '2018-10-18', 4, 163),
	(1944, 'Isahella', '2018-09-17', 1, 223),
	(1945, 'Rosaleen', '2016-04-04', 1, 997),
	(1946, 'Mahalia', '2019-06-10', 1, 358),
	(1947, 'Essy', '2018-02-03', 3, 643),
	(1948, 'Sallyanne', '2023-05-02', 2, 744),
	(1949, 'Luciana', '2016-05-24', 2, 10),
	(1950, 'Rainer', '2024-06-26', 4, 993),
	(1951, 'Chalmers', '2023-09-07', 5, 328),
	(1952, 'Zedekiah', '2017-08-21', 3, 878),
	(1953, 'Jamison', '2016-06-19', 1, 356),
	(1954, 'Ivor', '2021-01-22', 1, 252),
	(1955, 'Heddie', '2024-05-22', 4, 425),
	(1956, 'Joyous', '2016-09-06', 3, 208),
	(1957, 'Denny', '2018-09-08', 6, 800),
	(1958, 'Yuri', '2018-11-04', 2, 909),
	(1959, 'Zaneta', '2021-05-15', 3, 52),
	(1960, 'Melanie', '2020-06-21', 6, 169),
	(1961, 'Cointon', '2017-01-28', 4, 718),
	(1962, 'Cobb', '2015-12-25', 6, 57),
	(1963, 'Langston', '2019-08-22', 4, 54),
	(1964, 'Marian', '2019-11-15', 1, 324),
	(1965, 'Blair', '2018-02-05', 4, 645),
	(1966, 'Christy', '2017-06-25', 1, 434),
	(1967, 'Donn', '2023-06-18', 2, 528),
	(1968, 'Constanta', '2018-05-18', 4, 316),
	(1969, 'Shaine', '2018-10-28', 2, 614),
	(1970, 'Neil', '2017-10-14', 5, 494),
	(1971, 'Dorian', '2019-07-31', 3, 127),
	(1972, 'Loren', '2017-06-03', 2, 146),
	(1973, 'Alta', '2015-09-27', 2, 827),
	(1974, 'Drusi', '2022-07-24', 5, 925),
	(1975, 'Ardisj', '2019-08-15', 5, 356),
	(1976, 'Sarge', '2014-10-21', 5, 687),
	(1977, 'Mariel', '2021-11-25', 1, 266),
	(1978, 'Joey', '2019-05-06', 4, 795),
	(1979, 'Demetri', '2015-07-25', 4, 892),
	(1980, 'Brig', '2017-12-09', 2, 702),
	(1981, 'Morey', '2017-08-28', 1, 35),
	(1982, 'Casandra', '2018-09-29', 5, 770),
	(1983, 'Abby', '2020-04-12', 3, 604),
	(1984, 'Ricky', '2019-01-28', 6, 698),
	(1985, 'Buckie', '2021-01-29', 2, 758),
	(1986, 'Lacee', '2020-01-04', 1, 552),
	(1987, 'Rey', '2020-06-30', 3, 51),
	(1988, 'Ailene', '2024-03-04', 2, 496),
	(1989, 'Doll', '2018-09-19', 4, 112),
	(1990, 'Cale', '2023-11-21', 4, 947),
	(1991, 'Kingsley', '2018-07-25', 5, 966),
	(1992, 'Fey', '2021-06-21', 4, 889),
	(1993, 'Alfredo', '2023-12-02', 3, 9),
	(1994, 'Zaccaria', '2016-06-17', 5, 126),
	(1995, 'Ludwig', '2017-05-05', 5, 148),
	(1996, 'Dale', '2015-09-02', 4, 937),
	(1997, 'Jerrie', '2023-06-11', 1, 202),
	(1998, 'Janeczka', '2018-08-18', 2, 971),
	(1999, 'Joelly', '2018-03-25', 5, 986),
	(2000, 'Cally', '2023-04-07', 5, 708);

INSERT IGNORE INTO `specialties` (`id`, `name`) VALUES
	(3, 'dentistry'),
	(4, 'dermatology'),
	(5, 'internal'),
	(1, 'radiology'),
	(2, 'surgery');

INSERT IGNORE INTO `types` (`id`, `name`) VALUES
	(5, 'bird'),
	(1, 'cat'),
	(2, 'dog'),
	(6, 'hamster'),
	(3, 'lizard'),
	(4, 'snake');

INSERT IGNORE INTO `vets` (`id`, `first_name`, `last_name`) VALUES
	(1, 'James', 'Carter'),
	(2, 'Helen', 'Leary'),
	(3, 'Linda', 'Douglas'),
	(4, 'Rafael', 'Ortega'),
	(5, 'Henry', 'Stevens'),
	(6, 'Sharon', 'Jenkins'),
	(7, 'Anselm', 'Broomer'),
	(8, 'Josie', 'Greenshiels'),
	(9, 'Rosaleen', 'Luggar'),
	(10, 'Roxy', 'Crocombe'),
	(11, 'Vernon', 'Skett'),
	(12, 'Fitz', 'Prahm'),
	(13, 'Averill', 'Brooks'),
	(14, 'Anabal', 'Nasi'),
	(15, 'Stanton', 'Dronsfield'),
	(16, 'Jim', 'Dechelette'),
	(17, 'Knox', 'Donegan'),
	(18, 'Gennie', 'Tapson'),
	(19, 'Frayda', 'Cockrell'),
	(20, 'Ford', 'Branscomb'),
	(21, 'Rey', 'Paulus'),
	(22, 'Ernaline', 'Danielsson'),
	(23, 'Pattie', 'Showen'),
	(24, 'Marlene', 'Piscot'),
	(25, 'Clarice', 'Mease'),
	(26, 'Emmanuel', 'Merricks'),
	(27, 'Toddy', 'Mayberry'),
	(28, 'Franz', 'Brevitt'),
	(29, 'Trixi', 'Cheavin'),
	(30, 'Gates', 'Driffe'),
	(31, 'Brandais', 'Boddam'),
	(32, 'Willi', 'Ambrosini'),
	(33, 'Vaclav', 'Iffland'),
	(34, 'Geralda', 'Caukill'),
	(35, 'Mordy', 'Graeser'),
	(36, 'Terrance', 'Kopecka'),
	(37, 'Tiffany', 'Maultby'),
	(38, 'Celle', 'Turmall'),
	(39, 'Urban', 'Crocumbe'),
	(40, 'Misti', 'Ruzic'),
	(41, 'Cacilie', 'Outright'),
	(42, 'Cassie', 'Freear'),
	(43, 'Callida', 'Hartfield'),
	(44, 'Cly', 'Arnolds'),
	(45, 'Gertruda', 'Marchi'),
	(46, 'Katrine', 'Perview'),
	(47, 'Rozanne', 'Rosenfelt'),
	(48, 'Arne', 'Storr'),
	(49, 'Lilli', 'McArdell'),
	(50, 'Kim', 'Joe');

INSERT IGNORE INTO `vet_specialties` (`vet_id`, `specialty_id`) VALUES
	(1, 1),
	(2, 1),
	(5, 1),
	(6, 1),
	(8, 1),
	(9, 1),
	(12, 1),
	(14, 1),
	(17, 1),
	(19, 1),
	(28, 1),
	(30, 1),
	(31, 1),
	(33, 1),
	(35, 1),
	(38, 1),
	(3, 2),
	(4, 2),
	(10, 2),
	(21, 2),
	(25, 2),
	(26, 2),
	(27, 2),
	(32, 2),
	(34, 2),
	(3, 3),
	(13, 3),
	(15, 3),
	(24, 3),
	(43, 3),
	(45, 3),
	(46, 3),
	(7, 4),
	(11, 4),
	(22, 4),
	(23, 4),
	(29, 4),
	(49, 4),
	(16, 5),
	(18, 5),
	(20, 5),
	(36, 5),
	(37, 5),
	(39, 5),
	(40, 5),
	(41, 5),
	(42, 5),
	(44, 5),
	(47, 5),
	(48, 5),
	(50, 5);

INSERT IGNORE INTO `visits` (`id`, `pet_id`, `visit_date`, `description`) VALUES
	(1, 7, '2010-03-04', 'rabies shot'),
	(2, 8, '2011-03-04', 'rabies shot'),
	(3, 8, '2009-06-04', 'neutered'),
	(4, 7, '2008-09-04', 'spayed'),
	(5, 1475, '2025-01-15', 'scale visionary portals'),
	(6, 1077, '2025-08-08', 'harness mission-critical infomediaries'),
	(7, 797, '2025-06-09', 'leverage best-of-breed markets'),
	(8, 1990, '2024-10-20', 'leverage cutting-edge initiatives'),
	(9, 366, '2025-01-12', 'leverage cutting-edge partnerships'),
	(10, 556, '2024-11-06', 'architect world-class models'),
	(11, 1402, '2024-10-27', 'empower wireless ROI'),
	(12, 185, '2025-04-02', 'evolve value-added models'),
	(13, 368, '2025-04-30', 'repurpose granular content'),
	(14, 1398, '2025-06-13', 'morph synergistic interfaces'),
	(15, 561, '2024-11-02', 'e-enable turn-key infomediaries'),
	(16, 1807, '2025-04-25', 'deploy synergistic applications'),
	(17, 1741, '2024-12-24', 'productize B2B synergies'),
	(18, 696, '2024-12-08', 'brand scalable vortals'),
	(19, 173, '2025-05-25', 'aggregate global networks'),
	(20, 1036, '2025-09-04', 'evolve robust users'),
	(21, 1121, '2025-06-03', 'leverage virtual networks'),
	(22, 158, '2025-08-02', 'target integrated markets'),
	(23, 936, '2025-04-21', 'syndicate cross-media niches'),
	(24, 1746, '2024-11-16', 'productize value-added e-services'),
	(25, 975, '2024-10-23', 'empower B2C eyeballs'),
	(26, 1867, '2025-04-01', 'synthesize integrated web services'),
	(27, 1378, '2025-02-13', 'maximize cutting-edge content'),
	(28, 699, '2025-04-24', 'orchestrate front-end partnerships'),
	(29, 217, '2025-01-17', 'expedite collaborative methodologies'),
	(30, 119, '2025-07-28', 'recontextualize turn-key architectures'),
	(31, 1755, '2024-11-07', 'brand sticky convergence'),
	(32, 187, '2024-10-27', 'redefine synergistic infomediaries'),
	(33, 651, '2025-01-16', 'envisioneer user-centric e-markets'),
	(34, 261, '2025-03-25', 'grow seamless metrics'),
	(35, 871, '2025-09-01', 'streamline turn-key e-tailers'),
	(36, 549, '2024-11-23', 'evolve wireless functionalities'),
	(37, 1911, '2025-03-19', 'synthesize leading-edge applications'),
	(38, 1887, '2025-05-27', 'iterate rich e-commerce'),
	(39, 1666, '2025-01-02', 'whiteboard clicks-and-mortar infomediaries'),
	(40, 1204, '2025-04-19', 'streamline dynamic mindshare'),
	(41, 859, '2025-04-03', 'streamline global models'),
	(42, 528, '2025-03-01', 'envisioneer transparent mindshare'),
	(43, 1602, '2025-06-13', 'incubate extensible e-tailers'),
	(44, 1965, '2025-04-23', 'engage best-of-breed experiences'),
	(45, 6, '2025-07-14', 'mesh holistic infomediaries'),
	(46, 1102, '2024-11-01', 'disintermediate strategic niches'),
	(47, 65, '2024-12-30', 'embrace end-to-end applications'),
	(48, 73, '2025-05-30', 'innovate clicks-and-mortar e-services'),
	(49, 419, '2025-03-03', 'deploy turn-key models'),
	(50, 983, '2025-07-27', 'deploy web-enabled e-commerce'),
	(51, 1010, '2025-08-19', 'optimize distributed e-business'),
	(52, 378, '2024-11-11', 'incubate e-business portals'),
	(53, 333, '2024-12-14', 'recontextualize synergistic e-services'),
	(54, 1351, '2025-07-25', 'synergize open-source methodologies'),
	(55, 1273, '2025-06-21', 'implement sticky vortals'),
	(56, 1352, '2025-04-05', 'engage 24/7 supply-chains'),
	(57, 854, '2024-11-04', 'aggregate dot-com networks'),
	(58, 1036, '2025-01-08', 'matrix transparent users'),
	(59, 813, '2025-08-27', 'whiteboard value-added users'),
	(60, 333, '2025-08-28', 'syndicate integrated deliverables'),
	(61, 1408, '2025-03-09', 'evolve compelling technologies'),
	(62, 1930, '2025-09-17', 'productize magnetic schemas'),
	(63, 1581, '2025-01-22', 'productize mission-critical applications'),
	(64, 1158, '2025-09-01', 'extend strategic platforms'),
	(65, 1550, '2025-08-03', 'aggregate mission-critical paradigms'),
	(66, 68, '2025-06-04', 'empower enterprise communities'),
	(67, 980, '2025-04-14', 'synergize vertical e-commerce'),
	(68, 1657, '2025-09-02', 'disintermediate vertical systems'),
	(69, 634, '2025-04-13', 'enhance extensible e-tailers'),
	(70, 660, '2025-02-21', 'innovate end-to-end eyeballs'),
	(71, 181, '2024-10-18', 'transform sticky applications'),
	(72, 1367, '2025-04-30', 'leverage user-centric schemas'),
	(73, 469, '2025-03-08', 'facilitate open-source e-markets'),
	(74, 648, '2024-12-31', 'visualize revolutionary e-tailers'),
	(75, 187, '2025-06-21', 'transition one-to-one networks'),
	(76, 39, '2025-07-20', 'orchestrate synergistic markets'),
	(77, 1174, '2024-10-29', 'target sticky interfaces'),
	(78, 346, '2025-01-02', 'grow synergistic models'),
	(79, 1013, '2025-02-27', 'enhance granular mindshare'),
	(80, 723, '2025-06-18', 'cultivate scalable e-commerce'),
	(81, 234, '2024-11-08', 'innovate distributed eyeballs'),
	(82, 1711, '2025-02-19', 'brand integrated niches'),
	(83, 962, '2025-05-14', 'integrate extensible interfaces'),
	(84, 1111, '2025-02-26', 'productize front-end initiatives'),
	(85, 627, '2025-07-28', 'iterate granular interfaces'),
	(86, 1989, '2024-11-12', 'leverage best-of-breed users'),
	(87, 1304, '2025-01-03', 'benchmark ubiquitous e-business'),
	(88, 1437, '2025-08-16', 'engineer impactful e-markets'),
	(89, 101, '2025-03-30', 'unleash enterprise applications'),
	(90, 1567, '2025-06-05', 'leverage leading-edge content'),
	(91, 1766, '2025-01-06', 'benchmark value-added content'),
	(92, 1942, '2024-12-27', 'reinvent magnetic communities'),
	(93, 995, '2024-10-13', 'extend synergistic users'),
	(94, 71, '2025-02-25', 'exploit scalable networks'),
	(95, 1209, '2025-04-24', 'generate dot-com eyeballs'),
	(96, 312, '2025-07-24', 'deliver leading-edge paradigms'),
	(97, 1766, '2025-01-13', 'recontextualize visionary portals'),
	(98, 293, '2025-01-13', 'enable revolutionary eyeballs'),
	(99, 978, '2025-04-22', 'synergize efficient synergies'),
	(100, 1971, '2025-09-15', 'iterate killer solutions'),
	(101, 1898, '2025-09-12', 'benchmark rich technologies'),
	(102, 1088, '2025-08-23', 'seize frictionless deliverables'),
	(103, 1406, '2024-11-01', 'deploy plug-and-play interfaces'),
	(104, 460, '2025-08-29', 'drive extensible e-commerce'),
	(105, 734, '2025-02-03', 'matrix synergistic bandwidth'),
	(106, 865, '2025-08-07', 'evolve sticky convergence'),
	(107, 448, '2025-02-27', 'leverage cross-platform technologies'),
	(108, 396, '2024-10-25', 'expedite best-of-breed applications'),
	(109, 1873, '2024-11-02', 'iterate 24/7 action-items'),
	(110, 1004, '2025-01-23', 'engineer intuitive initiatives'),
	(111, 794, '2025-04-02', 'synergize world-class networks'),
	(112, 1315, '2024-11-24', 'embrace user-centric portals'),
	(113, 1170, '2025-05-05', 'drive cross-media paradigms'),
	(114, 800, '2024-10-28', 'expedite global models'),
	(115, 1285, '2025-08-25', 'synergize robust e-services'),
	(116, 877, '2025-09-14', 'grow synergistic systems'),
	(117, 671, '2025-05-03', 'brand global paradigms'),
	(118, 774, '2025-07-04', 'aggregate leading-edge communities'),
	(119, 40, '2025-06-02', 'architect plug-and-play solutions'),
	(120, 1604, '2025-04-04', 'evolve collaborative web services'),
	(121, 627, '2025-04-25', 'leverage sexy ROI'),
	(122, 936, '2025-08-13', 'morph synergistic solutions'),
	(123, 922, '2024-11-25', 'incentivize rich e-markets'),
	(124, 1209, '2025-05-28', 'whiteboard proactive portals'),
	(125, 610, '2024-12-07', 'visualize web-enabled e-services'),
	(126, 768, '2025-07-10', 'reinvent extensible eyeballs'),
	(127, 1894, '2024-11-19', 'strategize efficient communities'),
	(128, 896, '2025-03-10', 'expedite leading-edge technologies'),
	(129, 327, '2025-09-17', 'drive value-added ROI'),
	(130, 54, '2024-11-12', 'matrix synergistic infrastructures'),
	(131, 1281, '2025-07-04', 'generate efficient deliverables'),
	(132, 272, '2025-02-25', 'cultivate global action-items'),
	(133, 1234, '2025-05-12', 'enhance cutting-edge methodologies'),
	(134, 1349, '2025-01-04', 'recontextualize open-source platforms'),
	(135, 681, '2025-01-21', 'revolutionize enterprise e-business'),
	(136, 1068, '2025-08-11', 'aggregate synergistic experiences'),
	(137, 59, '2025-06-11', 'optimize 24/7 e-services'),
	(138, 1943, '2025-04-04', 'optimize B2C infomediaries'),
	(139, 1204, '2025-06-18', 'orchestrate clicks-and-mortar interfaces'),
	(140, 739, '2024-10-18', 'incubate global action-items'),
	(141, 254, '2025-01-24', 'synergize holistic channels'),
	(142, 645, '2025-05-28', 'grow end-to-end e-markets'),
	(143, 187, '2025-08-26', 'generate value-added applications'),
	(144, 529, '2025-01-09', 'exploit seamless e-business'),
	(145, 505, '2025-08-30', 'brand bleeding-edge networks'),
	(146, 183, '2025-08-04', 'enable frictionless mindshare'),
	(147, 236, '2024-12-01', 'whiteboard holistic markets'),
	(148, 1849, '2025-08-30', 'visualize cutting-edge e-business'),
	(149, 89, '2024-10-30', 'scale holistic networks'),
	(150, 265, '2025-04-08', 'engage clicks-and-mortar action-items'),
	(151, 210, '2025-07-04', 'whiteboard rich platforms'),
	(152, 1326, '2025-09-08', 'cultivate frictionless networks'),
	(153, 336, '2025-04-30', 'evolve proactive synergies'),
	(154, 1669, '2024-12-28', 'innovate back-end deliverables'),
	(155, 1787, '2025-01-22', 'reintermediate bricks-and-clicks functionalities'),
	(156, 996, '2025-06-20', 'incentivize sticky communities'),
	(157, 313, '2024-11-27', 'leverage customized mindshare'),
	(158, 1990, '2025-01-28', 'iterate dynamic communities'),
	(159, 1708, '2024-10-05', 'recontextualize dot-com supply-chains'),
	(160, 275, '2024-11-03', 'cultivate back-end platforms'),
	(161, 1660, '2024-12-09', 'harness clicks-and-mortar interfaces'),
	(162, 285, '2025-03-31', 'redefine front-end solutions'),
	(163, 375, '2025-07-01', 'architect next-generation mindshare'),
	(164, 647, '2025-01-30', 'synthesize mission-critical channels'),
	(165, 671, '2025-09-01', 'unleash dynamic relationships'),
	(166, 190, '2025-01-31', 'leverage turn-key convergence'),
	(167, 214, '2024-10-08', 'incubate B2B action-items'),
	(168, 446, '2025-02-03', 'repurpose vertical infomediaries'),
	(169, 266, '2025-04-24', 'syndicate end-to-end models'),
	(170, 741, '2025-09-21', 'enable turn-key users'),
	(171, 450, '2025-09-27', 'synergize out-of-the-box systems'),
	(172, 785, '2024-12-12', 'grow cutting-edge ROI'),
	(173, 1972, '2025-02-25', 'engage vertical models'),
	(174, 79, '2025-06-07', 'engage end-to-end niches'),
	(175, 324, '2024-12-29', 'whiteboard proactive users'),
	(176, 517, '2024-11-06', 'iterate B2B communities'),
	(177, 310, '2025-03-28', 'architect plug-and-play e-services'),
	(178, 241, '2025-03-24', 'deliver revolutionary ROI'),
	(179, 1703, '2025-09-19', 'unleash value-added networks'),
	(180, 989, '2024-12-05', 'orchestrate sexy schemas'),
	(181, 1160, '2025-07-23', 'optimize sexy infomediaries'),
	(182, 1068, '2025-05-28', 'incubate front-end paradigms'),
	(183, 1879, '2025-06-12', 'synthesize ubiquitous e-business'),
	(184, 1325, '2025-05-30', 'engage open-source infrastructures'),
	(185, 1605, '2025-02-01', 'exploit seamless convergence'),
	(186, 242, '2025-01-13', 'recontextualize transparent architectures'),
	(187, 1675, '2025-02-25', 'innovate clicks-and-mortar channels'),
	(188, 1365, '2025-01-16', 'aggregate dot-com interfaces'),
	(189, 552, '2025-07-23', 'innovate one-to-one platforms'),
	(190, 1377, '2025-03-01', 'exploit web-enabled web-readiness'),
	(191, 1596, '2025-03-21', 'iterate out-of-the-box e-commerce'),
	(192, 1115, '2024-11-15', 'implement virtual models'),
	(193, 1567, '2024-11-22', 'benchmark robust communities'),
	(194, 1562, '2025-01-20', 'synergize cross-platform initiatives'),
	(195, 1240, '2024-10-17', 'embrace end-to-end architectures'),
	(196, 668, '2024-10-12', 'whiteboard dot-com synergies'),
	(197, 1502, '2024-12-28', 'matrix ubiquitous methodologies'),
	(198, 1478, '2025-05-24', 'exploit ubiquitous partnerships'),
	(199, 172, '2025-03-02', 'mesh holistic methodologies'),
	(200, 1681, '2025-03-17', 'recontextualize intuitive e-markets'),
	(201, 1778, '2025-04-11', 'visualize ubiquitous convergence'),
	(202, 916, '2024-10-24', 'iterate virtual markets'),
	(203, 989, '2025-06-12', 'enable real-time supply-chains'),
	(204, 1587, '2025-07-13', 'grow wireless convergence'),
	(205, 1700, '2025-10-04', 'visualize transparent mindshare'),
	(206, 441, '2024-10-24', 'innovate cross-platform channels'),
	(207, 1543, '2025-06-04', 'syndicate 24/365 content'),
	(208, 18, '2025-03-31', 'benchmark leading-edge niches'),
	(209, 1975, '2025-06-20', 'synergize vertical architectures'),
	(210, 166, '2025-03-26', 'syndicate robust channels'),
	(211, 1767, '2025-07-12', 'deliver back-end ROI'),
	(212, 767, '2025-03-18', 'strategize user-centric experiences'),
	(213, 1488, '2025-01-14', 'whiteboard intuitive bandwidth'),
	(214, 1281, '2025-03-30', 'reintermediate innovative action-items'),
	(215, 1705, '2025-09-01', 'synthesize bricks-and-clicks platforms'),
	(216, 1978, '2025-01-29', 'innovate integrated channels'),
	(217, 1907, '2025-08-27', 'aggregate 24/365 markets'),
	(218, 1075, '2025-04-04', 'whiteboard bricks-and-clicks markets'),
	(219, 26, '2025-04-09', 'engineer sexy communities'),
	(220, 574, '2024-11-13', 'drive granular ROI'),
	(221, 126, '2025-01-15', 'enable dot-com methodologies'),
	(222, 641, '2025-07-10', 'expedite dynamic e-markets'),
	(223, 1880, '2024-10-24', 'revolutionize sexy platforms'),
	(224, 1643, '2025-02-12', 'morph innovative e-commerce'),
	(225, 1486, '2025-03-30', 'optimize visionary bandwidth'),
	(226, 610, '2024-12-19', 'facilitate global platforms'),
	(227, 1546, '2025-02-11', 'architect extensible eyeballs'),
	(228, 1179, '2025-06-16', 'facilitate cross-platform e-tailers'),
	(229, 471, '2025-06-03', 'exploit magnetic niches'),
	(230, 1607, '2024-10-05', 'grow distributed niches'),
	(231, 569, '2025-05-14', 'reintermediate B2C initiatives'),
	(232, 215, '2025-02-12', 'facilitate real-time e-business'),
	(233, 974, '2025-01-23', 'brand clicks-and-mortar deliverables'),
	(234, 1974, '2025-05-02', 'unleash scalable mindshare'),
	(235, 1125, '2025-07-15', 'productize ubiquitous infrastructures'),
	(236, 841, '2025-04-30', 'matrix impactful communities'),
	(237, 819, '2025-02-03', 'harness bleeding-edge supply-chains'),
	(238, 657, '2025-09-08', 'evolve global communities'),
	(239, 35, '2025-01-05', 'reinvent seamless markets'),
	(240, 1969, '2025-08-13', 'iterate transparent metrics'),
	(241, 613, '2024-11-12', 'repurpose innovative systems'),
	(242, 478, '2025-06-14', 'reinvent ubiquitous ROI'),
	(243, 773, '2025-06-12', 'implement leading-edge interfaces'),
	(244, 917, '2025-01-08', 'whiteboard revolutionary mindshare'),
	(245, 470, '2025-08-21', 'utilize interactive methodologies'),
	(246, 1466, '2025-04-21', 'synthesize sexy e-business'),
	(247, 280, '2025-03-05', 'revolutionize B2B content'),
	(248, 1405, '2025-07-10', 'streamline bleeding-edge communities'),
	(249, 1933, '2024-12-19', 'utilize frictionless synergies'),
	(250, 1295, '2025-07-29', 'syndicate sexy e-commerce'),
	(251, 1242, '2024-11-22', 'matrix compelling channels'),
	(252, 84, '2025-09-09', 'syndicate out-of-the-box infomediaries'),
	(253, 1779, '2025-03-18', 'exploit plug-and-play supply-chains'),
	(254, 1431, '2025-06-06', 'revolutionize visionary functionalities'),
	(255, 1115, '2024-12-03', 'syndicate extensible models'),
	(256, 1702, '2025-06-15', 'reintermediate strategic initiatives'),
	(257, 491, '2024-10-20', 'engineer extensible methodologies'),
	(258, 1628, '2025-09-11', 'recontextualize viral relationships'),
	(259, 1031, '2025-08-10', 'implement next-generation mindshare'),
	(260, 1453, '2024-10-22', 'target dynamic channels'),
	(261, 58, '2025-08-08', 'reintermediate collaborative e-markets'),
	(262, 907, '2024-11-28', 'incentivize dynamic e-services'),
	(263, 525, '2024-11-18', 'whiteboard innovative deliverables'),
	(264, 283, '2025-08-13', 'deploy holistic users'),
	(265, 1831, '2024-12-16', 'scale seamless action-items'),
	(266, 1383, '2025-07-11', 'revolutionize bricks-and-clicks synergies'),
	(267, 1400, '2024-12-08', 'expedite open-source methodologies'),
	(268, 1050, '2024-12-29', 'revolutionize bleeding-edge initiatives'),
	(269, 446, '2025-06-24', 'embrace impactful e-business'),
	(270, 1316, '2024-10-25', 'embrace B2B infrastructures'),
	(271, 1028, '2024-12-04', 'optimize intuitive supply-chains'),
	(272, 187, '2025-03-28', 'iterate bleeding-edge metrics'),
	(273, 1231, '2025-01-14', 'reintermediate wireless paradigms'),
	(274, 1152, '2024-11-28', 'integrate mission-critical solutions'),
	(275, 1883, '2025-08-26', 'repurpose compelling supply-chains'),
	(276, 1819, '2025-06-20', 'redefine seamless relationships'),
	(277, 166, '2025-06-18', 'transition virtual ROI'),
	(278, 1690, '2025-02-21', 'enable innovative infrastructures'),
	(279, 1508, '2025-08-20', 'seize integrated paradigms'),
	(280, 1880, '2025-02-21', 'expedite next-generation markets'),
	(281, 1457, '2025-01-01', 'morph web-enabled vortals'),
	(282, 1526, '2025-09-14', 'revolutionize integrated platforms'),
	(283, 596, '2024-10-18', 'benchmark synergistic experiences'),
	(284, 1148, '2025-03-11', 'facilitate customized interfaces'),
	(285, 1103, '2025-06-14', 'aggregate open-source e-business'),
	(286, 487, '2025-08-20', 'engineer transparent e-services'),
	(287, 887, '2024-11-29', 'engage viral channels'),
	(288, 1725, '2024-12-08', 'extend intuitive infomediaries'),
	(289, 907, '2025-07-13', 'reinvent intuitive systems'),
	(290, 1818, '2024-12-23', 'enable holistic infrastructures'),
	(291, 27, '2025-09-16', 'visualize robust niches'),
	(292, 194, '2025-09-14', 'whiteboard global channels'),
	(293, 76, '2024-12-10', 'productize integrated experiences'),
	(294, 1051, '2025-03-18', 'leverage vertical content'),
	(295, 1941, '2024-10-19', 'maximize dynamic e-commerce'),
	(296, 877, '2025-07-06', 'recontextualize strategic communities'),
	(297, 939, '2025-03-13', 'matrix front-end applications'),
	(298, 1198, '2024-10-13', 'deliver end-to-end experiences'),
	(299, 946, '2024-12-15', 'enhance B2B deliverables'),
	(300, 625, '2025-02-14', 'seize turn-key metrics'),
	(301, 669, '2024-10-26', 'enhance efficient relationships'),
	(302, 391, '2024-12-11', 'integrate sticky channels'),
	(303, 564, '2024-11-16', 'empower enterprise infomediaries'),
	(304, 503, '2024-10-09', 'expedite dot-com technologies'),
	(305, 665, '2025-05-12', 'streamline efficient deliverables'),
	(306, 54, '2025-09-28', 'engineer sticky e-tailers'),
	(307, 1631, '2024-11-21', 'enable granular relationships'),
	(308, 1726, '2024-10-06', 'matrix killer vortals'),
	(309, 1332, '2025-03-22', 'embrace vertical systems'),
	(310, 160, '2025-03-13', 'mesh transparent infomediaries'),
	(311, 80, '2025-08-25', 'maximize 24/365 e-tailers'),
	(312, 995, '2025-02-08', 'cultivate distributed content'),
	(313, 720, '2025-05-05', 'envisioneer value-added functionalities'),
	(314, 1056, '2025-07-03', 'target front-end markets'),
	(315, 1101, '2025-03-10', 'iterate magnetic technologies'),
	(316, 865, '2025-02-09', 'recontextualize strategic technologies'),
	(317, 651, '2024-11-02', 'syndicate out-of-the-box methodologies'),
	(318, 1752, '2024-11-15', 'scale plug-and-play e-markets'),
	(319, 1951, '2025-04-12', 'drive revolutionary solutions'),
	(320, 417, '2025-01-20', 'monetize B2B interfaces'),
	(321, 1863, '2025-01-06', 'brand e-business web-readiness'),
	(322, 881, '2025-02-28', 'exploit proactive niches'),
	(323, 969, '2024-11-03', 'enhance granular initiatives'),
	(324, 666, '2024-11-05', 'synergize best-of-breed methodologies'),
	(325, 124, '2025-04-23', 'harness ubiquitous users'),
	(326, 219, '2025-04-06', 'redefine proactive convergence'),
	(327, 1481, '2024-11-06', 'optimize integrated paradigms'),
	(328, 64, '2024-12-29', 'strategize innovative applications'),
	(329, 120, '2025-08-19', 'benchmark scalable ROI'),
	(330, 1040, '2025-06-15', 'strategize ubiquitous initiatives'),
	(331, 1087, '2025-07-09', 'leverage user-centric web services'),
	(332, 1523, '2025-01-07', 'disintermediate innovative technologies'),
	(333, 1167, '2025-04-06', 'engineer rich solutions'),
	(334, 1747, '2025-09-08', 'leverage killer infrastructures'),
	(335, 873, '2025-03-08', 'target cutting-edge partnerships'),
	(336, 1340, '2025-06-20', 'disintermediate bleeding-edge applications'),
	(337, 1840, '2025-01-16', 'repurpose front-end markets'),
	(338, 845, '2024-11-29', 'optimize clicks-and-mortar action-items'),
	(339, 695, '2025-08-31', 'reinvent interactive metrics'),
	(340, 1557, '2025-02-25', 'e-enable robust systems'),
	(341, 337, '2025-06-04', 'enhance intuitive markets'),
	(342, 693, '2025-01-08', 'evolve out-of-the-box infrastructures'),
	(343, 757, '2025-05-16', 'architect mission-critical methodologies'),
	(344, 1163, '2024-12-05', 'integrate revolutionary architectures'),
	(345, 1891, '2024-11-05', 'benchmark transparent metrics'),
	(346, 1716, '2025-03-07', 'iterate impactful web services'),
	(347, 1386, '2025-04-08', 'syndicate web-enabled models'),
	(348, 1998, '2025-07-01', 'redefine visionary e-markets'),
	(349, 378, '2025-02-27', 'visualize clicks-and-mortar infomediaries'),
	(350, 1550, '2025-05-05', 'matrix open-source markets'),
	(351, 273, '2025-10-04', 'seize clicks-and-mortar action-items'),
	(352, 364, '2025-06-06', 'exploit bricks-and-clicks portals'),
	(353, 563, '2025-05-21', 'visualize 24/365 metrics'),
	(354, 231, '2025-05-28', 'deliver leading-edge synergies'),
	(355, 1873, '2024-12-12', 'orchestrate e-business solutions'),
	(356, 858, '2024-11-25', 'target vertical infrastructures'),
	(357, 1916, '2025-06-08', 'exploit extensible applications'),
	(358, 537, '2025-05-28', 'exploit scalable convergence'),
	(359, 1959, '2025-08-06', 'harness end-to-end models'),
	(360, 330, '2024-11-15', 'productize intuitive synergies'),
	(361, 312, '2024-10-27', 'optimize integrated e-services'),
	(362, 984, '2025-07-14', 'facilitate turn-key content'),
	(363, 136, '2025-07-03', 'drive plug-and-play portals'),
	(364, 1092, '2025-03-19', 'exploit extensible networks'),
	(365, 1223, '2025-02-08', 'evolve user-centric ROI'),
	(366, 124, '2025-03-08', 'disintermediate back-end relationships'),
	(367, 853, '2025-01-25', 'reinvent seamless infomediaries'),
	(368, 1366, '2025-07-09', 'optimize next-generation paradigms'),
	(369, 1984, '2025-05-01', 'deliver compelling e-markets'),
	(370, 144, '2025-08-27', 'enhance viral e-commerce'),
	(371, 1410, '2025-05-26', 'streamline bleeding-edge models'),
	(372, 1861, '2025-08-12', 'facilitate front-end niches'),
	(373, 963, '2025-04-23', 'architect transparent mindshare'),
	(374, 104, '2025-01-15', 'unleash global e-tailers'),
	(375, 1930, '2025-06-02', 'benchmark user-centric communities'),
	(376, 1809, '2025-05-23', 'facilitate global mindshare'),
	(377, 243, '2025-04-11', 'implement one-to-one architectures'),
	(378, 1917, '2025-07-29', 'leverage holistic relationships'),
	(379, 366, '2024-10-15', 'iterate e-business initiatives'),
	(380, 380, '2025-06-18', 'deliver sexy e-services'),
	(381, 1630, '2025-03-18', 'monetize efficient users'),
	(382, 1841, '2025-02-11', 'deploy customized web-readiness'),
	(383, 1291, '2025-06-04', 'scale wireless relationships'),
	(384, 1113, '2024-10-29', 'utilize transparent partnerships'),
	(385, 242, '2024-10-15', 'architect robust systems'),
	(386, 595, '2025-07-28', 'maximize mission-critical web-readiness'),
	(387, 1849, '2025-01-09', 'engage 24/365 infrastructures'),
	(388, 1933, '2025-04-23', 'transition world-class web-readiness'),
	(389, 654, '2025-06-29', 'leverage one-to-one interfaces'),
	(390, 316, '2025-06-27', 'monetize synergistic models'),
	(391, 678, '2024-10-10', 'deploy dot-com methodologies'),
	(392, 481, '2025-03-27', 'exploit frictionless supply-chains'),
	(393, 92, '2025-07-31', 'embrace intuitive e-business'),
	(394, 1699, '2024-12-29', 'drive web-enabled supply-chains'),
	(395, 1861, '2025-07-23', 'monetize magnetic communities'),
	(396, 43, '2024-12-25', 'transform cross-platform relationships'),
	(397, 246, '2025-05-15', 'reinvent impactful portals'),
	(398, 1885, '2025-05-11', 'mesh holistic action-items'),
	(399, 1324, '2025-01-25', 'innovate holistic technologies'),
	(400, 1848, '2025-01-01', 'facilitate user-centric platforms'),
	(401, 1535, '2025-07-06', 'evolve open-source systems'),
	(402, 465, '2025-06-09', 'implement dynamic solutions'),
	(403, 652, '2025-07-21', 'embrace out-of-the-box systems'),
	(404, 509, '2025-03-07', 'synergize bleeding-edge mindshare'),
	(405, 1096, '2025-01-28', 'redefine interactive infrastructures'),
	(406, 1798, '2025-07-17', 'innovate value-added convergence'),
	(407, 1601, '2025-01-31', 'benchmark B2B paradigms'),
	(408, 176, '2024-11-19', 'envisioneer global deliverables'),
	(409, 1239, '2024-11-24', 'engineer dynamic experiences'),
	(410, 1163, '2024-12-27', 'synthesize compelling initiatives'),
	(411, 836, '2025-04-23', 'synergize next-generation supply-chains'),
	(412, 364, '2025-03-28', 'enable next-generation e-markets'),
	(413, 378, '2024-12-27', 'productize customized convergence'),
	(414, 1647, '2025-03-05', 'benchmark end-to-end models'),
	(415, 981, '2025-01-01', 'generate user-centric methodologies'),
	(416, 1225, '2025-02-17', 'exploit leading-edge e-commerce'),
	(417, 1667, '2024-11-15', 'iterate enterprise networks'),
	(418, 404, '2025-09-01', 'brand clicks-and-mortar deliverables'),
	(419, 1296, '2025-09-06', 'optimize 24/7 interfaces'),
	(420, 290, '2025-06-02', 'reintermediate end-to-end niches'),
	(421, 803, '2024-10-18', 'disintermediate proactive users'),
	(422, 385, '2025-01-15', 'synthesize world-class metrics'),
	(423, 974, '2025-08-06', 'synergize e-business channels'),
	(424, 810, '2025-08-31', 'cultivate transparent ROI'),
	(425, 857, '2024-11-09', 'drive visionary e-commerce'),
	(426, 821, '2024-10-14', 'facilitate granular ROI'),
	(427, 1314, '2025-05-27', 'evolve compelling e-business'),
	(428, 1001, '2025-08-14', 'recontextualize out-of-the-box infomediaries'),
	(429, 1372, '2024-11-01', 'engineer customized networks'),
	(430, 1271, '2025-07-12', 'redefine cross-media web services'),
	(431, 1406, '2024-11-19', 'grow extensible e-services'),
	(432, 436, '2025-07-10', 'e-enable vertical systems'),
	(433, 261, '2025-02-24', 'syndicate 24/7 systems'),
	(434, 725, '2025-09-01', 'streamline revolutionary technologies'),
	(435, 1788, '2025-09-29', 'visualize global platforms'),
	(436, 71, '2024-12-17', 'envisioneer global e-business'),
	(437, 752, '2025-04-06', 'engineer viral eyeballs'),
	(438, 1929, '2024-10-15', 'aggregate integrated architectures'),
	(439, 1189, '2025-01-08', 'seize magnetic e-business'),
	(440, 151, '2025-02-03', 'synthesize dynamic convergence'),
	(441, 1879, '2025-02-05', 'optimize viral systems'),
	(442, 472, '2025-01-12', 'incentivize frictionless technologies'),
	(443, 976, '2025-09-11', 'monetize interactive synergies'),
	(444, 223, '2025-02-04', 'disintermediate user-centric experiences'),
	(445, 755, '2025-03-13', 'syndicate back-end action-items'),
	(446, 1263, '2025-09-17', 'benchmark seamless mindshare'),
	(447, 485, '2025-03-01', 'syndicate extensible users'),
	(448, 128, '2024-10-20', 'redefine e-business supply-chains'),
	(449, 736, '2025-09-02', 'iterate out-of-the-box platforms'),
	(450, 29, '2025-03-10', 'grow cutting-edge content'),
	(451, 715, '2025-03-02', 'mesh turn-key models'),
	(452, 15, '2025-04-11', 'e-enable ubiquitous systems'),
	(453, 1660, '2024-10-30', 'whiteboard collaborative experiences'),
	(454, 1389, '2025-04-28', 'recontextualize proactive applications'),
	(455, 552, '2024-11-24', 'enable turn-key solutions'),
	(456, 29, '2025-02-16', 'aggregate proactive models'),
	(457, 1761, '2024-11-11', 'strategize one-to-one bandwidth'),
	(458, 691, '2025-01-28', 'extend user-centric channels'),
	(459, 170, '2024-11-28', 'morph vertical markets'),
	(460, 630, '2025-04-07', 'morph transparent e-markets'),
	(461, 157, '2025-07-29', 'syndicate global solutions'),
	(462, 1749, '2025-04-29', 'repurpose intuitive partnerships'),
	(463, 919, '2025-03-07', 'grow collaborative supply-chains'),
	(464, 1559, '2024-12-31', 'transform B2C bandwidth'),
	(465, 305, '2024-11-03', 'deliver back-end eyeballs'),
	(466, 1762, '2024-11-09', 'enhance cross-media communities'),
	(467, 319, '2025-07-14', 'streamline 24/7 partnerships'),
	(468, 999, '2025-02-24', 'exploit granular supply-chains'),
	(469, 1562, '2025-04-15', 'disintermediate cutting-edge deliverables'),
	(470, 511, '2024-10-12', 'repurpose sexy supply-chains'),
	(471, 822, '2025-06-29', 'matrix compelling functionalities'),
	(472, 1331, '2025-09-04', 'deploy 24/365 ROI'),
	(473, 1223, '2025-02-17', 'evolve turn-key systems'),
	(474, 199, '2025-04-05', 'architect best-of-breed e-tailers'),
	(475, 1064, '2025-03-07', 'matrix rich niches'),
	(476, 1933, '2025-06-06', 'deploy wireless networks'),
	(477, 1415, '2025-10-01', 'utilize strategic convergence'),
	(478, 612, '2025-09-10', 'revolutionize killer bandwidth'),
	(479, 1990, '2025-05-16', 'implement B2C e-markets'),
	(480, 852, '2025-06-25', 'brand back-end applications'),
	(481, 1627, '2025-07-29', 'synthesize sexy mindshare'),
	(482, 1631, '2025-09-25', 'morph mission-critical ROI'),
	(483, 1669, '2024-11-30', 'integrate killer methodologies'),
	(484, 1720, '2025-03-25', 'harness next-generation synergies'),
	(485, 485, '2024-12-04', 'visualize revolutionary content'),
	(486, 1080, '2024-11-28', 'transform innovative metrics'),
	(487, 478, '2025-06-22', 'streamline 24/7 users'),
	(488, 762, '2025-01-01', 'repurpose sticky e-services'),
	(489, 1228, '2025-07-27', 'maximize best-of-breed vortals'),
	(490, 1278, '2025-08-24', 'deliver dot-com systems'),
	(491, 1828, '2025-05-31', 'innovate turn-key e-markets'),
	(492, 559, '2025-04-20', 'deliver 24/365 communities'),
	(493, 33, '2024-12-10', 'innovate strategic supply-chains'),
	(494, 1743, '2025-08-13', 'drive mission-critical initiatives'),
	(495, 300, '2025-09-30', 'leverage seamless vortals'),
	(496, 702, '2025-05-03', 'matrix best-of-breed supply-chains'),
	(497, 1815, '2025-05-16', 'reintermediate bricks-and-clicks metrics'),
	(498, 157, '2025-04-26', 'e-enable intuitive partnerships'),
	(499, 45, '2024-10-19', 'innovate compelling channels'),
	(500, 1523, '2024-12-04', 'matrix out-of-the-box networks'),
	(501, 1499, '2025-05-20', 'engage strategic experiences'),
	(502, 1762, '2025-08-07', 'incubate back-end networks'),
	(503, 29, '2024-11-01', 'scale impactful experiences'),
	(504, 1438, '2025-08-30', 'orchestrate rich users'),
	(505, 1316, '2024-12-15', 'scale visionary experiences'),
	(506, 1487, '2025-02-26', 'transition visionary platforms'),
	(507, 1748, '2025-04-13', 'leverage intuitive solutions'),
	(508, 438, '2025-03-11', 'grow visionary mindshare'),
	(509, 1996, '2025-01-15', 'reinvent intuitive partnerships'),
	(510, 1024, '2025-03-02', 'drive global action-items'),
	(511, 256, '2025-05-12', 'envisioneer end-to-end ROI'),
	(512, 1083, '2025-07-24', 'aggregate out-of-the-box e-tailers'),
	(513, 1318, '2025-04-04', 'synergize enterprise architectures'),
	(514, 319, '2025-08-03', 'benchmark virtual applications'),
	(515, 1627, '2025-03-20', 'envisioneer 24/365 e-services'),
	(516, 408, '2025-04-28', 'embrace bleeding-edge partnerships'),
	(517, 367, '2024-11-03', 'utilize dot-com eyeballs'),
	(518, 62, '2025-01-03', 'target scalable networks'),
	(519, 1211, '2025-03-13', 'morph enterprise channels'),
	(520, 1592, '2024-11-16', 'embrace granular e-markets'),
	(521, 893, '2025-04-03', 'syndicate plug-and-play systems'),
	(522, 1857, '2024-12-27', 'integrate synergistic infomediaries'),
	(523, 1898, '2025-02-12', 'strategize B2B models'),
	(524, 509, '2025-04-13', 'synergize B2B interfaces'),
	(525, 304, '2025-06-02', 'target rich networks'),
	(526, 436, '2024-12-09', 'maximize enterprise architectures'),
	(527, 1193, '2025-02-19', 'aggregate one-to-one synergies'),
	(528, 835, '2025-05-09', 'enhance cross-platform schemas'),
	(529, 1170, '2025-04-05', 'mesh back-end portals'),
	(530, 3, '2024-11-23', 'incubate enterprise architectures'),
	(531, 810, '2024-11-20', 'incentivize world-class vortals'),
	(532, 252, '2025-04-14', 'brand viral bandwidth'),
	(533, 181, '2025-02-03', 'reintermediate collaborative users'),
	(534, 1641, '2025-05-01', 'productize seamless functionalities'),
	(535, 379, '2025-03-02', 'deploy bleeding-edge metrics'),
	(536, 1945, '2025-03-07', 'leverage robust relationships'),
	(537, 1528, '2025-01-11', 'monetize collaborative supply-chains'),
	(538, 548, '2025-06-09', 'recontextualize ubiquitous architectures'),
	(539, 1063, '2024-11-07', 'innovate customized partnerships'),
	(540, 982, '2025-09-11', 'enhance vertical channels'),
	(541, 903, '2025-07-26', 'strategize compelling channels'),
	(542, 409, '2025-08-26', 'incentivize customized ROI'),
	(543, 414, '2025-01-07', 'transform cross-platform portals'),
	(544, 1543, '2025-04-21', 'matrix intuitive markets'),
	(545, 1680, '2025-07-30', 'productize world-class synergies'),
	(546, 1919, '2025-02-28', 'transition leading-edge e-services'),
	(547, 1199, '2025-08-13', 'drive cutting-edge mindshare'),
	(548, 230, '2025-05-15', 'visualize revolutionary interfaces'),
	(549, 1491, '2024-12-22', 'architect collaborative markets'),
	(550, 1840, '2025-03-14', 'enhance best-of-breed infomediaries'),
	(551, 666, '2025-04-19', 'synthesize customized deliverables'),
	(552, 1448, '2025-03-10', 'syndicate vertical e-business'),
	(553, 265, '2024-10-27', 'enable holistic interfaces'),
	(554, 1143, '2025-03-09', 'harness robust solutions'),
	(555, 1923, '2025-06-12', 'target synergistic channels'),
	(556, 793, '2025-01-05', 'generate intuitive applications'),
	(557, 15, '2025-07-27', 'e-enable transparent e-tailers'),
	(558, 649, '2025-06-08', 'facilitate cross-media channels'),
	(559, 1450, '2025-06-19', 'deploy cutting-edge e-business'),
	(560, 910, '2025-08-05', 'visualize distributed systems'),
	(561, 338, '2024-12-05', 'enable out-of-the-box functionalities'),
	(562, 1681, '2024-12-11', 'syndicate front-end content'),
	(563, 1108, '2025-07-27', 'transform enterprise platforms'),
	(564, 1384, '2025-07-25', 'redefine 24/7 vortals'),
	(565, 877, '2025-07-21', 'streamline frictionless eyeballs'),
	(566, 1301, '2025-06-26', 'target end-to-end content'),
	(567, 1298, '2024-11-15', 'syndicate end-to-end interfaces'),
	(568, 22, '2025-03-25', 'recontextualize revolutionary supply-chains'),
	(569, 279, '2025-06-22', 'empower synergistic action-items'),
	(570, 28, '2025-01-17', 'envisioneer enterprise applications'),
	(571, 32, '2025-03-23', 'revolutionize synergistic initiatives'),
	(572, 531, '2024-11-09', 'transition sticky methodologies'),
	(573, 493, '2025-06-21', 'monetize integrated functionalities'),
	(574, 27, '2024-11-26', 'unleash cross-platform schemas'),
	(575, 647, '2025-05-06', 'revolutionize end-to-end architectures'),
	(576, 1127, '2025-07-17', 'deploy cutting-edge e-commerce'),
	(577, 766, '2025-08-22', 'expedite front-end applications'),
	(578, 1029, '2025-07-25', 'brand sexy platforms'),
	(579, 904, '2025-01-21', 'target one-to-one platforms'),
	(580, 31, '2025-04-23', 'redefine innovative web-readiness'),
	(581, 513, '2025-07-31', 'whiteboard distributed infomediaries'),
	(582, 1353, '2025-04-13', 'orchestrate e-business niches'),
	(583, 1532, '2024-12-15', 'mesh e-business e-commerce'),
	(584, 1043, '2024-11-12', 'redefine turn-key e-services'),
	(585, 1868, '2024-12-21', 'iterate innovative vortals'),
	(586, 1003, '2025-05-25', 'innovate customized architectures'),
	(587, 168, '2025-09-27', 'deliver granular web services'),
	(588, 391, '2025-05-22', 'visualize cutting-edge vortals'),
	(589, 823, '2025-06-01', 'facilitate front-end initiatives'),
	(590, 213, '2025-05-22', 'redefine wireless bandwidth'),
	(591, 721, '2025-03-19', 'transform out-of-the-box convergence'),
	(592, 1805, '2025-06-07', 'unleash B2C content'),
	(593, 1829, '2025-07-21', 'deliver e-business ROI'),
	(594, 244, '2025-02-01', 'enhance user-centric networks'),
	(595, 304, '2025-04-07', 'recontextualize sexy networks'),
	(596, 857, '2025-09-23', 'revolutionize viral architectures'),
	(597, 1036, '2025-01-26', 'deploy integrated supply-chains'),
	(598, 293, '2025-03-11', 'monetize front-end schemas'),
	(599, 1147, '2025-03-20', 'redefine dynamic content'),
	(600, 146, '2025-03-16', 'seize open-source technologies'),
	(601, 100, '2025-07-19', 'exploit e-business systems'),
	(602, 1061, '2025-04-12', 'engineer mission-critical partnerships'),
	(603, 1909, '2025-03-18', 'grow scalable systems'),
	(604, 1891, '2025-07-30', 'aggregate best-of-breed e-services'),
	(605, 718, '2024-12-03', 'evolve world-class initiatives'),
	(606, 1789, '2024-12-04', 'e-enable compelling e-markets'),
	(607, 930, '2025-03-23', 'expedite visionary channels'),
	(608, 698, '2025-03-15', 'transition back-end content'),
	(609, 1907, '2025-02-20', 'revolutionize cross-media metrics'),
	(610, 912, '2025-08-11', 'implement intuitive ROI'),
	(611, 815, '2025-01-23', 'evolve virtual e-business'),
	(612, 389, '2024-12-30', 'envisioneer cross-platform e-services'),
	(613, 1649, '2025-01-18', 'architect robust eyeballs'),
	(614, 1304, '2025-09-13', 'redefine magnetic paradigms'),
	(615, 178, '2025-04-08', 'whiteboard revolutionary infomediaries'),
	(616, 1034, '2024-10-26', 'innovate value-added markets'),
	(617, 373, '2025-06-01', 'empower one-to-one bandwidth'),
	(618, 726, '2025-01-12', 'target out-of-the-box supply-chains'),
	(619, 1953, '2025-07-08', 'transition end-to-end infrastructures'),
	(620, 1592, '2025-02-13', 'enable compelling interfaces'),
	(621, 236, '2025-05-20', 'repurpose visionary systems'),
	(622, 1656, '2024-12-03', 'facilitate user-centric platforms'),
	(623, 1220, '2025-09-05', 'enable frictionless paradigms'),
	(624, 733, '2025-05-07', 'generate world-class applications'),
	(625, 820, '2024-11-09', 'incubate plug-and-play paradigms'),
	(626, 953, '2025-02-22', 'embrace sticky convergence'),
	(627, 1981, '2025-08-30', 'target frictionless portals'),
	(628, 1158, '2024-11-25', 'extend next-generation relationships'),
	(629, 244, '2025-04-14', 'whiteboard front-end experiences'),
	(630, 491, '2024-11-11', 'streamline 24/7 channels'),
	(631, 2000, '2025-06-19', 'morph wireless schemas'),
	(632, 1877, '2025-06-23', 'evolve ubiquitous experiences'),
	(633, 986, '2025-09-15', 'streamline best-of-breed e-business'),
	(634, 364, '2025-09-27', 'visualize sexy infrastructures'),
	(635, 1380, '2025-05-06', 'extend visionary web-readiness'),
	(636, 20, '2025-03-02', 'reintermediate intuitive initiatives'),
	(637, 1790, '2025-05-02', 'repurpose bleeding-edge convergence'),
	(638, 58, '2025-01-06', 'seize plug-and-play markets'),
	(639, 193, '2024-11-11', 'redefine B2B communities'),
	(640, 758, '2025-07-28', 'reintermediate compelling infomediaries'),
	(641, 1373, '2025-05-19', 'utilize mission-critical action-items'),
	(642, 377, '2024-11-27', 'target value-added portals'),
	(643, 614, '2025-08-12', 'brand transparent markets'),
	(644, 8, '2025-03-11', 'iterate sticky methodologies'),
	(645, 77, '2025-09-25', 'disintermediate rich functionalities'),
	(646, 696, '2025-01-15', 'integrate mission-critical platforms'),
	(647, 924, '2025-04-23', 'mesh innovative experiences'),
	(648, 1707, '2025-07-25', 'engage synergistic synergies'),
	(649, 1020, '2025-03-25', 'visualize collaborative bandwidth'),
	(650, 1758, '2025-09-06', 'synergize compelling partnerships'),
	(651, 1302, '2025-05-29', 'architect B2C content'),
	(652, 847, '2024-11-13', 'exploit granular deliverables'),
	(653, 1882, '2025-08-10', 'architect value-added technologies'),
	(654, 1264, '2024-12-16', 'enable collaborative e-business'),
	(655, 176, '2024-11-18', 'leverage world-class e-commerce'),
	(656, 501, '2025-06-11', 'engage bleeding-edge models'),
	(657, 224, '2025-02-01', 'e-enable clicks-and-mortar networks'),
	(658, 874, '2025-03-27', 'incentivize proactive supply-chains'),
	(659, 1868, '2025-08-02', 'deploy end-to-end bandwidth'),
	(660, 37, '2025-08-17', 'repurpose e-business infomediaries'),
	(661, 1972, '2024-12-10', 'architect leading-edge e-markets'),
	(662, 1726, '2024-12-18', 'drive open-source functionalities'),
	(663, 1465, '2025-08-16', 'syndicate cross-platform synergies'),
	(664, 1305, '2025-07-30', 'drive next-generation infrastructures'),
	(665, 1377, '2025-08-10', 'streamline turn-key supply-chains'),
	(666, 260, '2024-12-19', 'innovate scalable channels'),
	(667, 1860, '2025-01-03', 'benchmark strategic deliverables'),
	(668, 1741, '2024-12-27', 'maximize B2B web services'),
	(669, 4, '2025-07-16', 'architect user-centric e-business'),
	(670, 1237, '2025-09-06', 'implement e-business initiatives'),
	(671, 713, '2025-07-04', 'facilitate global eyeballs'),
	(672, 579, '2025-06-15', 'streamline 24/7 applications'),
	(673, 608, '2024-12-15', 'leverage viral content'),
	(674, 1671, '2025-08-01', 'integrate dynamic systems'),
	(675, 1486, '2025-04-25', 'optimize dot-com e-business'),
	(676, 1342, '2025-03-28', 'visualize efficient e-tailers'),
	(677, 1129, '2024-11-07', 'enhance bleeding-edge relationships'),
	(678, 31, '2025-04-10', 'engage open-source interfaces'),
	(679, 1171, '2025-07-31', 'whiteboard wireless applications'),
	(680, 1455, '2025-08-16', 'seize impactful portals'),
	(681, 1181, '2025-05-12', 'e-enable revolutionary markets'),
	(682, 51, '2025-06-24', 'maximize killer interfaces'),
	(683, 394, '2025-02-17', 'whiteboard efficient niches'),
	(684, 1391, '2025-01-12', 'mesh e-business models'),
	(685, 18, '2024-12-06', 'maximize mission-critical networks'),
	(686, 1406, '2025-05-01', 'extend world-class convergence'),
	(687, 1406, '2025-02-06', 'e-enable out-of-the-box ROI'),
	(688, 1322, '2024-10-31', 'redefine value-added technologies'),
	(689, 1521, '2025-05-03', 'leverage vertical content'),
	(690, 760, '2025-03-03', 'benchmark transparent paradigms'),
	(691, 460, '2025-01-05', 'deliver wireless e-services'),
	(692, 259, '2025-08-27', 'synergize bricks-and-clicks markets'),
	(693, 1034, '2025-01-09', 'reintermediate holistic paradigms'),
	(694, 54, '2025-01-25', 'empower bricks-and-clicks e-business'),
	(695, 707, '2025-08-24', 'engage sticky users'),
	(696, 1235, '2025-01-16', 'optimize web-enabled experiences'),
	(697, 494, '2025-02-11', 'architect best-of-breed e-tailers'),
	(698, 1163, '2024-11-09', 'engage interactive infomediaries'),
	(699, 288, '2024-12-06', 'incubate world-class interfaces'),
	(700, 1128, '2025-01-23', 'e-enable global e-services'),
	(701, 1027, '2025-01-08', 'synergize next-generation paradigms'),
	(702, 1859, '2025-03-21', 'benchmark ubiquitous experiences'),
	(703, 1266, '2025-07-16', 'grow cutting-edge initiatives'),
	(704, 1784, '2024-11-24', 'utilize back-end functionalities'),
	(705, 1629, '2025-06-09', 'matrix sexy infomediaries'),
	(706, 1399, '2025-04-17', 'orchestrate e-business eyeballs'),
	(707, 1620, '2024-12-02', 'drive plug-and-play metrics'),
	(708, 1614, '2025-08-15', 'recontextualize e-business synergies'),
	(709, 78, '2025-02-04', 'engineer granular action-items'),
	(710, 573, '2024-10-20', 'mesh open-source portals'),
	(711, 1318, '2025-06-12', 'generate e-business models'),
	(712, 1368, '2025-04-14', 'morph sticky web services'),
	(713, 1503, '2025-04-16', 'embrace end-to-end networks'),
	(714, 560, '2025-01-18', 'brand sticky solutions'),
	(715, 933, '2024-12-31', 'redefine sexy web services'),
	(716, 1767, '2025-02-06', 'monetize vertical networks'),
	(717, 1457, '2024-12-19', 'seize wireless deliverables'),
	(718, 962, '2024-11-16', 'visualize one-to-one mindshare'),
	(719, 1954, '2024-10-13', 'streamline vertical applications'),
	(720, 107, '2025-01-01', 'grow dot-com vortals'),
	(721, 1075, '2025-06-11', 'engineer cross-platform e-tailers'),
	(722, 592, '2025-07-18', 'grow synergistic technologies'),
	(723, 929, '2025-01-07', 'orchestrate killer methodologies'),
	(724, 494, '2025-02-19', 'utilize rich systems'),
	(725, 710, '2025-05-26', 'visualize cross-media e-commerce'),
	(726, 1576, '2025-08-08', 'e-enable granular communities'),
	(727, 530, '2024-10-14', 'mesh viral e-services'),
	(728, 874, '2025-04-29', 'syndicate 24/365 deliverables'),
	(729, 66, '2025-05-26', 'evolve bricks-and-clicks infomediaries'),
	(730, 1779, '2024-12-10', 'synergize turn-key interfaces'),
	(731, 1566, '2025-09-05', 'innovate dynamic systems'),
	(732, 1754, '2025-07-22', 'enable transparent functionalities'),
	(733, 877, '2025-05-28', 'benchmark holistic vortals'),
	(734, 1921, '2025-01-30', 'repurpose real-time initiatives'),
	(735, 471, '2025-07-29', 'exploit vertical e-business'),
	(736, 1575, '2025-05-28', 'iterate plug-and-play users'),
	(737, 418, '2025-02-19', 'enhance granular technologies'),
	(738, 1923, '2025-09-11', 'orchestrate proactive web-readiness'),
	(739, 794, '2024-12-27', 'engineer revolutionary content'),
	(740, 578, '2025-09-07', 'recontextualize transparent methodologies'),
	(741, 1922, '2024-12-19', 'deliver visionary solutions'),
	(742, 423, '2025-07-11', 'brand granular applications'),
	(743, 1379, '2025-09-10', 'streamline extensible models'),
	(744, 842, '2025-04-13', 'syndicate open-source web services'),
	(745, 1005, '2024-10-08', 'engineer sticky bandwidth'),
	(746, 1472, '2024-11-16', 'enable cutting-edge communities'),
	(747, 1692, '2025-04-17', 'optimize extensible e-services'),
	(748, 614, '2025-07-03', 'empower customized deliverables'),
	(749, 301, '2025-05-01', 'optimize integrated metrics'),
	(750, 1727, '2025-09-28', 'productize robust web services'),
	(751, 865, '2025-07-15', 'reinvent turn-key experiences'),
	(752, 376, '2025-08-24', 'exploit enterprise e-tailers'),
	(753, 610, '2024-11-09', 'syndicate customized functionalities'),
	(754, 1054, '2025-07-16', 'deploy turn-key initiatives'),
	(755, 513, '2024-11-14', 'embrace web-enabled schemas'),
	(756, 297, '2025-04-19', 'e-enable proactive metrics'),
	(757, 995, '2025-04-17', 'matrix intuitive models'),
	(758, 1579, '2025-03-24', 'enable interactive web services'),
	(759, 1836, '2025-09-25', 'synergize next-generation initiatives'),
	(760, 1480, '2025-03-05', 'recontextualize open-source architectures'),
	(761, 1933, '2024-11-16', 'iterate sexy eyeballs'),
	(762, 1521, '2025-04-18', 'implement leading-edge ROI'),
	(763, 968, '2024-11-25', 'recontextualize next-generation users'),
	(764, 949, '2024-10-27', 'scale proactive e-business'),
	(765, 981, '2024-10-07', 'matrix synergistic infrastructures'),
	(766, 1869, '2024-11-17', 'disintermediate intuitive paradigms'),
	(767, 1241, '2025-02-22', 'integrate proactive eyeballs'),
	(768, 600, '2025-08-23', 'target compelling synergies'),
	(769, 674, '2025-08-12', 'maximize dynamic ROI'),
	(770, 1958, '2025-02-17', 'optimize web-enabled convergence'),
	(771, 1601, '2025-02-07', 'enhance killer users'),
	(772, 834, '2024-12-15', 'iterate innovative initiatives'),
	(773, 1502, '2025-08-26', 'streamline viral supply-chains'),
	(774, 1729, '2025-04-08', 'enable killer e-services'),
	(775, 691, '2025-05-24', 'embrace clicks-and-mortar platforms'),
	(776, 292, '2024-11-05', 'disintermediate back-end web services'),
	(777, 598, '2025-07-03', 'grow next-generation e-markets'),
	(778, 338, '2024-12-01', 'empower extensible infomediaries'),
	(779, 1965, '2025-02-23', 'disintermediate impactful solutions'),
	(780, 1258, '2025-05-11', 'orchestrate open-source web-readiness'),
	(781, 18, '2025-01-19', 'facilitate mission-critical convergence'),
	(782, 1358, '2025-08-29', 'cultivate mission-critical applications'),
	(783, 989, '2025-08-07', 'recontextualize B2C e-markets'),
	(784, 1361, '2024-12-24', 'repurpose efficient systems'),
	(785, 1907, '2025-02-24', 'drive seamless metrics'),
	(786, 454, '2025-05-24', 'mesh efficient schemas'),
	(787, 1278, '2025-09-29', 'mesh value-added systems'),
	(788, 981, '2024-12-04', 'utilize transparent relationships'),
	(789, 1775, '2024-10-07', 'implement B2B e-services'),
	(790, 1303, '2025-09-11', 'enhance synergistic applications'),
	(791, 753, '2025-03-26', 'synthesize revolutionary interfaces'),
	(792, 321, '2024-12-26', 'recontextualize seamless e-tailers'),
	(793, 1080, '2025-02-03', 'maximize mission-critical e-markets'),
	(794, 1127, '2025-07-19', 'synthesize collaborative partnerships'),
	(795, 1030, '2025-03-13', 'strategize leading-edge ROI'),
	(796, 697, '2025-07-24', 'harness 24/365 synergies'),
	(797, 103, '2024-10-15', 'transform front-end networks'),
	(798, 1687, '2025-04-24', 'implement magnetic content'),
	(799, 438, '2024-12-14', 'facilitate end-to-end convergence'),
	(800, 1133, '2025-09-16', 'expedite killer metrics'),
	(801, 1102, '2024-12-11', 'architect granular functionalities'),
	(802, 1183, '2024-10-30', 'embrace cross-platform vortals'),
	(803, 940, '2025-03-31', 'envisioneer turn-key e-markets'),
	(804, 462, '2025-03-12', 'disintermediate innovative partnerships'),
	(805, 1968, '2025-09-04', 'orchestrate value-added models'),
	(806, 493, '2025-09-23', 'enable sticky e-markets'),
	(807, 1083, '2025-03-02', 'implement end-to-end infrastructures'),
	(808, 1005, '2025-04-16', 'orchestrate innovative markets'),
	(809, 262, '2025-05-05', 'mesh best-of-breed web services'),
	(810, 1066, '2024-11-09', 'architect plug-and-play models'),
	(811, 1688, '2025-01-02', 'synthesize real-time deliverables'),
	(812, 387, '2025-09-17', 'whiteboard efficient platforms'),
	(813, 218, '2025-08-11', 'deliver plug-and-play niches'),
	(814, 1444, '2025-05-23', 'mesh integrated architectures'),
	(815, 949, '2024-11-15', 'monetize plug-and-play communities'),
	(816, 967, '2025-04-19', 'empower distributed channels'),
	(817, 257, '2025-05-11', 'drive seamless portals'),
	(818, 1280, '2025-09-27', 'extend sexy functionalities'),
	(819, 636, '2025-01-08', 'cultivate 24/7 web-readiness'),
	(820, 1531, '2025-01-05', 'reinvent sexy communities'),
	(821, 1071, '2025-02-11', 'mesh e-business methodologies'),
	(822, 1310, '2025-03-25', 'optimize leading-edge e-commerce'),
	(823, 1059, '2025-09-25', 'syndicate value-added niches'),
	(824, 1281, '2024-12-11', 'productize vertical e-tailers'),
	(825, 641, '2025-04-20', 'exploit back-end architectures'),
	(826, 1896, '2025-01-18', 'integrate robust bandwidth'),
	(827, 1999, '2025-04-14', 'harness extensible technologies'),
	(828, 604, '2025-04-19', 'transition integrated content'),
	(829, 194, '2024-12-14', 'deliver revolutionary models'),
	(830, 783, '2025-05-04', 'synergize out-of-the-box web services'),
	(831, 1786, '2025-09-10', 'extend innovative infrastructures'),
	(832, 1470, '2025-09-30', 'iterate holistic niches'),
	(833, 267, '2025-05-17', 'facilitate scalable bandwidth'),
	(834, 1663, '2025-01-14', 'innovate synergistic technologies'),
	(835, 457, '2024-12-05', 'synthesize rich deliverables'),
	(836, 321, '2025-03-01', 'enable B2B niches'),
	(837, 180, '2025-07-17', 'transition web-enabled vortals'),
	(838, 293, '2025-09-27', 'orchestrate world-class methodologies'),
	(839, 1728, '2025-09-05', 'transition value-added markets'),
	(840, 377, '2025-05-07', 'monetize efficient paradigms'),
	(841, 870, '2025-01-28', 'iterate best-of-breed users'),
	(842, 1624, '2025-09-02', 'repurpose vertical schemas'),
	(843, 145, '2025-05-10', 'deploy strategic channels'),
	(844, 1212, '2025-07-09', 'incentivize end-to-end infrastructures'),
	(845, 1291, '2025-09-29', 'embrace extensible technologies'),
	(846, 236, '2025-01-16', 'extend extensible functionalities'),
	(847, 1876, '2025-01-21', 'recontextualize wireless solutions'),
	(848, 201, '2025-02-25', 'brand plug-and-play deliverables'),
	(849, 1405, '2025-03-17', 'visualize out-of-the-box applications'),
	(850, 687, '2024-12-17', 'engineer impactful bandwidth'),
	(851, 329, '2025-05-19', 'incubate plug-and-play ROI'),
	(852, 361, '2024-11-01', 'utilize distributed synergies'),
	(853, 90, '2025-06-27', 'facilitate web-enabled applications'),
	(854, 905, '2025-09-27', 'deploy e-business ROI'),
	(855, 570, '2025-03-27', 'revolutionize virtual architectures'),
	(856, 1049, '2024-11-26', 'mesh vertical architectures'),
	(857, 753, '2025-09-25', 'aggregate extensible networks'),
	(858, 186, '2025-03-15', 'incubate 24/7 systems'),
	(859, 225, '2024-12-12', 'scale frictionless partnerships'),
	(860, 677, '2024-12-25', 'integrate impactful technologies'),
	(861, 1337, '2025-05-05', 'incubate ubiquitous metrics'),
	(862, 49, '2024-11-17', 'syndicate virtual interfaces'),
	(863, 1535, '2025-01-17', 'cultivate vertical applications'),
	(864, 1709, '2025-03-24', 'extend distributed metrics'),
	(865, 1919, '2025-03-21', 'envisioneer compelling web services'),
	(866, 1960, '2024-10-05', 'e-enable vertical infomediaries'),
	(867, 1564, '2025-05-25', 'architect granular schemas'),
	(868, 959, '2025-04-23', 'deploy intuitive e-tailers'),
	(869, 1002, '2025-05-12', 'architect open-source solutions'),
	(870, 387, '2025-09-25', 'streamline world-class functionalities'),
	(871, 1432, '2025-05-05', 'cultivate intuitive deliverables'),
	(872, 749, '2024-12-26', 'target bricks-and-clicks systems'),
	(873, 1176, '2025-08-08', 'integrate enterprise web services'),
	(874, 342, '2024-12-13', 'engineer integrated infomediaries'),
	(875, 591, '2024-12-19', 'harness distributed infomediaries'),
	(876, 966, '2025-09-14', 'streamline front-end markets'),
	(877, 1007, '2025-03-31', 'integrate 24/365 channels'),
	(878, 184, '2025-06-17', 'deploy leading-edge e-services'),
	(879, 525, '2025-03-16', 'visualize dynamic web services'),
	(880, 436, '2025-06-03', 'recontextualize compelling mindshare'),
	(881, 1024, '2024-11-12', 'evolve frictionless metrics'),
	(882, 674, '2025-09-25', 'scale ubiquitous schemas'),
	(883, 197, '2025-04-19', 'e-enable magnetic synergies'),
	(884, 1130, '2025-03-15', 'grow leading-edge content'),
	(885, 1052, '2025-01-27', 'repurpose turn-key metrics'),
	(886, 924, '2025-02-27', 'reintermediate 24/7 web services'),
	(887, 274, '2025-03-18', 'disintermediate intuitive functionalities'),
	(888, 1077, '2025-07-12', 'cultivate turn-key e-tailers'),
	(889, 383, '2025-06-13', 'strategize web-enabled ROI'),
	(890, 522, '2025-06-08', 'drive transparent e-business'),
	(891, 1245, '2025-03-30', 'innovate user-centric markets'),
	(892, 1385, '2025-08-13', 'benchmark holistic communities'),
	(893, 920, '2025-03-14', 'incubate wireless models'),
	(894, 1171, '2025-08-20', 'evolve strategic communities'),
	(895, 386, '2025-07-27', 'exploit B2B e-tailers'),
	(896, 1364, '2024-10-28', 'exploit collaborative schemas'),
	(897, 1160, '2025-01-30', 'deliver sexy action-items'),
	(898, 1747, '2025-02-22', 'whiteboard proactive functionalities'),
	(899, 1924, '2025-04-13', 'innovate user-centric e-tailers'),
	(900, 146, '2025-08-31', 'e-enable end-to-end technologies'),
	(901, 656, '2024-12-21', 'generate transparent e-tailers'),
	(902, 496, '2025-06-04', 'redefine granular action-items'),
	(903, 1238, '2024-12-30', 'scale ubiquitous supply-chains'),
	(904, 848, '2025-02-03', 'generate global users'),
	(905, 544, '2024-11-05', 'disintermediate e-business markets'),
	(906, 40, '2025-05-13', 'drive customized interfaces'),
	(907, 1880, '2025-05-27', 'seize enterprise models'),
	(908, 1229, '2025-05-18', 'repurpose vertical relationships'),
	(909, 207, '2025-08-05', 'whiteboard virtual users'),
	(910, 764, '2025-03-13', 'synergize virtual communities'),
	(911, 1360, '2025-04-16', 'seize value-added e-commerce'),
	(912, 974, '2025-05-01', 'exploit open-source experiences'),
	(913, 259, '2025-01-14', 'empower back-end initiatives'),
	(914, 1610, '2025-08-28', 'syndicate enterprise systems'),
	(915, 202, '2025-01-18', 'maximize end-to-end e-markets'),
	(916, 1718, '2025-08-24', 'optimize sticky e-services'),
	(917, 1608, '2025-01-13', 'harness out-of-the-box bandwidth'),
	(918, 879, '2025-05-19', 'aggregate frictionless e-tailers'),
	(919, 1180, '2025-01-07', 'implement wireless e-tailers'),
	(920, 128, '2025-07-07', 'e-enable bleeding-edge paradigms'),
	(921, 367, '2024-11-11', 'facilitate dynamic communities'),
	(922, 1861, '2025-02-01', 'facilitate ubiquitous ROI'),
	(923, 1106, '2025-03-09', 'synergize front-end channels'),
	(924, 1831, '2025-08-31', 'aggregate transparent vortals'),
	(925, 1871, '2025-06-15', 'revolutionize global methodologies'),
	(926, 690, '2025-09-14', 'iterate sticky platforms'),
	(927, 1063, '2024-11-03', 'revolutionize 24/365 applications'),
	(928, 214, '2025-04-16', 'enhance seamless experiences'),
	(929, 789, '2025-06-12', 'harness leading-edge portals'),
	(930, 946, '2025-01-29', 'recontextualize visionary applications'),
	(931, 1988, '2025-02-18', 'deliver impactful systems'),
	(932, 1942, '2025-02-04', 'syndicate extensible partnerships'),
	(933, 1979, '2024-12-23', 'orchestrate scalable metrics'),
	(934, 865, '2025-07-30', 'monetize cutting-edge interfaces'),
	(935, 711, '2025-07-16', 'deploy open-source content'),
	(936, 1390, '2024-10-26', 'e-enable value-added users'),
	(937, 1984, '2025-04-19', 'seize killer e-tailers'),
	(938, 495, '2025-01-21', 'generate enterprise infomediaries'),
	(939, 618, '2025-08-08', 'implement mission-critical relationships'),
	(940, 1599, '2025-09-12', 'unleash proactive web-readiness'),
	(941, 1414, '2024-12-24', 'drive mission-critical e-services'),
	(942, 782, '2025-01-31', 'transform seamless methodologies'),
	(943, 17, '2025-02-18', 'scale intuitive e-tailers'),
	(944, 295, '2025-08-07', 'streamline ubiquitous infomediaries'),
	(945, 1181, '2025-06-18', 'reinvent clicks-and-mortar mindshare'),
	(946, 1025, '2025-07-22', 'exploit B2B web services'),
	(947, 820, '2025-06-23', 'incubate leading-edge e-markets'),
	(948, 1164, '2025-04-09', 'exploit collaborative interfaces'),
	(949, 659, '2025-03-21', 'seize efficient paradigms'),
	(950, 1305, '2024-12-16', 'aggregate distributed functionalities'),
	(951, 1608, '2025-07-22', 'seize synergistic e-tailers'),
	(952, 325, '2025-03-10', 'deploy global technologies'),
	(953, 1545, '2024-10-31', 'facilitate dot-com experiences'),
	(954, 80, '2024-12-16', 'scale 24/365 solutions'),
	(955, 1185, '2025-04-08', 'strategize cross-media content'),
	(956, 1148, '2024-11-14', 'recontextualize holistic bandwidth'),
	(957, 1743, '2024-11-27', 'incentivize global e-markets'),
	(958, 74, '2025-02-07', 'syndicate sticky paradigms'),
	(959, 391, '2025-01-17', 'exploit efficient action-items'),
	(960, 896, '2025-01-22', 'aggregate web-enabled technologies'),
	(961, 1361, '2025-08-20', 'synergize out-of-the-box methodologies'),
	(962, 1212, '2025-01-18', 'syndicate dynamic platforms'),
	(963, 403, '2025-09-23', 'architect sticky e-markets'),
	(964, 1814, '2025-03-30', 'generate granular action-items'),
	(965, 70, '2024-11-02', 'implement customized vortals'),
	(966, 1983, '2025-10-03', 'extend B2B models'),
	(967, 476, '2025-02-05', 'e-enable next-generation infrastructures'),
	(968, 1060, '2025-07-14', 'innovate cross-platform content'),
	(969, 1428, '2025-04-27', 'enhance B2B initiatives'),
	(970, 531, '2025-09-14', 'evolve compelling interfaces'),
	(971, 798, '2025-06-18', 'reintermediate scalable web-readiness'),
	(972, 1634, '2024-11-27', 'drive turn-key action-items'),
	(973, 1694, '2025-02-20', 'redefine intuitive e-commerce'),
	(974, 1683, '2025-02-10', 'reinvent user-centric schemas'),
	(975, 537, '2025-02-27', 'embrace web-enabled vortals'),
	(976, 282, '2024-10-07', 'transform wireless synergies'),
	(977, 286, '2025-04-21', 'whiteboard world-class models'),
	(978, 1995, '2024-11-11', 'transition back-end metrics'),
	(979, 697, '2025-04-11', 'unleash bleeding-edge partnerships'),
	(980, 1994, '2025-08-22', 'benchmark one-to-one markets'),
	(981, 1757, '2025-07-13', 'revolutionize mission-critical e-tailers'),
	(982, 854, '2025-03-23', 'architect synergistic web-readiness'),
	(983, 1447, '2024-11-23', 'architect granular content'),
	(984, 1927, '2025-07-13', 'engineer B2C infrastructures'),
	(985, 1430, '2025-07-27', 'streamline robust infomediaries'),
	(986, 1285, '2025-04-26', 'seize wireless web services'),
	(987, 145, '2024-10-21', 'revolutionize holistic e-services'),
	(988, 112, '2024-12-14', 'implement 24/365 web-readiness'),
	(989, 1589, '2025-03-05', 'strategize collaborative interfaces'),
	(990, 1332, '2025-07-04', 'engineer 24/7 platforms'),
	(991, 715, '2025-03-17', 'empower real-time portals'),
	(992, 1768, '2025-01-10', 'benchmark dynamic synergies'),
	(993, 1186, '2024-10-13', 'syndicate transparent bandwidth'),
	(994, 223, '2025-05-30', 'whiteboard distributed e-business'),
	(995, 1615, '2025-01-02', 'innovate enterprise systems'),
	(996, 579, '2024-12-15', 'harness cross-media users'),
	(997, 1986, '2025-09-27', 'expedite 24/365 infomediaries'),
	(998, 394, '2025-04-20', 'extend sticky systems'),
	(999, 532, '2025-01-01', 'reintermediate dynamic convergence'),
	(1000, 1524, '2025-05-04', 'syndicate synergistic channels'),
	(1001, 1747, '2025-08-07', 'maximize B2B methodologies'),
	(1002, 218, '2025-06-18', 'enhance cross-platform e-tailers'),
	(1003, 1919, '2025-02-12', 'benchmark 24/365 mindshare'),
	(1004, 829, '2025-05-21', 'transform seamless infomediaries'),
	(1005, 1230, '2025-06-03', 'generate cross-platform markets'),
	(1006, 1300, '2025-05-20', 'extend transparent paradigms'),
	(1007, 1673, '2025-04-20', 'incubate plug-and-play e-markets'),
	(1008, 125, '2025-01-28', 'facilitate one-to-one synergies'),
	(1009, 968, '2024-11-30', 'enhance granular models'),
	(1010, 1704, '2025-09-11', 'strategize frictionless eyeballs'),
	(1011, 450, '2025-07-15', 'disintermediate bricks-and-clicks web services'),
	(1012, 527, '2025-02-20', 'enhance scalable bandwidth'),
	(1013, 1595, '2025-03-09', 'disintermediate interactive experiences'),
	(1014, 1738, '2025-05-24', 'monetize impactful supply-chains'),
	(1015, 952, '2025-02-05', 'deliver sexy models'),
	(1016, 1694, '2024-11-01', 'optimize innovative schemas'),
	(1017, 1440, '2024-12-06', 'disintermediate value-added mindshare'),
	(1018, 191, '2025-05-13', 'cultivate end-to-end infrastructures'),
	(1019, 184, '2025-04-16', 'reinvent end-to-end systems'),
	(1020, 579, '2025-07-07', 'streamline visionary portals'),
	(1021, 166, '2024-12-08', 'transition 24/7 portals'),
	(1022, 13, '2024-12-22', 'innovate cutting-edge architectures'),
	(1023, 239, '2025-08-10', 'evolve open-source interfaces'),
	(1024, 138, '2025-06-13', 'strategize killer paradigms'),
	(1025, 22, '2025-09-19', 'benchmark enterprise e-tailers'),
	(1026, 1473, '2025-08-14', 'expedite robust e-commerce'),
	(1027, 913, '2025-01-02', 'generate compelling portals'),
	(1028, 1962, '2024-11-15', 'incentivize enterprise synergies'),
	(1029, 1742, '2025-04-19', 'unleash proactive deliverables'),
	(1030, 1309, '2025-04-22', 'generate proactive users'),
	(1031, 1089, '2025-01-05', 'architect impactful supply-chains'),
	(1032, 417, '2024-12-02', 'integrate synergistic platforms'),
	(1033, 1942, '2025-04-15', 'generate real-time bandwidth'),
	(1034, 1161, '2025-09-30', 'grow impactful solutions'),
	(1035, 1762, '2025-05-03', 'incubate enterprise communities'),
	(1036, 1300, '2025-02-03', 'synthesize intuitive channels'),
	(1037, 1284, '2024-10-13', 'unleash revolutionary systems'),
	(1038, 1535, '2025-05-16', 'leverage B2C e-commerce'),
	(1039, 1165, '2025-06-17', 'empower out-of-the-box relationships'),
	(1040, 1718, '2024-10-17', 'aggregate bleeding-edge bandwidth'),
	(1041, 648, '2024-10-07', 'orchestrate next-generation bandwidth'),
	(1042, 440, '2024-10-21', 'drive seamless applications'),
	(1043, 760, '2025-01-20', 'integrate frictionless metrics'),
	(1044, 720, '2025-06-10', 'monetize efficient solutions'),
	(1045, 1172, '2025-03-25', 'matrix seamless paradigms'),
	(1046, 1744, '2025-03-08', 'architect frictionless infomediaries'),
	(1047, 1094, '2024-12-25', 'reintermediate integrated convergence'),
	(1048, 1940, '2025-06-11', 'grow rich content'),
	(1049, 1113, '2025-05-13', 'e-enable 24/7 e-tailers'),
	(1050, 1350, '2025-07-16', 'embrace synergistic solutions'),
	(1051, 1131, '2025-02-25', 'transform end-to-end interfaces'),
	(1052, 54, '2024-11-26', 'mesh rich platforms'),
	(1053, 462, '2025-09-06', 'recontextualize next-generation functionalities'),
	(1054, 1904, '2024-12-10', 'extend turn-key channels'),
	(1055, 1374, '2024-11-24', 'deploy best-of-breed markets'),
	(1056, 1101, '2024-11-21', 'transition synergistic e-commerce'),
	(1057, 251, '2025-01-13', 'recontextualize bricks-and-clicks communities'),
	(1058, 1691, '2025-09-02', 'transform B2C e-tailers'),
	(1059, 1380, '2024-12-13', 'aggregate extensible communities'),
	(1060, 226, '2024-12-22', 'enhance vertical eyeballs'),
	(1061, 244, '2025-02-10', 'exploit cutting-edge paradigms'),
	(1062, 738, '2025-04-07', 'revolutionize 24/7 e-tailers'),
	(1063, 752, '2025-08-19', 'leverage compelling networks'),
	(1064, 316, '2024-12-16', 'drive intuitive schemas'),
	(1065, 717, '2025-07-29', 'reinvent cross-media paradigms'),
	(1066, 1374, '2025-04-13', 'optimize B2C metrics'),
	(1067, 994, '2024-10-13', 'integrate seamless systems'),
	(1068, 862, '2025-06-26', 'drive cross-media relationships'),
	(1069, 258, '2024-10-19', 'brand cutting-edge synergies'),
	(1070, 869, '2025-04-14', 'enhance out-of-the-box e-markets'),
	(1071, 1581, '2025-07-13', 'synergize frictionless applications'),
	(1072, 1539, '2025-02-16', 'repurpose collaborative supply-chains'),
	(1073, 768, '2025-06-06', 'harness efficient supply-chains'),
	(1074, 954, '2024-10-28', 'harness distributed infrastructures'),
	(1075, 1485, '2025-06-21', 'seize vertical systems'),
	(1076, 719, '2025-04-08', 'incubate one-to-one communities'),
	(1077, 65, '2025-05-18', 'transform B2C mindshare'),
	(1078, 1499, '2025-08-12', 'whiteboard end-to-end convergence'),
	(1079, 279, '2025-02-03', 'repurpose distributed e-markets'),
	(1080, 1617, '2025-08-21', 'generate robust technologies'),
	(1081, 535, '2024-12-29', 'incubate efficient infrastructures'),
	(1082, 1210, '2025-09-13', 'revolutionize killer bandwidth'),
	(1083, 757, '2025-04-26', 'unleash intuitive methodologies'),
	(1084, 1185, '2024-10-08', 'orchestrate 24/365 schemas'),
	(1085, 1079, '2024-12-20', 'engage revolutionary architectures'),
	(1086, 874, '2025-05-23', 'expedite interactive action-items'),
	(1087, 1698, '2025-08-12', 'harness impactful architectures'),
	(1088, 1165, '2025-08-29', 'integrate sticky e-markets'),
	(1089, 664, '2025-02-15', 'iterate strategic models'),
	(1090, 1193, '2025-07-28', 'incubate B2C mindshare'),
	(1091, 348, '2025-02-22', 'deliver collaborative e-tailers'),
	(1092, 313, '2025-06-21', 'grow customized mindshare'),
	(1093, 1624, '2024-10-16', 'streamline revolutionary solutions'),
	(1094, 373, '2025-09-20', 'transform synergistic vortals'),
	(1095, 556, '2025-06-05', 'generate virtual ROI'),
	(1096, 384, '2024-10-28', 'reinvent revolutionary functionalities'),
	(1097, 1187, '2025-10-02', 'exploit out-of-the-box e-markets'),
	(1098, 835, '2025-02-08', 'transition plug-and-play ROI'),
	(1099, 1511, '2024-11-29', 'implement B2C initiatives'),
	(1100, 321, '2025-08-03', 'reintermediate visionary experiences'),
	(1101, 1068, '2025-02-14', 'drive transparent functionalities'),
	(1102, 335, '2024-11-21', 'extend one-to-one infrastructures'),
	(1103, 786, '2025-06-05', 'evolve B2C applications'),
	(1104, 427, '2025-05-14', 'repurpose scalable markets'),
	(1105, 243, '2025-07-24', 'embrace bleeding-edge partnerships'),
	(1106, 1765, '2025-06-04', 'envisioneer wireless mindshare'),
	(1107, 637, '2025-05-06', 'disintermediate 24/365 platforms'),
	(1108, 1238, '2025-09-18', 'productize end-to-end models'),
	(1109, 95, '2025-06-25', 'brand web-enabled e-tailers'),
	(1110, 1915, '2024-11-11', 'empower compelling niches'),
	(1111, 1065, '2025-04-01', 'evolve open-source vortals'),
	(1112, 584, '2025-07-08', 'optimize seamless experiences'),
	(1113, 1838, '2025-04-09', 'strategize synergistic architectures'),
	(1114, 1253, '2025-08-30', 'transform mission-critical e-services'),
	(1115, 1616, '2025-02-04', 'enhance front-end niches'),
	(1116, 1654, '2024-11-17', 'reintermediate magnetic relationships'),
	(1117, 742, '2025-02-13', 'utilize granular ROI'),
	(1118, 1588, '2025-06-26', 'generate extensible web services'),
	(1119, 1380, '2025-03-27', 'visualize next-generation networks'),
	(1120, 448, '2024-10-23', 'reinvent robust technologies'),
	(1121, 219, '2024-11-21', 'e-enable e-business paradigms'),
	(1122, 659, '2024-10-19', 'innovate e-business schemas'),
	(1123, 1592, '2024-11-15', 'evolve synergistic partnerships'),
	(1124, 945, '2025-04-03', 'facilitate turn-key functionalities'),
	(1125, 634, '2024-12-13', 'leverage customized vortals'),
	(1126, 1893, '2025-03-12', 'target revolutionary models'),
	(1127, 1483, '2024-12-09', 'recontextualize sticky schemas'),
	(1128, 1393, '2025-04-02', 'visualize granular users'),
	(1129, 381, '2025-09-02', 'monetize B2C vortals'),
	(1130, 1450, '2025-04-23', 'whiteboard seamless vortals'),
	(1131, 968, '2025-06-12', 'benchmark wireless interfaces'),
	(1132, 618, '2024-11-12', 'repurpose dynamic web-readiness'),
	(1133, 199, '2025-01-24', 'syndicate B2B bandwidth'),
	(1134, 1004, '2025-05-17', 'harness cross-platform interfaces'),
	(1135, 671, '2025-05-16', 'extend compelling functionalities'),
	(1136, 811, '2025-04-28', 'disintermediate best-of-breed infomediaries'),
	(1137, 1211, '2025-06-17', 'iterate cutting-edge action-items'),
	(1138, 1018, '2025-09-22', 'benchmark magnetic eyeballs'),
	(1139, 718, '2025-07-25', 'scale world-class communities'),
	(1140, 384, '2025-03-04', 'unleash visionary networks'),
	(1141, 1118, '2025-08-22', 'seize vertical deliverables'),
	(1142, 548, '2024-10-17', 'optimize holistic e-commerce'),
	(1143, 144, '2024-12-16', 'reintermediate cross-media ROI'),
	(1144, 1438, '2025-08-07', 'innovate global markets'),
	(1145, 1018, '2025-02-22', 'incubate best-of-breed synergies'),
	(1146, 1558, '2024-12-19', 'whiteboard holistic solutions'),
	(1147, 1397, '2025-09-09', 'transform sticky experiences'),
	(1148, 1768, '2024-10-24', 'scale frictionless e-services'),
	(1149, 1514, '2025-01-29', 'revolutionize compelling users'),
	(1150, 435, '2024-11-11', 'target out-of-the-box e-markets'),
	(1151, 429, '2025-05-23', 'optimize plug-and-play communities'),
	(1152, 1943, '2025-08-18', 'productize 24/365 deliverables'),
	(1153, 969, '2024-10-31', 'aggregate enterprise web-readiness'),
	(1154, 1786, '2025-04-15', 'synthesize enterprise methodologies'),
	(1155, 1402, '2025-05-03', 'recontextualize viral convergence'),
	(1156, 1047, '2025-03-23', 'reintermediate dynamic systems'),
	(1157, 1759, '2024-10-13', 'engineer clicks-and-mortar portals'),
	(1158, 1165, '2025-05-03', 'envisioneer next-generation e-markets'),
	(1159, 1490, '2025-09-05', 'aggregate distributed relationships'),
	(1160, 1902, '2025-06-25', 'transform global e-tailers'),
	(1161, 86, '2025-07-20', 'iterate vertical convergence'),
	(1162, 1800, '2024-12-11', 'synergize e-business action-items'),
	(1163, 904, '2025-06-02', 'mesh web-enabled bandwidth'),
	(1164, 470, '2025-02-16', 'envisioneer turn-key e-commerce'),
	(1165, 1184, '2025-02-13', 'utilize open-source models'),
	(1166, 33, '2025-04-09', 'disintermediate transparent infrastructures'),
	(1167, 789, '2025-05-28', 'recontextualize cross-media e-tailers'),
	(1168, 95, '2025-02-13', 'generate dynamic deliverables'),
	(1169, 1338, '2025-06-29', 'incubate scalable web-readiness'),
	(1170, 1402, '2025-03-05', 'engineer synergistic networks'),
	(1171, 303, '2025-06-06', 'innovate back-end content'),
	(1172, 337, '2025-09-25', 'transform value-added interfaces'),
	(1173, 848, '2024-10-08', 'embrace killer channels'),
	(1174, 1658, '2025-04-07', 'aggregate value-added networks'),
	(1175, 952, '2025-01-14', 'deploy revolutionary e-business'),
	(1176, 596, '2025-09-18', 'envisioneer sexy content'),
	(1177, 82, '2025-08-20', 'harness bricks-and-clicks eyeballs'),
	(1178, 599, '2025-06-05', 'architect B2C action-items'),
	(1179, 212, '2025-01-15', 'incentivize best-of-breed networks'),
	(1180, 967, '2025-01-09', 'streamline cross-platform technologies'),
	(1181, 240, '2024-10-13', 'optimize leading-edge web services'),
	(1182, 1493, '2025-01-06', 'streamline best-of-breed initiatives'),
	(1183, 80, '2025-06-26', 'expedite open-source schemas'),
	(1184, 707, '2025-10-01', 'innovate sexy applications'),
	(1185, 1840, '2025-07-18', 'reinvent one-to-one communities'),
	(1186, 696, '2025-10-01', 'brand clicks-and-mortar markets'),
	(1187, 1012, '2024-12-24', 'morph customized web-readiness'),
	(1188, 540, '2025-08-05', 'mesh innovative platforms'),
	(1189, 1316, '2025-01-13', 'reintermediate 24/365 initiatives'),
	(1190, 469, '2025-04-07', 'aggregate killer bandwidth'),
	(1191, 767, '2025-06-01', 'morph e-business relationships'),
	(1192, 131, '2025-09-07', 'optimize cross-media experiences'),
	(1193, 599, '2024-12-30', 'engage leading-edge portals'),
	(1194, 893, '2024-10-10', 'strategize intuitive communities'),
	(1195, 1330, '2024-10-27', 'matrix 24/7 bandwidth'),
	(1196, 1996, '2025-08-03', 'transition viral communities'),
	(1197, 207, '2025-02-23', 'transform front-end web-readiness'),
	(1198, 674, '2025-08-14', 'incentivize 24/365 networks'),
	(1199, 1635, '2025-06-29', 'engage holistic functionalities'),
	(1200, 974, '2025-01-17', 'monetize efficient web-readiness'),
	(1201, 1948, '2025-01-23', 'embrace integrated action-items'),
	(1202, 314, '2025-03-15', 'disintermediate customized e-business'),
	(1203, 564, '2025-02-28', 'utilize ubiquitous initiatives'),
	(1204, 1756, '2025-06-10', 'enhance turn-key metrics'),
	(1205, 746, '2024-11-10', 'evolve value-added applications'),
	(1206, 1162, '2025-07-17', 'leverage global communities'),
	(1207, 1802, '2025-06-08', 'innovate mission-critical supply-chains'),
	(1208, 664, '2025-08-13', 'streamline enterprise models'),
	(1209, 423, '2025-06-23', 'transition bleeding-edge paradigms'),
	(1210, 1244, '2025-07-11', 'incentivize distributed e-markets'),
	(1211, 1562, '2025-07-08', 'repurpose cutting-edge web-readiness'),
	(1212, 33, '2025-09-19', 'revolutionize turn-key supply-chains'),
	(1213, 381, '2025-06-20', 'iterate next-generation mindshare'),
	(1214, 485, '2025-04-09', 'streamline virtual experiences'),
	(1215, 671, '2024-12-06', 'extend efficient technologies'),
	(1216, 978, '2025-08-03', 'brand distributed partnerships'),
	(1217, 224, '2025-04-15', 'matrix value-added methodologies'),
	(1218, 1465, '2025-06-14', 'facilitate revolutionary partnerships'),
	(1219, 529, '2025-05-01', 'deliver strategic ROI'),
	(1220, 835, '2024-11-18', 'empower sticky networks'),
	(1221, 178, '2025-01-19', 'disintermediate interactive web services'),
	(1222, 653, '2024-12-02', 'deliver e-business e-services'),
	(1223, 1320, '2025-08-18', 'revolutionize transparent convergence'),
	(1224, 1872, '2025-05-02', 'synergize collaborative relationships'),
	(1225, 1352, '2024-12-03', 'strategize rich interfaces'),
	(1226, 1468, '2024-12-14', 'aggregate world-class markets'),
	(1227, 1170, '2025-08-22', 'integrate bleeding-edge infrastructures'),
	(1228, 1675, '2024-11-07', 'morph proactive convergence'),
	(1229, 1924, '2025-09-21', 'syndicate out-of-the-box portals'),
	(1230, 442, '2025-09-16', 'orchestrate leading-edge e-business'),
	(1231, 1290, '2025-04-20', 'revolutionize out-of-the-box portals'),
	(1232, 1363, '2025-03-07', 'innovate back-end metrics'),
	(1233, 1382, '2024-10-30', 'innovate sticky users'),
	(1234, 1829, '2025-01-08', 'monetize integrated systems'),
	(1235, 788, '2025-07-18', 'scale B2B networks'),
	(1236, 218, '2025-02-28', 'innovate killer eyeballs'),
	(1237, 1340, '2025-03-16', 'aggregate front-end convergence'),
	(1238, 591, '2025-08-06', 'integrate vertical e-tailers'),
	(1239, 1006, '2025-04-04', 'transform strategic applications'),
	(1240, 839, '2025-09-24', 'redefine open-source platforms'),
	(1241, 760, '2025-04-27', 'syndicate sticky eyeballs'),
	(1242, 605, '2025-08-11', 'expedite efficient interfaces'),
	(1243, 444, '2025-09-15', 'e-enable bricks-and-clicks content'),
	(1244, 1840, '2025-05-31', 'optimize collaborative relationships'),
	(1245, 541, '2025-08-21', 'extend distributed relationships'),
	(1246, 1081, '2025-02-20', 'matrix turn-key functionalities'),
	(1247, 418, '2025-06-19', 'aggregate killer metrics'),
	(1248, 1804, '2025-05-01', 'deploy front-end relationships'),
	(1249, 998, '2025-07-07', 'benchmark turn-key models'),
	(1250, 1068, '2025-05-21', 'grow sticky action-items'),
	(1251, 315, '2025-07-23', 'recontextualize clicks-and-mortar architectures'),
	(1252, 875, '2025-01-27', 'generate clicks-and-mortar infrastructures'),
	(1253, 880, '2025-05-25', 'target out-of-the-box ROI'),
	(1254, 593, '2025-05-14', 'facilitate mission-critical convergence'),
	(1255, 694, '2025-04-18', 'orchestrate front-end functionalities'),
	(1256, 342, '2024-11-17', 'repurpose cutting-edge e-commerce'),
	(1257, 1768, '2024-10-26', 'unleash frictionless convergence'),
	(1258, 542, '2025-04-18', 'engineer customized vortals'),
	(1259, 594, '2024-11-23', 'extend revolutionary e-markets'),
	(1260, 1709, '2024-12-03', 'utilize value-added convergence'),
	(1261, 1697, '2025-07-20', 'enable next-generation models'),
	(1262, 1523, '2024-12-08', 'repurpose real-time experiences'),
	(1263, 1215, '2024-12-08', 'cultivate real-time relationships'),
	(1264, 1825, '2025-01-17', 'drive sexy systems'),
	(1265, 29, '2024-12-14', 'recontextualize world-class deliverables'),
	(1266, 787, '2024-11-13', 'leverage scalable ROI'),
	(1267, 1051, '2025-06-01', 'envisioneer back-end e-tailers'),
	(1268, 164, '2025-08-14', 'engineer bricks-and-clicks markets'),
	(1269, 1284, '2025-08-05', 'mesh out-of-the-box infrastructures'),
	(1270, 1944, '2024-11-02', 'strategize user-centric content'),
	(1271, 18, '2025-04-28', 'redefine global users'),
	(1272, 1708, '2025-08-06', 'reinvent visionary interfaces'),
	(1273, 905, '2025-04-03', 'repurpose one-to-one metrics'),
	(1274, 1342, '2025-07-30', 'implement interactive synergies'),
	(1275, 1239, '2025-01-09', 'harness global content'),
	(1276, 1308, '2025-02-27', 'disintermediate 24/7 vortals'),
	(1277, 893, '2025-02-13', 'monetize world-class e-commerce'),
	(1278, 1743, '2025-08-19', 'strategize out-of-the-box applications'),
	(1279, 1841, '2025-06-17', 'monetize front-end action-items'),
	(1280, 610, '2025-02-21', 'unleash virtual interfaces'),
	(1281, 1666, '2025-09-16', 'matrix bricks-and-clicks synergies'),
	(1282, 631, '2025-03-10', 'strategize innovative bandwidth'),
	(1283, 1747, '2025-06-16', 'disintermediate sexy solutions'),
	(1284, 918, '2025-08-04', 'embrace plug-and-play mindshare'),
	(1285, 269, '2025-09-23', 'implement robust action-items'),
	(1286, 867, '2025-02-24', 'architect B2B convergence'),
	(1287, 949, '2025-04-08', 'redefine next-generation action-items'),
	(1288, 1243, '2025-02-17', 'extend ubiquitous technologies'),
	(1289, 1667, '2025-01-02', 'engineer sexy metrics'),
	(1290, 279, '2024-12-12', 'incubate compelling bandwidth'),
	(1291, 246, '2025-04-01', 'recontextualize wireless supply-chains'),
	(1292, 866, '2025-03-02', 'synthesize real-time initiatives'),
	(1293, 970, '2024-11-06', 'mesh granular e-markets'),
	(1294, 1329, '2025-07-14', 'grow clicks-and-mortar relationships'),
	(1295, 1480, '2025-01-02', 'incubate customized communities'),
	(1296, 219, '2025-03-05', 'incubate customized systems'),
	(1297, 1593, '2025-01-12', 'synergize turn-key e-markets'),
	(1298, 700, '2024-10-29', 'strategize world-class infomediaries'),
	(1299, 1389, '2025-09-03', 'target front-end initiatives'),
	(1300, 1882, '2025-05-26', 'empower leading-edge mindshare'),
	(1301, 1049, '2024-11-14', 'exploit robust supply-chains'),
	(1302, 343, '2025-02-21', 'iterate magnetic applications'),
	(1303, 155, '2025-05-18', 'extend robust ROI'),
	(1304, 191, '2025-01-22', 'maximize scalable convergence'),
	(1305, 1788, '2025-06-20', 'transition rich synergies'),
	(1306, 415, '2025-09-19', 'seize frictionless experiences'),
	(1307, 816, '2024-12-06', 'transform plug-and-play portals'),
	(1308, 1429, '2025-09-11', 'engineer extensible vortals'),
	(1309, 80, '2025-09-01', 'evolve revolutionary niches'),
	(1310, 405, '2025-01-22', 'drive turn-key deliverables'),
	(1311, 1757, '2025-05-09', 'cultivate visionary deliverables'),
	(1312, 507, '2025-07-31', 'reinvent open-source e-markets'),
	(1313, 481, '2024-10-20', 'disintermediate turn-key users'),
	(1314, 941, '2025-08-12', 'productize seamless applications'),
	(1315, 1411, '2025-04-17', 'facilitate killer niches'),
	(1316, 1909, '2025-08-18', 'utilize real-time communities'),
	(1317, 1643, '2025-07-19', 'embrace transparent applications'),
	(1318, 1209, '2024-11-16', 'empower killer niches'),
	(1319, 1021, '2025-03-10', 'empower frictionless relationships'),
	(1320, 135, '2025-01-09', 'transition interactive synergies'),
	(1321, 81, '2025-05-01', 'integrate efficient applications'),
	(1322, 850, '2025-08-15', 'harness next-generation supply-chains'),
	(1323, 451, '2025-05-31', 'facilitate customized models'),
	(1324, 1491, '2025-01-05', 'morph leading-edge solutions'),
	(1325, 1740, '2024-10-28', 'evolve web-enabled functionalities'),
	(1326, 1947, '2024-10-22', 'incubate web-enabled partnerships'),
	(1327, 557, '2024-11-29', 'facilitate 24/365 e-tailers'),
	(1328, 1223, '2025-05-15', 'aggregate leading-edge bandwidth'),
	(1329, 79, '2025-06-26', 'whiteboard rich schemas'),
	(1330, 951, '2025-02-21', 'harness collaborative networks'),
	(1331, 1658, '2025-02-04', 'harness viral communities'),
	(1332, 626, '2024-10-26', 'harness distributed schemas'),
	(1333, 1189, '2025-07-13', 'innovate magnetic applications'),
	(1334, 489, '2024-11-18', 'reintermediate scalable infrastructures'),
	(1335, 1357, '2024-12-08', 'brand intuitive schemas'),
	(1336, 375, '2024-10-08', 'engineer 24/7 ROI'),
	(1337, 955, '2025-03-17', 'implement cutting-edge experiences'),
	(1338, 1274, '2025-04-01', 'transform frictionless schemas'),
	(1339, 1706, '2025-06-01', 'incentivize intuitive eyeballs'),
	(1340, 265, '2025-01-16', 'strategize best-of-breed vortals'),
	(1341, 312, '2025-08-25', 'synergize proactive models'),
	(1342, 840, '2025-03-08', 'innovate revolutionary channels'),
	(1343, 624, '2025-02-17', 'benchmark front-end schemas'),
	(1344, 1050, '2025-01-22', 'seize extensible initiatives'),
	(1345, 537, '2024-11-22', 'brand cross-platform bandwidth'),
	(1346, 871, '2025-06-08', 'grow extensible infomediaries'),
	(1347, 914, '2025-05-08', 'morph turn-key mindshare'),
	(1348, 976, '2025-07-19', 'engineer cutting-edge applications'),
	(1349, 305, '2025-08-08', 'innovate customized portals'),
	(1350, 1935, '2025-06-16', 'engage open-source models'),
	(1351, 644, '2025-09-13', 'optimize robust architectures'),
	(1352, 794, '2025-08-08', 'morph revolutionary niches'),
	(1353, 466, '2024-10-29', 'incentivize leading-edge schemas'),
	(1354, 874, '2025-03-18', 'enhance viral applications'),
	(1355, 792, '2025-06-24', 'synthesize 24/7 architectures'),
	(1356, 861, '2024-11-06', 'incubate 24/365 portals'),
	(1357, 1404, '2025-01-06', 'deploy efficient niches'),
	(1358, 253, '2024-12-31', 'maximize strategic users'),
	(1359, 1189, '2024-11-02', 'exploit cross-media paradigms'),
	(1360, 711, '2025-02-28', 'engage mission-critical convergence'),
	(1361, 257, '2025-09-12', 'syndicate compelling metrics'),
	(1362, 1713, '2024-11-30', 'grow cutting-edge experiences'),
	(1363, 920, '2025-01-10', 'optimize compelling convergence'),
	(1364, 38, '2025-07-27', 'aggregate global experiences'),
	(1365, 1997, '2025-08-17', 'disintermediate customized portals'),
	(1366, 655, '2025-04-23', 'deliver granular channels'),
	(1367, 1043, '2025-07-25', 'scale back-end platforms'),
	(1368, 968, '2025-07-29', 'envisioneer vertical technologies'),
	(1369, 1368, '2025-04-01', 'repurpose visionary models'),
	(1370, 1379, '2025-02-04', 'brand sticky e-business'),
	(1371, 1355, '2024-12-04', 'architect out-of-the-box eyeballs'),
	(1372, 696, '2025-05-04', 'visualize leading-edge users'),
	(1373, 1776, '2024-11-10', 'enhance open-source bandwidth'),
	(1374, 1118, '2025-07-01', 'matrix integrated convergence'),
	(1375, 1487, '2025-07-16', 'morph innovative architectures'),
	(1376, 803, '2024-10-24', 'mesh interactive web-readiness'),
	(1377, 1476, '2024-10-24', 'facilitate user-centric web services'),
	(1378, 1783, '2025-03-07', 'integrate ubiquitous solutions'),
	(1379, 1169, '2025-05-03', 'monetize clicks-and-mortar e-services'),
	(1380, 37, '2025-08-02', 'unleash enterprise models'),
	(1381, 1807, '2025-09-25', 'evolve intuitive methodologies'),
	(1382, 770, '2024-11-15', 'streamline bleeding-edge methodologies'),
	(1383, 1659, '2024-11-10', 'mesh robust methodologies'),
	(1384, 1693, '2025-01-07', 'aggregate enterprise deliverables'),
	(1385, 1364, '2025-08-03', 'disintermediate compelling e-commerce'),
	(1386, 600, '2025-01-26', 'utilize front-end architectures'),
	(1387, 1961, '2025-02-09', 'evolve customized synergies'),
	(1388, 1689, '2025-08-31', 'target value-added e-business'),
	(1389, 1336, '2025-02-01', 'evolve best-of-breed ROI'),
	(1390, 1655, '2025-08-10', 'incubate clicks-and-mortar users'),
	(1391, 1531, '2025-10-04', 'maximize end-to-end models'),
	(1392, 1421, '2025-07-25', 'target 24/7 e-tailers'),
	(1393, 1500, '2025-01-31', 'brand one-to-one markets'),
	(1394, 1403, '2024-12-11', 'brand cross-media action-items'),
	(1395, 958, '2024-12-13', 'repurpose leading-edge models'),
	(1396, 694, '2025-08-13', 'expedite enterprise e-commerce'),
	(1397, 1063, '2025-03-21', 'innovate global relationships'),
	(1398, 1147, '2024-12-11', 'enhance integrated methodologies'),
	(1399, 878, '2025-06-04', 'aggregate transparent e-markets'),
	(1400, 1133, '2025-01-30', 'innovate impactful vortals'),
	(1401, 1939, '2025-04-16', 'benchmark next-generation portals'),
	(1402, 650, '2025-06-04', 'strategize B2B vortals'),
	(1403, 1850, '2025-03-23', 'architect B2B e-tailers'),
	(1404, 1404, '2025-07-26', 'enable one-to-one infomediaries'),
	(1405, 1314, '2024-12-17', 'empower cutting-edge markets'),
	(1406, 1610, '2025-05-31', 'productize holistic portals'),
	(1407, 694, '2025-04-21', 'drive seamless channels'),
	(1408, 364, '2025-01-30', 'exploit holistic users'),
	(1409, 153, '2025-04-05', 'orchestrate bricks-and-clicks e-services'),
	(1410, 1539, '2025-02-03', 'target real-time technologies'),
	(1411, 1141, '2025-03-22', 'orchestrate mission-critical mindshare'),
	(1412, 1006, '2025-01-10', 'envisioneer bleeding-edge e-business'),
	(1413, 730, '2025-08-05', 'revolutionize vertical bandwidth'),
	(1414, 1044, '2025-03-02', 'visualize compelling e-markets'),
	(1415, 103, '2025-04-20', 'incentivize back-end e-business'),
	(1416, 1969, '2025-04-22', 'target strategic e-services'),
	(1417, 1462, '2025-03-14', 'implement sexy web services'),
	(1418, 910, '2025-05-03', 'deliver vertical partnerships'),
	(1419, 1156, '2025-01-24', 'e-enable clicks-and-mortar niches'),
	(1420, 1770, '2025-09-24', 'brand integrated systems'),
	(1421, 412, '2024-11-17', 'evolve B2C interfaces'),
	(1422, 1592, '2025-07-02', 'innovate robust e-business'),
	(1423, 1407, '2025-01-13', 'embrace e-business infomediaries'),
	(1424, 1709, '2025-09-20', 'orchestrate sexy bandwidth'),
	(1425, 103, '2025-07-16', 'empower front-end initiatives'),
	(1426, 1148, '2025-09-02', 'optimize impactful channels'),
	(1427, 147, '2025-08-20', 'deliver efficient content'),
	(1428, 1835, '2025-05-22', 'redefine out-of-the-box e-commerce'),
	(1429, 205, '2025-08-03', 'enable best-of-breed communities'),
	(1430, 1993, '2025-01-20', 'implement synergistic communities'),
	(1431, 1475, '2025-08-30', 'seize seamless networks'),
	(1432, 1821, '2025-09-12', 'engage dot-com e-commerce'),
	(1433, 536, '2025-05-15', 'extend turn-key platforms'),
	(1434, 658, '2024-12-30', 'streamline ubiquitous e-markets'),
	(1435, 1893, '2025-06-28', 'aggregate impactful e-services'),
	(1436, 1210, '2024-11-27', 'envisioneer next-generation interfaces'),
	(1437, 20, '2024-10-28', 'synergize 24/7 e-commerce'),
	(1438, 1388, '2025-06-10', 'visualize viral methodologies'),
	(1439, 494, '2025-08-22', 'synergize global ROI'),
	(1440, 819, '2025-06-29', 'engage 24/7 infrastructures'),
	(1441, 1861, '2025-01-12', 'empower next-generation applications'),
	(1442, 771, '2025-09-26', 'syndicate turn-key partnerships'),
	(1443, 616, '2025-04-10', 'utilize end-to-end ROI'),
	(1444, 107, '2024-12-14', 'architect extensible bandwidth'),
	(1445, 562, '2025-09-01', 'unleash clicks-and-mortar models'),
	(1446, 1200, '2025-09-18', 'reintermediate cross-media web-readiness'),
	(1447, 1018, '2025-03-15', 'enable magnetic infomediaries'),
	(1448, 88, '2025-04-10', 'extend clicks-and-mortar paradigms'),
	(1449, 1781, '2024-10-25', 'enable cross-platform portals'),
	(1450, 1432, '2024-12-23', 'visualize holistic infomediaries'),
	(1451, 176, '2025-05-21', 'drive distributed niches'),
	(1452, 1056, '2025-10-04', 'cultivate wireless content'),
	(1453, 1484, '2025-06-11', 'cultivate visionary deliverables'),
	(1454, 1688, '2025-02-09', 'syndicate dot-com synergies'),
	(1455, 1750, '2025-05-08', 'unleash magnetic methodologies'),
	(1456, 441, '2025-03-06', 'transition rich channels'),
	(1457, 1423, '2025-08-05', 'target robust solutions'),
	(1458, 324, '2025-06-06', 'orchestrate user-centric web-readiness'),
	(1459, 314, '2025-04-10', 'matrix transparent synergies'),
	(1460, 150, '2025-01-03', 'recontextualize bricks-and-clicks technologies'),
	(1461, 1875, '2025-05-03', 'iterate revolutionary users'),
	(1462, 205, '2025-03-28', 'visualize one-to-one eyeballs'),
	(1463, 166, '2025-06-20', 'exploit rich e-services'),
	(1464, 248, '2025-09-29', 'aggregate interactive vortals'),
	(1465, 897, '2025-05-16', 'implement scalable web services'),
	(1466, 1647, '2025-04-19', 'expedite revolutionary eyeballs'),
	(1467, 1114, '2025-05-12', 'expedite integrated schemas'),
	(1468, 185, '2024-11-29', 'engage world-class solutions'),
	(1469, 206, '2024-11-11', 'target intuitive functionalities'),
	(1470, 1651, '2024-12-04', 'facilitate intuitive communities'),
	(1471, 1636, '2025-01-21', 'synthesize strategic relationships'),
	(1472, 83, '2025-10-03', 'transition next-generation web-readiness'),
	(1473, 926, '2025-01-04', 'envisioneer turn-key technologies'),
	(1474, 553, '2025-03-16', 'orchestrate best-of-breed e-services'),
	(1475, 1338, '2025-07-09', 'repurpose robust infrastructures'),
	(1476, 1354, '2024-12-16', 'reintermediate impactful technologies'),
	(1477, 1704, '2025-04-20', 'repurpose collaborative web services'),
	(1478, 1125, '2025-07-28', 'deploy proactive methodologies'),
	(1479, 1194, '2025-01-11', 'implement killer metrics'),
	(1480, 848, '2025-06-23', 'maximize front-end initiatives'),
	(1481, 1812, '2025-04-22', 'reinvent rich models'),
	(1482, 273, '2025-06-11', 'reintermediate cross-platform technologies'),
	(1483, 653, '2025-02-06', 'strategize bleeding-edge e-commerce'),
	(1484, 1162, '2025-09-26', 'harness front-end platforms'),
	(1485, 1815, '2024-12-06', 'evolve integrated applications'),
	(1486, 1959, '2025-04-16', 'repurpose open-source niches'),
	(1487, 188, '2024-10-05', 'recontextualize B2C bandwidth'),
	(1488, 207, '2024-11-28', 'transition B2B paradigms'),
	(1489, 746, '2025-04-22', 'embrace distributed e-tailers'),
	(1490, 168, '2025-03-03', 'whiteboard dynamic eyeballs'),
	(1491, 1318, '2024-10-15', 'benchmark best-of-breed web-readiness'),
	(1492, 555, '2025-02-28', 'architect magnetic web-readiness'),
	(1493, 461, '2025-01-26', 'embrace customized schemas'),
	(1494, 886, '2025-01-19', 'embrace distributed mindshare'),
	(1495, 100, '2024-11-23', 'reinvent web-enabled e-services'),
	(1496, 1148, '2025-04-11', 'mesh dynamic bandwidth'),
	(1497, 653, '2025-02-19', 'redefine revolutionary architectures'),
	(1498, 280, '2025-02-10', 'synthesize innovative vortals'),
	(1499, 512, '2025-05-22', 'enhance user-centric supply-chains'),
	(1500, 412, '2025-03-10', 'harness user-centric vortals'),
	(1501, 830, '2024-12-22', 'unleash synergistic paradigms'),
	(1502, 930, '2024-11-13', 'brand 24/365 deliverables'),
	(1503, 632, '2025-08-25', 'harness B2B e-tailers'),
	(1504, 533, '2025-07-13', 'mesh one-to-one users'),
	(1505, 1156, '2025-04-15', 'enable plug-and-play niches'),
	(1506, 179, '2025-06-13', 'incubate wireless infomediaries'),
	(1507, 1513, '2025-07-13', 'leverage visionary infrastructures'),
	(1508, 1867, '2025-06-05', 'cultivate value-added methodologies'),
	(1509, 1422, '2025-06-18', 'grow world-class e-business'),
	(1510, 1038, '2025-03-31', 'unleash sexy web-readiness'),
	(1511, 991, '2025-07-11', 'synergize visionary vortals'),
	(1512, 955, '2024-11-16', 'aggregate robust infomediaries'),
	(1513, 1684, '2024-10-28', 'engineer world-class portals'),
	(1514, 70, '2025-09-13', 'innovate B2C systems'),
	(1515, 568, '2025-07-11', 'expedite extensible markets'),
	(1516, 663, '2024-11-13', 'morph B2C channels'),
	(1517, 334, '2025-08-10', 'implement extensible networks'),
	(1518, 1615, '2025-05-29', 'engage 24/7 infomediaries'),
	(1519, 853, '2025-06-10', 'productize B2B ROI'),
	(1520, 1042, '2025-03-01', 'disintermediate cross-platform infomediaries'),
	(1521, 1520, '2024-10-27', 'seize virtual channels'),
	(1522, 1013, '2025-06-23', 'repurpose dynamic e-services'),
	(1523, 131, '2025-03-07', 'deliver distributed e-tailers'),
	(1524, 571, '2025-08-02', 'transition dot-com schemas'),
	(1525, 692, '2024-10-24', 'grow virtual infomediaries'),
	(1526, 1132, '2025-05-27', 'expedite interactive vortals'),
	(1527, 1930, '2025-06-12', 'productize visionary ROI'),
	(1528, 897, '2025-04-08', 'expedite interactive technologies'),
	(1529, 1799, '2025-08-30', 'target interactive systems'),
	(1530, 1106, '2025-07-14', 'leverage cutting-edge deliverables'),
	(1531, 988, '2025-01-25', 'target distributed functionalities'),
	(1532, 762, '2025-03-30', 'monetize synergistic initiatives'),
	(1533, 224, '2025-08-15', 'synergize ubiquitous methodologies'),
	(1534, 1129, '2025-07-18', 'expedite impactful infrastructures'),
	(1535, 1180, '2025-08-12', 'maximize enterprise ROI'),
	(1536, 1530, '2025-04-08', 'enable revolutionary e-commerce'),
	(1537, 748, '2024-11-12', 'synthesize viral supply-chains'),
	(1538, 1613, '2025-01-01', 'recontextualize bleeding-edge e-markets'),
	(1539, 679, '2025-01-02', 'maximize e-business experiences'),
	(1540, 1248, '2024-11-07', 'evolve integrated e-tailers'),
	(1541, 809, '2025-05-26', 'facilitate collaborative bandwidth'),
	(1542, 1830, '2025-08-22', 'envisioneer seamless applications'),
	(1543, 900, '2025-02-27', 'e-enable B2C portals'),
	(1544, 1717, '2025-07-10', 'envisioneer intuitive convergence'),
	(1545, 1501, '2024-12-20', 'empower leading-edge action-items'),
	(1546, 459, '2025-01-28', 'leverage turn-key e-business'),
	(1547, 186, '2024-10-06', 'evolve rich technologies'),
	(1548, 1685, '2025-05-24', 'repurpose plug-and-play mindshare'),
	(1549, 645, '2024-10-18', 'transition collaborative e-markets'),
	(1550, 727, '2024-11-20', 'extend impactful users'),
	(1551, 1765, '2025-02-08', 'morph out-of-the-box infrastructures'),
	(1552, 1359, '2024-10-05', 'integrate web-enabled e-tailers'),
	(1553, 909, '2025-01-05', 'orchestrate killer paradigms'),
	(1554, 749, '2025-01-15', 'architect magnetic metrics'),
	(1555, 1990, '2024-11-01', 'utilize rich models'),
	(1556, 1717, '2025-01-13', 'innovate real-time e-commerce'),
	(1557, 1320, '2024-10-08', 'redefine extensible supply-chains'),
	(1558, 1420, '2025-01-18', 'optimize B2C infomediaries'),
	(1559, 1575, '2025-02-27', 'enhance extensible niches'),
	(1560, 953, '2025-06-25', 'harness front-end users'),
	(1561, 1875, '2025-06-27', 'monetize global e-markets'),
	(1562, 1926, '2024-12-10', 'drive intuitive solutions'),
	(1563, 1155, '2024-10-10', 'scale impactful systems'),
	(1564, 637, '2025-04-01', 'aggregate clicks-and-mortar communities'),
	(1565, 1612, '2025-09-07', 'cultivate bleeding-edge e-commerce'),
	(1566, 679, '2024-10-16', 'disintermediate world-class partnerships'),
	(1567, 406, '2025-04-04', 'extend robust niches'),
	(1568, 76, '2025-04-12', 'facilitate magnetic deliverables'),
	(1569, 1730, '2025-02-18', 'architect 24/365 architectures'),
	(1570, 1838, '2025-08-10', 'syndicate out-of-the-box channels'),
	(1571, 1170, '2024-12-28', 'reintermediate collaborative ROI'),
	(1572, 103, '2025-08-31', 'reinvent magnetic vortals'),
	(1573, 1686, '2024-10-13', 'maximize wireless convergence'),
	(1574, 1103, '2024-12-09', 'repurpose synergistic relationships'),
	(1575, 1240, '2025-09-16', 'synthesize robust action-items'),
	(1576, 1556, '2025-06-09', 'revolutionize synergistic infomediaries'),
	(1577, 1791, '2025-08-10', 'exploit B2C communities'),
	(1578, 685, '2025-09-02', 'engineer viral web-readiness'),
	(1579, 1585, '2024-11-12', 'productize leading-edge channels'),
	(1580, 596, '2025-08-13', 'morph one-to-one e-tailers'),
	(1581, 1014, '2025-07-25', 'productize killer markets'),
	(1582, 1682, '2025-09-25', 'reinvent synergistic channels'),
	(1583, 1200, '2024-11-16', 'monetize strategic architectures'),
	(1584, 258, '2025-04-13', 'mesh compelling networks'),
	(1585, 719, '2024-11-10', 'visualize visionary systems'),
	(1586, 1340, '2025-03-13', 'exploit innovative channels'),
	(1587, 1995, '2025-02-08', 'whiteboard front-end mindshare'),
	(1588, 1321, '2025-03-27', 'deploy out-of-the-box e-business'),
	(1589, 209, '2024-11-05', 'matrix mission-critical markets'),
	(1590, 1097, '2024-10-09', 'cultivate virtual functionalities'),
	(1591, 369, '2025-09-14', 'mesh frictionless experiences'),
	(1592, 310, '2025-08-02', 'optimize cross-platform e-markets'),
	(1593, 1471, '2025-09-09', 'expedite next-generation ROI'),
	(1594, 1241, '2025-05-18', 'repurpose B2B paradigms'),
	(1595, 1725, '2025-01-12', 'deploy user-centric content'),
	(1596, 1844, '2025-03-25', 'engage holistic vortals'),
	(1597, 1136, '2025-01-29', 'repurpose enterprise convergence'),
	(1598, 1696, '2024-11-10', 'harness value-added applications'),
	(1599, 1201, '2025-02-19', 'generate scalable convergence'),
	(1600, 560, '2024-12-11', 'recontextualize efficient relationships'),
	(1601, 1179, '2025-03-12', 'target cross-media vortals'),
	(1602, 1801, '2025-03-27', 'recontextualize B2C methodologies'),
	(1603, 1517, '2025-03-06', 'syndicate ubiquitous communities'),
	(1604, 873, '2025-04-30', 'aggregate compelling convergence'),
	(1605, 667, '2025-02-23', 'leverage open-source functionalities'),
	(1606, 369, '2024-11-15', 'grow leading-edge infrastructures'),
	(1607, 1355, '2025-09-02', 'envisioneer intuitive systems'),
	(1608, 252, '2025-05-02', 'revolutionize revolutionary e-commerce'),
	(1609, 1917, '2025-05-14', 'morph next-generation supply-chains'),
	(1610, 318, '2024-10-31', 'monetize vertical initiatives'),
	(1611, 1786, '2025-04-24', 'strategize wireless paradigms'),
	(1612, 1610, '2025-02-20', 'seize wireless relationships'),
	(1613, 1964, '2025-07-23', 'recontextualize 24/365 portals'),
	(1614, 224, '2025-09-26', 'disintermediate virtual supply-chains'),
	(1615, 881, '2025-05-28', 'evolve compelling infrastructures'),
	(1616, 1351, '2024-12-27', 'integrate visionary technologies'),
	(1617, 1982, '2025-04-10', 'seize scalable niches'),
	(1618, 1, '2024-12-20', 'extend intuitive partnerships'),
	(1619, 904, '2024-11-24', 'envisioneer best-of-breed experiences'),
	(1620, 1907, '2025-08-03', 'recontextualize customized paradigms'),
	(1621, 1264, '2024-12-13', 'harness sexy models'),
	(1622, 1470, '2025-07-23', 'embrace one-to-one relationships'),
	(1623, 687, '2024-11-08', 'transform interactive relationships'),
	(1624, 1231, '2025-08-14', 'evolve distributed experiences'),
	(1625, 835, '2025-09-17', 'disintermediate efficient systems'),
	(1626, 1221, '2024-10-26', 'exploit bleeding-edge users'),
	(1627, 1378, '2024-12-10', 'streamline best-of-breed users'),
	(1628, 513, '2025-04-21', 'embrace e-business ROI'),
	(1629, 701, '2024-12-29', 'monetize back-end vortals'),
	(1630, 494, '2025-09-27', 'harness cross-media partnerships'),
	(1631, 1618, '2024-10-09', 'syndicate dynamic channels'),
	(1632, 967, '2025-06-22', 'seize user-centric functionalities'),
	(1633, 1950, '2025-01-06', 'harness efficient systems'),
	(1634, 120, '2024-12-16', 'reintermediate vertical platforms'),
	(1635, 1616, '2025-09-17', 'seize world-class e-business'),
	(1636, 1153, '2025-07-14', 'brand cross-media e-business'),
	(1637, 1322, '2025-09-06', 'whiteboard impactful paradigms'),
	(1638, 1342, '2024-11-07', 'target impactful solutions'),
	(1639, 1000, '2025-05-25', 'harness web-enabled content'),
	(1640, 1432, '2025-01-08', 'deliver world-class relationships'),
	(1641, 1448, '2025-03-08', 'cultivate bricks-and-clicks paradigms'),
	(1642, 410, '2025-08-03', 'harness back-end platforms'),
	(1643, 121, '2024-11-13', 'deliver seamless communities'),
	(1644, 1886, '2025-04-20', 'drive ubiquitous web services'),
	(1645, 558, '2024-12-23', 'optimize real-time e-services'),
	(1646, 1311, '2025-03-02', 'envisioneer global methodologies'),
	(1647, 643, '2025-09-20', 'deliver transparent infomediaries'),
	(1648, 1027, '2025-05-02', 'iterate dynamic synergies'),
	(1649, 1417, '2025-06-18', 'integrate B2B markets'),
	(1650, 1864, '2025-02-01', 'unleash sexy e-business'),
	(1651, 1742, '2025-09-13', 'syndicate 24/7 networks'),
	(1652, 762, '2025-01-21', 'deploy cross-platform interfaces'),
	(1653, 1815, '2024-12-20', 'scale cross-platform infomediaries'),
	(1654, 35, '2025-07-18', 'implement user-centric supply-chains'),
	(1655, 1229, '2025-05-16', 'whiteboard innovative synergies'),
	(1656, 85, '2024-10-27', 'empower next-generation systems'),
	(1657, 1154, '2025-05-26', 'embrace customized mindshare'),
	(1658, 184, '2025-06-08', 'synergize best-of-breed paradigms'),
	(1659, 785, '2024-11-06', 'morph distributed web-readiness'),
	(1660, 1400, '2025-02-28', 'redefine 24/7 solutions'),
	(1661, 1220, '2025-06-02', 'enhance plug-and-play bandwidth'),
	(1662, 1621, '2025-06-29', 'orchestrate proactive functionalities'),
	(1663, 1535, '2025-07-09', 'reinvent magnetic methodologies'),
	(1664, 788, '2025-08-22', 'e-enable 24/365 bandwidth'),
	(1665, 918, '2024-10-06', 'grow rich technologies'),
	(1666, 1742, '2025-01-11', 'reinvent bleeding-edge e-business'),
	(1667, 248, '2025-08-14', 'engineer B2B relationships'),
	(1668, 363, '2025-02-27', 'enhance dot-com architectures'),
	(1669, 752, '2024-11-03', 'deliver best-of-breed bandwidth'),
	(1670, 944, '2025-03-09', 'facilitate proactive platforms'),
	(1671, 1482, '2024-10-19', 'unleash holistic methodologies'),
	(1672, 1271, '2025-08-25', 'reinvent bricks-and-clicks portals'),
	(1673, 600, '2025-06-22', 'embrace magnetic methodologies'),
	(1674, 974, '2025-05-06', 'iterate virtual e-markets'),
	(1675, 1163, '2025-04-14', 'whiteboard leading-edge supply-chains'),
	(1676, 1162, '2025-08-24', 'evolve clicks-and-mortar methodologies'),
	(1677, 1146, '2024-11-04', 'strategize global communities'),
	(1678, 1783, '2025-03-30', 'whiteboard holistic experiences'),
	(1679, 892, '2025-06-20', 'incubate rich experiences'),
	(1680, 880, '2024-12-15', 'drive robust e-commerce'),
	(1681, 334, '2024-10-06', 'engage leading-edge functionalities'),
	(1682, 651, '2025-02-27', 'harness impactful ROI'),
	(1683, 1510, '2025-08-13', 'matrix scalable solutions'),
	(1684, 643, '2025-02-13', 'e-enable frictionless vortals'),
	(1685, 624, '2025-04-28', 'exploit ubiquitous infomediaries'),
	(1686, 117, '2025-05-04', 'envisioneer real-time partnerships'),
	(1687, 892, '2025-09-17', 'embrace front-end infrastructures'),
	(1688, 382, '2025-08-30', 'syndicate synergistic relationships'),
	(1689, 581, '2025-06-18', 'engage leading-edge paradigms'),
	(1690, 804, '2025-07-20', 'visualize enterprise systems'),
	(1691, 656, '2025-08-19', 'envisioneer frictionless eyeballs'),
	(1692, 1647, '2025-07-11', 'synthesize customized solutions'),
	(1693, 1516, '2025-03-26', 'enable 24/7 eyeballs'),
	(1694, 464, '2025-06-11', 'visualize visionary e-markets'),
	(1695, 1020, '2025-05-13', 'benchmark enterprise eyeballs'),
	(1696, 838, '2024-12-12', 'implement next-generation infrastructures'),
	(1697, 1898, '2025-06-17', 'leverage user-centric e-commerce'),
	(1698, 1265, '2024-12-01', 'engineer global portals'),
	(1699, 819, '2025-02-11', 'enhance enterprise metrics'),
	(1700, 1181, '2025-03-03', 'whiteboard strategic e-business'),
	(1701, 207, '2025-02-19', 'drive dynamic interfaces'),
	(1702, 1806, '2024-12-25', 'integrate virtual users'),
	(1703, 225, '2025-01-19', 'orchestrate web-enabled portals'),
	(1704, 159, '2025-02-12', 'strategize clicks-and-mortar architectures'),
	(1705, 1641, '2025-01-14', 'empower strategic eyeballs'),
	(1706, 987, '2025-02-25', 'orchestrate collaborative infrastructures'),
	(1707, 828, '2025-10-03', 'facilitate front-end relationships'),
	(1708, 255, '2025-03-12', 'e-enable cross-platform systems'),
	(1709, 911, '2025-05-03', 'generate one-to-one paradigms'),
	(1710, 1506, '2025-07-18', 'exploit back-end technologies'),
	(1711, 762, '2025-08-19', 'streamline clicks-and-mortar portals'),
	(1712, 1691, '2025-04-13', 'deploy viral e-commerce'),
	(1713, 1364, '2025-04-05', 'target killer content'),
	(1714, 1356, '2025-09-12', 'envisioneer distributed relationships'),
	(1715, 1612, '2025-08-05', 'engage ubiquitous supply-chains'),
	(1716, 1341, '2025-05-20', 'e-enable 24/365 bandwidth'),
	(1717, 922, '2025-01-08', 'iterate compelling action-items'),
	(1718, 1266, '2024-11-15', 'monetize one-to-one portals'),
	(1719, 303, '2025-02-11', 'engineer customized paradigms'),
	(1720, 1085, '2025-06-10', 'incubate rich web-readiness'),
	(1721, 817, '2025-02-27', 'whiteboard ubiquitous platforms'),
	(1722, 686, '2024-11-12', 'orchestrate sexy communities'),
	(1723, 323, '2025-05-21', 'streamline turn-key eyeballs'),
	(1724, 1016, '2025-01-27', 'aggregate collaborative synergies'),
	(1725, 1795, '2024-10-24', 'implement B2B e-business'),
	(1726, 440, '2025-01-26', 'scale turn-key infomediaries'),
	(1727, 1147, '2025-03-07', 'expedite compelling communities'),
	(1728, 1541, '2025-03-19', 'transition cutting-edge infomediaries'),
	(1729, 1781, '2025-07-29', 'seize intuitive mindshare'),
	(1730, 470, '2025-06-15', 'embrace transparent functionalities'),
	(1731, 1873, '2025-04-26', 'seize dot-com initiatives'),
	(1732, 1912, '2024-12-15', 'innovate transparent communities'),
	(1733, 367, '2025-09-30', 'innovate wireless e-tailers'),
	(1734, 323, '2025-07-05', 'mesh collaborative eyeballs'),
	(1735, 340, '2024-12-27', 'empower revolutionary convergence'),
	(1736, 1972, '2025-06-06', 'incentivize distributed channels'),
	(1737, 152, '2024-12-16', 'integrate granular eyeballs'),
	(1738, 212, '2025-01-15', 'synthesize frictionless infomediaries'),
	(1739, 362, '2025-02-21', 'enable robust systems'),
	(1740, 613, '2025-03-30', 'seize e-business systems'),
	(1741, 50, '2025-07-09', 'target bricks-and-clicks experiences'),
	(1742, 1289, '2025-07-26', 'aggregate extensible applications'),
	(1743, 779, '2025-03-12', 'extend holistic e-markets'),
	(1744, 1982, '2024-11-10', 'evolve efficient e-commerce'),
	(1745, 258, '2025-01-08', 'innovate viral e-markets'),
	(1746, 700, '2025-01-22', 'streamline proactive metrics'),
	(1747, 614, '2025-06-11', 'recontextualize proactive schemas'),
	(1748, 1834, '2024-12-04', 'mesh sexy infrastructures'),
	(1749, 790, '2024-11-04', 'engineer end-to-end e-markets'),
	(1750, 1508, '2024-11-24', 'grow sexy niches'),
	(1751, 1375, '2025-06-09', 'unleash efficient experiences'),
	(1752, 610, '2024-11-07', 'grow one-to-one e-business'),
	(1753, 553, '2025-04-08', 'matrix interactive e-business'),
	(1754, 981, '2025-09-03', 'benchmark transparent e-services'),
	(1755, 113, '2024-11-06', 'reintermediate sticky e-markets'),
	(1756, 1419, '2025-09-08', 'synergize distributed action-items'),
	(1757, 419, '2025-07-29', 'evolve revolutionary niches'),
	(1758, 1450, '2025-01-03', 'implement plug-and-play methodologies'),
	(1759, 60, '2025-02-07', 'monetize next-generation e-tailers'),
	(1760, 77, '2025-08-28', 'architect transparent markets'),
	(1761, 18, '2024-12-22', 'deliver clicks-and-mortar ROI'),
	(1762, 207, '2025-02-28', 'exploit frictionless portals'),
	(1763, 1983, '2024-10-05', 'redefine user-centric initiatives'),
	(1764, 478, '2024-10-15', 'matrix global infrastructures'),
	(1765, 891, '2025-01-14', 'engineer rich action-items'),
	(1766, 282, '2025-04-20', 'revolutionize end-to-end metrics'),
	(1767, 840, '2025-05-29', 'maximize out-of-the-box e-business'),
	(1768, 607, '2024-12-12', 'reintermediate clicks-and-mortar metrics'),
	(1769, 1616, '2025-06-03', 'seize next-generation applications'),
	(1770, 566, '2024-11-04', 'integrate end-to-end e-markets'),
	(1771, 1439, '2024-12-28', 'extend compelling solutions'),
	(1772, 1976, '2025-01-05', 'strategize frictionless relationships'),
	(1773, 144, '2024-10-21', 'enhance front-end bandwidth'),
	(1774, 1538, '2025-07-17', 'brand front-end metrics'),
	(1775, 1239, '2025-07-31', 'syndicate bricks-and-clicks web services'),
	(1776, 1128, '2024-11-13', 'deliver vertical e-business'),
	(1777, 1600, '2025-08-17', 'drive mission-critical infomediaries'),
	(1778, 764, '2025-09-21', 'envisioneer virtual e-services'),
	(1779, 690, '2025-05-02', 'integrate frictionless experiences'),
	(1780, 3, '2025-05-12', 'enhance front-end content'),
	(1781, 641, '2025-01-21', 'seize bricks-and-clicks mindshare'),
	(1782, 1099, '2025-02-18', 'benchmark back-end networks'),
	(1783, 1560, '2024-11-24', 'matrix value-added paradigms'),
	(1784, 871, '2025-04-06', 'seize cross-media architectures'),
	(1785, 538, '2025-09-11', 'expedite compelling e-tailers'),
	(1786, 6, '2025-04-05', 'architect viral networks'),
	(1787, 660, '2025-02-13', 'transition vertical platforms'),
	(1788, 141, '2024-12-21', 'iterate strategic deliverables'),
	(1789, 274, '2025-03-24', 'innovate dynamic communities'),
	(1790, 982, '2025-01-22', 'synergize robust e-tailers'),
	(1791, 8, '2025-03-07', 'deploy transparent convergence'),
	(1792, 583, '2025-08-26', 'brand B2B paradigms'),
	(1793, 1171, '2025-08-10', 'evolve enterprise functionalities'),
	(1794, 218, '2025-03-12', 'visualize best-of-breed architectures'),
	(1795, 1298, '2025-05-06', 'incubate value-added platforms'),
	(1796, 1493, '2025-07-06', 'incubate scalable web services'),
	(1797, 360, '2025-06-05', 'synthesize B2C platforms'),
	(1798, 1742, '2025-02-16', 'disintermediate best-of-breed web services'),
	(1799, 711, '2025-01-09', 'reintermediate vertical systems'),
	(1800, 178, '2025-09-21', 'revolutionize turn-key models'),
	(1801, 986, '2025-01-14', 'brand cutting-edge action-items'),
	(1802, 593, '2025-03-04', 'architect robust solutions'),
	(1803, 398, '2025-03-14', 'optimize world-class paradigms'),
	(1804, 913, '2025-06-07', 'evolve leading-edge e-markets'),
	(1805, 1106, '2025-02-21', 'iterate intuitive synergies'),
	(1806, 1572, '2025-05-11', 'whiteboard intuitive e-commerce'),
	(1807, 1582, '2024-11-10', 'recontextualize customized schemas'),
	(1808, 842, '2025-03-02', 'incentivize open-source vortals'),
	(1809, 560, '2025-07-11', 'exploit open-source vortals'),
	(1810, 1186, '2025-04-11', 'repurpose sticky eyeballs'),
	(1811, 626, '2024-12-09', 'empower 24/365 metrics'),
	(1812, 1814, '2025-07-19', 'orchestrate one-to-one web services'),
	(1813, 194, '2025-07-10', 'monetize intuitive e-services'),
	(1814, 1127, '2025-05-28', 'benchmark cross-platform models'),
	(1815, 1540, '2025-08-29', 'evolve sexy web-readiness'),
	(1816, 559, '2025-02-17', 'deliver revolutionary niches'),
	(1817, 776, '2025-05-06', 'facilitate magnetic platforms'),
	(1818, 1579, '2024-11-20', 'incentivize out-of-the-box action-items'),
	(1819, 504, '2024-10-22', 'productize robust architectures'),
	(1820, 1543, '2025-07-26', 'deploy out-of-the-box e-business'),
	(1821, 717, '2025-06-01', 'recontextualize one-to-one web services'),
	(1822, 808, '2025-09-09', 'e-enable front-end paradigms'),
	(1823, 503, '2024-10-30', 'embrace holistic networks'),
	(1824, 1861, '2025-03-04', 'synthesize extensible relationships'),
	(1825, 1229, '2025-04-09', 'engage e-business vortals'),
	(1826, 1458, '2025-05-28', 'mesh cross-platform e-services'),
	(1827, 1363, '2025-07-13', 'brand cross-platform initiatives'),
	(1828, 1272, '2024-12-16', 'architect virtual web-readiness'),
	(1829, 474, '2025-04-11', 'deploy bricks-and-clicks partnerships'),
	(1830, 1041, '2025-09-08', 'reinvent enterprise users'),
	(1831, 59, '2025-08-18', 'aggregate magnetic e-commerce'),
	(1832, 946, '2025-06-21', 'incubate distributed eyeballs'),
	(1833, 376, '2025-07-01', 'reinvent compelling paradigms'),
	(1834, 1808, '2025-05-17', 'morph cross-platform partnerships'),
	(1835, 940, '2025-09-16', 'synergize ubiquitous partnerships'),
	(1836, 335, '2025-01-11', 'implement rich e-tailers'),
	(1837, 1781, '2025-05-15', 'seize bleeding-edge applications'),
	(1838, 1573, '2024-11-25', 'harness global infomediaries'),
	(1839, 1950, '2025-09-16', 'extend compelling architectures'),
	(1840, 497, '2025-06-20', 'synthesize sticky experiences'),
	(1841, 470, '2024-12-14', 'generate B2B architectures'),
	(1842, 1214, '2025-02-23', 'repurpose innovative eyeballs'),
	(1843, 17, '2024-12-25', 'engineer enterprise communities'),
	(1844, 1583, '2025-01-15', 'engineer strategic markets'),
	(1845, 789, '2025-07-23', 'generate one-to-one content'),
	(1846, 585, '2025-06-23', 'whiteboard bricks-and-clicks vortals'),
	(1847, 1837, '2024-11-23', 'exploit B2C schemas'),
	(1848, 227, '2025-04-25', 'reinvent distributed relationships'),
	(1849, 1702, '2025-07-18', 'productize cross-media synergies'),
	(1850, 78, '2025-07-12', 'matrix sticky platforms'),
	(1851, 1534, '2025-02-05', 'target collaborative supply-chains'),
	(1852, 1814, '2025-06-09', 'maximize wireless partnerships'),
	(1853, 862, '2025-03-08', 'mesh killer infomediaries'),
	(1854, 687, '2025-09-16', 'aggregate plug-and-play mindshare'),
	(1855, 1389, '2024-11-10', 'orchestrate strategic initiatives'),
	(1856, 995, '2025-01-07', 'enable impactful e-commerce'),
	(1857, 340, '2024-10-30', 'harness one-to-one infrastructures'),
	(1858, 1245, '2025-09-26', 'harness seamless paradigms'),
	(1859, 1047, '2025-06-26', 'cultivate efficient markets'),
	(1860, 1589, '2025-04-12', 'disintermediate front-end markets'),
	(1861, 765, '2025-05-31', 'redefine 24/365 synergies'),
	(1862, 887, '2025-01-04', 'integrate real-time web services'),
	(1863, 538, '2025-05-15', 'strategize transparent infomediaries'),
	(1864, 1931, '2025-07-05', 'facilitate open-source paradigms'),
	(1865, 1722, '2025-05-11', 'iterate synergistic e-services'),
	(1866, 100, '2024-12-13', 'embrace virtual systems'),
	(1867, 315, '2025-08-11', 'aggregate world-class experiences'),
	(1868, 1305, '2025-03-30', 'disintermediate front-end functionalities'),
	(1869, 596, '2025-05-10', 'utilize extensible markets'),
	(1870, 935, '2025-04-08', 'enhance wireless functionalities'),
	(1871, 767, '2025-09-22', 'facilitate visionary niches'),
	(1872, 660, '2024-12-27', 'incentivize world-class architectures'),
	(1873, 1028, '2025-03-14', 'generate killer systems'),
	(1874, 296, '2024-11-09', 'empower best-of-breed applications'),
	(1875, 66, '2025-01-02', 'strategize strategic supply-chains'),
	(1876, 919, '2025-07-26', 'engage user-centric deliverables'),
	(1877, 1255, '2024-11-11', 'harness value-added functionalities'),
	(1878, 14, '2025-09-26', 'orchestrate sticky deliverables'),
	(1879, 945, '2025-04-18', 'seize transparent mindshare'),
	(1880, 237, '2025-07-15', 'integrate seamless methodologies'),
	(1881, 895, '2025-07-22', 'synthesize e-business paradigms'),
	(1882, 403, '2025-07-28', 'deliver revolutionary networks'),
	(1883, 985, '2024-11-06', 'synergize scalable infrastructures'),
	(1884, 1874, '2025-02-08', 'incentivize front-end experiences'),
	(1885, 1097, '2025-04-26', 'e-enable mission-critical partnerships'),
	(1886, 663, '2025-06-06', 'synergize cross-media niches'),
	(1887, 554, '2025-01-27', 'engineer proactive schemas'),
	(1888, 1166, '2025-08-19', 'innovate bricks-and-clicks web services'),
	(1889, 1745, '2025-03-19', 'utilize revolutionary convergence'),
	(1890, 167, '2025-04-08', 'redefine sexy web-readiness'),
	(1891, 1370, '2025-08-21', 'revolutionize magnetic e-commerce'),
	(1892, 200, '2025-06-28', 'visualize end-to-end deliverables'),
	(1893, 931, '2025-06-30', 'drive B2C web services'),
	(1894, 560, '2025-04-04', 'e-enable B2B technologies'),
	(1895, 342, '2024-11-28', 'benchmark visionary niches'),
	(1896, 774, '2024-11-19', 'enable dynamic action-items'),
	(1897, 1648, '2025-03-04', 'enhance cross-media initiatives'),
	(1898, 667, '2025-08-20', 'embrace killer mindshare'),
	(1899, 916, '2025-08-03', 'implement sticky interfaces'),
	(1900, 118, '2025-03-23', 'cultivate 24/7 e-tailers'),
	(1901, 808, '2025-07-29', 'productize impactful e-commerce'),
	(1902, 1473, '2024-10-07', 'strategize end-to-end metrics'),
	(1903, 1419, '2025-04-07', 'matrix clicks-and-mortar paradigms'),
	(1904, 495, '2024-12-14', 'strategize revolutionary e-business'),
	(1905, 1564, '2025-05-20', 'incubate interactive mindshare'),
	(1906, 1584, '2025-09-15', 'envisioneer interactive applications'),
	(1907, 402, '2025-06-11', 'optimize strategic models'),
	(1908, 1159, '2025-04-12', 'facilitate compelling supply-chains'),
	(1909, 750, '2025-04-20', 'visualize bricks-and-clicks platforms'),
	(1910, 640, '2025-04-25', 'transition wireless markets'),
	(1911, 1634, '2025-05-06', 'evolve one-to-one deliverables'),
	(1912, 930, '2025-05-29', 'drive real-time portals'),
	(1913, 1198, '2025-07-19', 'synergize revolutionary vortals'),
	(1914, 1117, '2025-03-26', 'enable seamless bandwidth'),
	(1915, 1326, '2025-06-01', 'transform front-end markets'),
	(1916, 1220, '2025-08-09', 'generate rich vortals'),
	(1917, 424, '2024-12-01', 'grow wireless niches'),
	(1918, 782, '2025-07-29', 'target B2C bandwidth'),
	(1919, 1429, '2024-12-11', 'syndicate web-enabled e-services'),
	(1920, 1555, '2025-06-13', 'whiteboard world-class synergies'),
	(1921, 407, '2025-04-24', 'leverage sexy methodologies'),
	(1922, 1061, '2025-09-19', 'envisioneer granular paradigms'),
	(1923, 1634, '2024-12-28', 'reintermediate open-source web-readiness'),
	(1924, 1177, '2025-06-10', 'transition revolutionary web-readiness'),
	(1925, 796, '2025-08-17', 'iterate real-time schemas'),
	(1926, 263, '2024-10-13', 'utilize compelling technologies'),
	(1927, 409, '2025-02-28', 'reintermediate collaborative infrastructures'),
	(1928, 853, '2025-07-29', 'engineer clicks-and-mortar eyeballs'),
	(1929, 1702, '2025-02-09', 'generate wireless eyeballs'),
	(1930, 493, '2025-04-02', 'architect rich e-commerce'),
	(1931, 1928, '2024-12-19', 'target vertical channels'),
	(1932, 22, '2025-06-03', 'utilize sticky bandwidth'),
	(1933, 479, '2025-04-15', 'scale customized bandwidth'),
	(1934, 86, '2024-12-17', 'orchestrate cross-platform paradigms'),
	(1935, 1282, '2024-12-17', 'incentivize innovative mindshare'),
	(1936, 268, '2025-06-23', 'deliver viral e-services'),
	(1937, 678, '2025-05-19', 'enable vertical initiatives'),
	(1938, 1774, '2024-11-03', 'evolve dot-com e-business'),
	(1939, 927, '2025-08-30', 'engage bleeding-edge methodologies'),
	(1940, 43, '2025-04-28', 'target sticky synergies'),
	(1941, 1768, '2025-04-21', 'scale back-end e-business'),
	(1942, 9, '2025-04-29', 'matrix magnetic convergence'),
	(1943, 1985, '2025-08-17', 'optimize collaborative e-markets'),
	(1944, 139, '2025-06-18', 'extend transparent e-commerce'),
	(1945, 1675, '2025-06-16', 'deploy one-to-one systems'),
	(1946, 1808, '2025-02-18', 'whiteboard viral users'),
	(1947, 632, '2025-04-11', 'productize innovative web services'),
	(1948, 1275, '2025-01-06', 'deliver integrated channels'),
	(1949, 939, '2025-04-23', 'brand rich users'),
	(1950, 1875, '2025-04-29', 'embrace dynamic vortals'),
	(1951, 483, '2025-09-14', 'architect customized functionalities'),
	(1952, 1629, '2024-11-19', 'implement vertical markets'),
	(1953, 709, '2025-06-14', 'target strategic initiatives'),
	(1954, 215, '2024-11-26', 'leverage integrated metrics'),
	(1955, 1550, '2025-08-07', 'mesh out-of-the-box technologies'),
	(1956, 1171, '2024-10-15', 'engage ubiquitous markets'),
	(1957, 1186, '2024-12-19', 'synergize turn-key e-services'),
	(1958, 475, '2024-10-28', 'disintermediate impactful technologies'),
	(1959, 441, '2024-11-26', 'architect killer synergies'),
	(1960, 1801, '2025-09-04', 'redefine dynamic communities'),
	(1961, 1100, '2025-06-01', 'benchmark proactive schemas'),
	(1962, 1711, '2025-08-21', 'implement bricks-and-clicks relationships'),
	(1963, 243, '2025-05-14', 'matrix 24/365 functionalities'),
	(1964, 1858, '2025-05-14', 'reintermediate killer portals'),
	(1965, 1456, '2025-08-09', 'enable bleeding-edge relationships'),
	(1966, 1482, '2024-10-10', 'exploit e-business eyeballs'),
	(1967, 777, '2024-12-20', 'benchmark collaborative niches'),
	(1968, 976, '2025-07-17', 'visualize open-source synergies'),
	(1969, 1459, '2024-12-25', 'utilize virtual vortals'),
	(1970, 668, '2024-10-28', 'orchestrate dynamic applications'),
	(1971, 1760, '2025-09-04', 'optimize end-to-end platforms'),
	(1972, 1815, '2025-06-02', 'expedite seamless e-tailers'),
	(1973, 427, '2025-01-25', 'morph transparent methodologies'),
	(1974, 414, '2025-09-09', 'leverage front-end systems'),
	(1975, 1530, '2025-04-14', 'harness best-of-breed experiences'),
	(1976, 1120, '2025-02-04', 'disintermediate extensible solutions'),
	(1977, 1543, '2024-10-09', 'leverage extensible solutions'),
	(1978, 1456, '2025-09-19', 'evolve customized platforms'),
	(1979, 1175, '2025-04-01', 'whiteboard B2B web services'),
	(1980, 1884, '2024-12-11', 'seize holistic vortals'),
	(1981, 589, '2025-01-20', 'evolve dot-com channels'),
	(1982, 894, '2025-09-03', 'syndicate back-end e-tailers'),
	(1983, 31, '2025-07-22', 'generate one-to-one infrastructures'),
	(1984, 458, '2025-07-14', 'utilize transparent partnerships'),
	(1985, 1277, '2025-08-29', 'productize next-generation content'),
	(1986, 778, '2025-03-06', 'evolve innovative initiatives'),
	(1987, 1799, '2025-05-11', 'streamline revolutionary solutions'),
	(1988, 1692, '2024-11-17', 'extend turn-key supply-chains'),
	(1989, 947, '2025-08-05', 'expedite collaborative ROI'),
	(1990, 1543, '2024-11-30', 'enhance integrated initiatives'),
	(1991, 1915, '2025-06-20', 'e-enable synergistic web-readiness'),
	(1992, 1387, '2025-04-03', 'envisioneer compelling e-business'),
	(1993, 898, '2025-09-19', 'incentivize cutting-edge bandwidth'),
	(1994, 1668, '2025-04-09', 'cultivate compelling paradigms'),
	(1995, 529, '2024-11-26', 'revolutionize integrated web-readiness'),
	(1996, 1485, '2025-07-22', 'recontextualize robust e-commerce'),
	(1997, 315, '2024-12-26', 'leverage value-added vortals'),
	(1998, 226, '2025-04-06', 'exploit synergistic e-services'),
	(1999, 273, '2025-01-14', 'engage collaborative niches'),
	(2000, 1465, '2025-08-28', 'expedite 24/365 portals'),
	(2001, 1622, '2024-10-22', 'deliver turn-key applications'),
	(2002, 1691, '2025-04-09', 'brand intuitive deliverables'),
	(2003, 1120, '2025-02-22', 'empower compelling bandwidth'),
	(2004, 1992, '2025-03-28', 'incubate one-to-one e-tailers'),
	(2005, 365, '2025-08-29', 'monetize distributed technologies'),
	(2006, 25, '2024-12-16', 'facilitate plug-and-play supply-chains'),
	(2007, 827, '2024-11-15', 'drive strategic platforms'),
	(2008, 871, '2025-07-02', 'implement magnetic experiences'),
	(2009, 84, '2024-11-16', 'deliver holistic supply-chains'),
	(2010, 567, '2025-08-14', 'strategize killer models'),
	(2011, 108, '2025-08-19', 'engineer front-end convergence'),
	(2012, 1328, '2025-04-20', 'engineer robust users'),
	(2013, 436, '2025-05-30', 'reintermediate killer bandwidth'),
	(2014, 1247, '2025-02-16', 'whiteboard innovative platforms'),
	(2015, 177, '2025-07-08', 'leverage clicks-and-mortar metrics'),
	(2016, 319, '2024-11-19', 'enhance customized functionalities'),
	(2017, 1049, '2024-12-06', 'orchestrate ubiquitous eyeballs'),
	(2018, 1275, '2024-11-14', 'target e-business schemas'),
	(2019, 1967, '2025-05-06', 'utilize distributed metrics'),
	(2020, 324, '2025-05-11', 'scale e-business paradigms'),
	(2021, 987, '2024-11-09', 'morph bleeding-edge interfaces'),
	(2022, 1412, '2025-09-09', 'reintermediate vertical e-business'),
	(2023, 925, '2025-08-22', 'extend frictionless web-readiness'),
	(2024, 1186, '2025-05-19', 'productize strategic solutions'),
	(2025, 267, '2025-03-25', 'exploit extensible infrastructures'),
	(2026, 1635, '2025-05-25', 'deploy user-centric mindshare'),
	(2027, 1930, '2025-04-14', 'implement B2B models'),
	(2028, 1011, '2024-11-02', 'disintermediate open-source experiences'),
	(2029, 472, '2025-03-30', 'syndicate revolutionary web-readiness'),
	(2030, 1533, '2025-03-23', 'synergize sexy models'),
	(2031, 1572, '2025-04-28', 'mesh dynamic e-tailers'),
	(2032, 845, '2024-10-26', 'synergize granular technologies'),
	(2033, 986, '2025-01-26', 'utilize leading-edge models'),
	(2034, 1725, '2025-05-10', 'utilize open-source synergies'),
	(2035, 625, '2025-02-01', 'syndicate granular e-services'),
	(2036, 1973, '2025-02-11', 'strategize killer web services'),
	(2037, 28, '2024-11-13', 'extend revolutionary platforms'),
	(2038, 1854, '2025-01-21', 'syndicate customized experiences'),
	(2039, 557, '2025-02-14', 'streamline open-source synergies'),
	(2040, 587, '2024-10-06', 'enable cutting-edge convergence'),
	(2041, 1949, '2025-05-12', 'embrace strategic solutions'),
	(2042, 1477, '2025-05-10', 'exploit dot-com vortals'),
	(2043, 46, '2024-10-10', 'integrate clicks-and-mortar web-readiness'),
	(2044, 1212, '2025-03-13', 'architect web-enabled communities'),
	(2045, 1342, '2025-08-06', 'grow seamless methodologies'),
	(2046, 1006, '2024-11-06', 'deliver compelling synergies'),
	(2047, 1404, '2024-11-23', 'deploy sexy applications'),
	(2048, 1854, '2025-04-25', 'architect global infomediaries'),
	(2049, 822, '2024-10-30', 'cultivate bricks-and-clicks infrastructures'),
	(2050, 528, '2025-03-26', 'transform out-of-the-box methodologies'),
	(2051, 1784, '2025-01-21', 'optimize bricks-and-clicks architectures'),
	(2052, 688, '2025-06-18', 'iterate one-to-one methodologies'),
	(2053, 50, '2024-10-24', 'deploy sticky content'),
	(2054, 1655, '2025-01-05', 'maximize one-to-one e-services'),
	(2055, 1586, '2025-03-28', 'reintermediate cutting-edge interfaces'),
	(2056, 40, '2025-09-02', 'incentivize frictionless e-business'),
	(2057, 779, '2025-03-22', 'synergize back-end applications'),
	(2058, 687, '2025-03-14', 'monetize seamless interfaces'),
	(2059, 1782, '2025-03-25', 'unleash cross-media deliverables'),
	(2060, 816, '2025-08-12', 'utilize web-enabled platforms'),
	(2061, 1804, '2025-01-03', 'benchmark distributed applications'),
	(2062, 436, '2025-04-03', 'iterate 24/365 partnerships'),
	(2063, 1825, '2025-01-29', 'iterate B2B initiatives'),
	(2064, 956, '2025-05-25', 'transform cross-platform e-business'),
	(2065, 1331, '2025-04-19', 'engineer granular methodologies'),
	(2066, 1330, '2024-11-24', 'engineer 24/365 platforms'),
	(2067, 1942, '2025-08-20', 'evolve revolutionary architectures'),
	(2068, 1069, '2025-03-26', 'brand 24/7 e-business'),
	(2069, 1713, '2025-09-01', 'seize B2C supply-chains'),
	(2070, 476, '2025-02-13', 'unleash holistic users'),
	(2071, 578, '2025-02-09', 'benchmark B2C web services'),
	(2072, 546, '2025-09-27', 'integrate strategic platforms'),
	(2073, 640, '2025-09-21', 'syndicate robust e-business'),
	(2074, 1922, '2024-10-09', 'integrate seamless technologies'),
	(2075, 227, '2025-09-23', 'redefine mission-critical methodologies'),
	(2076, 1730, '2025-08-16', 'disintermediate intuitive action-items'),
	(2077, 886, '2025-09-27', 'leverage value-added markets'),
	(2078, 208, '2025-08-10', 'grow sexy paradigms'),
	(2079, 43, '2025-02-07', 'unleash robust markets'),
	(2080, 1959, '2025-05-01', 'grow innovative deliverables'),
	(2081, 727, '2025-09-10', 'envisioneer innovative web services'),
	(2082, 494, '2025-06-20', 'optimize leading-edge ROI'),
	(2083, 352, '2025-01-13', 'maximize proactive action-items'),
	(2084, 687, '2025-07-12', 'architect leading-edge niches'),
	(2085, 1051, '2025-01-14', 'grow out-of-the-box communities'),
	(2086, 48, '2025-02-21', 'maximize best-of-breed models'),
	(2087, 1421, '2025-01-24', 'visualize synergistic applications'),
	(2088, 1576, '2024-12-19', 'empower best-of-breed ROI'),
	(2089, 743, '2024-11-04', 'whiteboard open-source partnerships'),
	(2090, 1694, '2025-04-04', 'generate distributed platforms'),
	(2091, 699, '2024-11-07', 'evolve seamless bandwidth'),
	(2092, 179, '2024-12-07', 'unleash cross-media systems'),
	(2093, 166, '2025-02-20', 'enhance holistic e-tailers'),
	(2094, 1722, '2025-06-18', 'brand visionary technologies'),
	(2095, 1792, '2025-07-05', 'utilize sexy infomediaries'),
	(2096, 1942, '2025-09-13', 'target bleeding-edge partnerships'),
	(2097, 1067, '2024-11-19', 'streamline synergistic platforms'),
	(2098, 886, '2025-03-27', 'benchmark bleeding-edge partnerships'),
	(2099, 1389, '2025-08-26', 'monetize best-of-breed solutions'),
	(2100, 746, '2025-04-10', 'innovate next-generation e-tailers'),
	(2101, 1365, '2025-01-07', 'incubate wireless e-business'),
	(2102, 743, '2024-12-09', 'transform innovative users'),
	(2103, 1742, '2025-05-08', 'streamline sexy web services'),
	(2104, 1125, '2025-04-17', 'extend innovative relationships'),
	(2105, 1485, '2025-04-14', 'innovate front-end architectures'),
	(2106, 1561, '2025-07-03', 'benchmark seamless eyeballs'),
	(2107, 173, '2025-08-16', 'architect magnetic bandwidth'),
	(2108, 171, '2025-01-03', 'disintermediate viral solutions'),
	(2109, 1808, '2025-07-01', 'reinvent one-to-one infomediaries'),
	(2110, 1345, '2025-07-04', 'enable turn-key functionalities'),
	(2111, 528, '2025-01-03', 'syndicate B2C synergies'),
	(2112, 1715, '2025-06-04', 'transform bleeding-edge infrastructures'),
	(2113, 34, '2024-11-01', 'evolve cross-platform partnerships'),
	(2114, 1035, '2024-12-08', 'visualize impactful functionalities'),
	(2115, 182, '2025-01-12', 'disintermediate e-business eyeballs'),
	(2116, 880, '2025-09-21', 'deploy impactful web-readiness'),
	(2117, 611, '2025-02-12', 'scale rich niches'),
	(2118, 1516, '2024-12-12', 'reinvent back-end web-readiness'),
	(2119, 1748, '2024-11-01', 'e-enable world-class applications'),
	(2120, 947, '2025-02-06', 'strategize robust markets'),
	(2121, 320, '2025-09-06', 'facilitate open-source portals'),
	(2122, 361, '2025-07-06', 'facilitate world-class synergies'),
	(2123, 1891, '2025-07-27', 'transition end-to-end web-readiness'),
	(2124, 100, '2025-09-01', 'brand revolutionary e-commerce'),
	(2125, 35, '2024-12-17', 'engineer next-generation partnerships'),
	(2126, 891, '2025-04-24', 'facilitate cross-media initiatives'),
	(2127, 113, '2025-04-23', 'e-enable impactful e-markets'),
	(2128, 686, '2025-09-01', 'strategize proactive systems'),
	(2129, 1209, '2025-08-21', 'synergize cutting-edge synergies'),
	(2130, 1614, '2025-09-10', 'productize efficient supply-chains'),
	(2131, 1829, '2025-04-21', 'enable dynamic networks'),
	(2132, 292, '2024-11-21', 'drive transparent schemas'),
	(2133, 1833, '2025-09-23', 'reinvent intuitive eyeballs'),
	(2134, 155, '2025-05-05', 'generate bricks-and-clicks interfaces'),
	(2135, 715, '2025-07-07', 'recontextualize scalable communities'),
	(2136, 1489, '2025-05-16', 'productize visionary web services'),
	(2137, 1714, '2025-01-24', 'scale ubiquitous interfaces'),
	(2138, 59, '2025-07-13', 'cultivate sticky convergence'),
	(2139, 121, '2025-04-18', 'morph vertical deliverables'),
	(2140, 1025, '2024-12-31', 'expedite innovative action-items'),
	(2141, 1459, '2025-06-24', 'scale vertical markets'),
	(2142, 1734, '2025-01-10', 'harness bleeding-edge e-tailers'),
	(2143, 869, '2025-04-24', 'synthesize transparent infrastructures'),
	(2144, 1344, '2025-01-11', 'syndicate best-of-breed content'),
	(2145, 459, '2025-07-20', 'repurpose best-of-breed infrastructures'),
	(2146, 1153, '2025-08-02', 'seize virtual relationships'),
	(2147, 1535, '2025-01-20', 'extend open-source e-services'),
	(2148, 1531, '2025-09-12', 'visualize bleeding-edge platforms'),
	(2149, 422, '2024-12-02', 'extend collaborative interfaces'),
	(2150, 470, '2025-05-03', 'maximize global deliverables'),
	(2151, 950, '2024-12-16', 'redefine turn-key mindshare'),
	(2152, 188, '2025-05-20', 'e-enable granular systems'),
	(2153, 155, '2024-12-15', 'orchestrate clicks-and-mortar partnerships'),
	(2154, 777, '2024-11-18', 'e-enable dot-com architectures'),
	(2155, 1372, '2025-02-03', 'integrate global markets'),
	(2156, 325, '2024-12-23', 'repurpose mission-critical convergence'),
	(2157, 1949, '2025-09-18', 'morph B2C eyeballs'),
	(2158, 418, '2025-06-08', 'matrix holistic relationships'),
	(2159, 321, '2025-06-01', 'engage turn-key e-markets'),
	(2160, 1563, '2025-06-11', 'repurpose bleeding-edge communities'),
	(2161, 964, '2025-08-19', 'engage value-added solutions'),
	(2162, 508, '2025-03-16', 'matrix interactive action-items'),
	(2163, 676, '2024-11-29', 'utilize extensible vortals'),
	(2164, 1652, '2025-03-15', 'generate dynamic e-services'),
	(2165, 1145, '2025-09-27', 'enhance cutting-edge solutions'),
	(2166, 1473, '2025-05-23', 'revolutionize real-time ROI'),
	(2167, 1602, '2024-11-01', 'utilize one-to-one e-markets'),
	(2168, 1697, '2025-04-15', 'synergize transparent communities'),
	(2169, 988, '2025-05-23', 'redefine collaborative infomediaries'),
	(2170, 679, '2025-03-07', 'evolve compelling models'),
	(2171, 699, '2024-12-26', 'drive killer web services'),
	(2172, 139, '2025-03-03', 'e-enable wireless architectures'),
	(2173, 1460, '2025-09-18', 'strategize web-enabled experiences'),
	(2174, 98, '2024-11-22', 'synthesize killer content'),
	(2175, 830, '2024-12-29', 'morph mission-critical web-readiness'),
	(2176, 1267, '2024-12-08', 'orchestrate cutting-edge initiatives'),
	(2177, 1286, '2025-08-16', 'enhance customized e-tailers'),
	(2178, 1793, '2025-09-15', 'generate mission-critical e-services'),
	(2179, 880, '2025-04-09', 'strategize customized bandwidth'),
	(2180, 1048, '2025-01-02', 'orchestrate vertical partnerships'),
	(2181, 1919, '2025-03-06', 'iterate integrated systems'),
	(2182, 321, '2024-10-07', 'transform magnetic web-readiness'),
	(2183, 1659, '2025-07-03', 'architect ubiquitous e-business'),
	(2184, 1096, '2025-02-02', 'monetize efficient relationships'),
	(2185, 1177, '2025-08-01', 'synthesize ubiquitous users'),
	(2186, 608, '2024-10-25', 'scale impactful infrastructures'),
	(2187, 777, '2024-10-10', 'engage customized convergence'),
	(2188, 1996, '2025-08-18', 'evolve innovative experiences'),
	(2189, 1216, '2024-10-05', 'monetize granular web services'),
	(2190, 891, '2024-11-22', 'embrace sticky markets'),
	(2191, 1923, '2025-03-15', 'leverage cutting-edge communities'),
	(2192, 414, '2025-08-14', 'empower wireless web-readiness'),
	(2193, 1412, '2025-04-17', 'target synergistic convergence'),
	(2194, 1997, '2025-09-03', 'seize value-added action-items'),
	(2195, 1634, '2024-12-30', 'extend integrated relationships'),
	(2196, 1993, '2025-04-10', 'deploy seamless mindshare'),
	(2197, 1413, '2024-10-06', 'implement compelling relationships'),
	(2198, 1045, '2024-11-17', 'revolutionize impactful web services'),
	(2199, 498, '2025-05-13', 'reinvent real-time architectures'),
	(2200, 937, '2025-03-23', 'revolutionize ubiquitous schemas'),
	(2201, 1236, '2025-01-28', 'whiteboard integrated action-items'),
	(2202, 1316, '2024-12-05', 'scale rich partnerships'),
	(2203, 188, '2025-01-04', 'deliver ubiquitous paradigms'),
	(2204, 1639, '2025-07-28', 'morph customized content'),
	(2205, 435, '2025-06-09', 'brand ubiquitous e-business'),
	(2206, 261, '2024-12-17', 'maximize 24/365 users'),
	(2207, 1320, '2024-11-16', 'generate extensible e-services'),
	(2208, 876, '2025-05-15', 'redefine viral users'),
	(2209, 1482, '2024-12-27', 'syndicate compelling synergies'),
	(2210, 355, '2025-02-09', 'leverage next-generation users'),
	(2211, 838, '2025-04-02', 'benchmark 24/7 vortals'),
	(2212, 1446, '2025-02-17', 'brand back-end paradigms'),
	(2213, 607, '2025-05-07', 'facilitate 24/365 bandwidth'),
	(2214, 1863, '2025-07-06', 'scale collaborative eyeballs'),
	(2215, 1981, '2025-05-16', 'engage 24/365 web-readiness'),
	(2216, 1225, '2025-07-29', 'streamline holistic interfaces'),
	(2217, 906, '2025-09-19', 'scale extensible networks'),
	(2218, 1161, '2025-02-28', 'orchestrate ubiquitous portals'),
	(2219, 792, '2025-10-04', 'engineer enterprise partnerships'),
	(2220, 679, '2025-08-22', 'incentivize front-end content'),
	(2221, 262, '2025-07-22', 'whiteboard front-end e-business'),
	(2222, 312, '2024-10-15', 'reintermediate seamless metrics'),
	(2223, 841, '2025-07-16', 'generate sexy supply-chains'),
	(2224, 647, '2024-12-30', 'envisioneer compelling deliverables'),
	(2225, 1552, '2025-01-18', 'matrix next-generation infomediaries'),
	(2226, 1167, '2025-05-07', 'incentivize innovative networks'),
	(2227, 790, '2024-12-10', 'cultivate out-of-the-box communities'),
	(2228, 960, '2025-05-21', 'drive bricks-and-clicks infomediaries'),
	(2229, 1887, '2025-08-25', 'unleash 24/365 synergies'),
	(2230, 1596, '2025-03-25', 'e-enable real-time initiatives'),
	(2231, 1233, '2025-07-02', 'engineer next-generation initiatives'),
	(2232, 1914, '2024-10-22', 'engage revolutionary platforms'),
	(2233, 98, '2024-10-30', 'monetize real-time convergence'),
	(2234, 280, '2024-12-06', 'empower dot-com e-services'),
	(2235, 722, '2025-09-13', 'monetize plug-and-play solutions'),
	(2236, 644, '2025-05-02', 'transform front-end systems'),
	(2237, 357, '2025-06-04', 'maximize B2B networks'),
	(2238, 1742, '2025-09-14', 'innovate best-of-breed metrics'),
	(2239, 349, '2025-01-26', 'incentivize cross-platform synergies'),
	(2240, 1764, '2025-03-14', 'innovate real-time architectures'),
	(2241, 743, '2025-06-03', 'visualize robust relationships'),
	(2242, 105, '2025-04-17', 'maximize out-of-the-box e-markets'),
	(2243, 423, '2025-07-04', 'synergize visionary content'),
	(2244, 1888, '2025-02-07', 'enable one-to-one web-readiness'),
	(2245, 1181, '2025-07-03', 'recontextualize compelling bandwidth'),
	(2246, 1866, '2024-12-01', 'transition compelling infomediaries'),
	(2247, 673, '2025-05-19', 'matrix clicks-and-mortar mindshare'),
	(2248, 61, '2025-05-16', 'engineer distributed supply-chains'),
	(2249, 1658, '2025-04-30', 'facilitate best-of-breed e-tailers'),
	(2250, 754, '2025-03-19', 'leverage web-enabled bandwidth'),
	(2251, 743, '2025-02-08', 'repurpose real-time web services'),
	(2252, 849, '2025-07-25', 'visualize sexy experiences'),
	(2253, 1512, '2025-08-02', 'extend proactive platforms'),
	(2254, 18, '2025-02-17', 'visualize customized users'),
	(2255, 1287, '2025-02-02', 'innovate cross-media partnerships'),
	(2256, 1260, '2025-06-08', 'enable B2B e-commerce'),
	(2257, 1432, '2024-11-01', 'productize back-end deliverables'),
	(2258, 661, '2025-01-04', 'drive best-of-breed e-tailers'),
	(2259, 128, '2025-08-10', 'extend B2B niches'),
	(2260, 664, '2025-07-05', 'cultivate wireless infrastructures'),
	(2261, 1434, '2025-06-28', 'seize leading-edge networks'),
	(2262, 1148, '2025-08-08', 'synthesize turn-key partnerships'),
	(2263, 1832, '2025-09-19', 'unleash vertical e-tailers'),
	(2264, 168, '2025-05-22', 'utilize B2C applications'),
	(2265, 472, '2025-02-21', 'implement mission-critical models'),
	(2266, 205, '2024-10-30', 'extend one-to-one networks'),
	(2267, 616, '2024-10-09', 'engage best-of-breed networks'),
	(2268, 1466, '2024-10-24', 'unleash real-time networks'),
	(2269, 1414, '2025-10-03', 'reintermediate plug-and-play web services'),
	(2270, 93, '2025-09-26', 'syndicate open-source supply-chains'),
	(2271, 273, '2025-01-11', 'optimize interactive e-tailers'),
	(2272, 1319, '2024-12-04', 'e-enable holistic channels'),
	(2273, 41, '2025-05-31', 'envisioneer plug-and-play infrastructures'),
	(2274, 442, '2024-10-17', 'enable bricks-and-clicks e-commerce'),
	(2275, 1770, '2025-09-15', 'expedite seamless e-tailers'),
	(2276, 818, '2025-01-16', 'streamline e-business supply-chains'),
	(2277, 1322, '2024-10-12', 'strategize clicks-and-mortar methodologies'),
	(2278, 1629, '2025-01-13', 'e-enable transparent platforms'),
	(2279, 380, '2025-04-12', 'maximize world-class technologies'),
	(2280, 1048, '2025-04-04', 'cultivate best-of-breed paradigms'),
	(2281, 361, '2025-01-27', 'evolve extensible networks'),
	(2282, 1246, '2025-03-27', 'incubate bleeding-edge mindshare'),
	(2283, 524, '2025-07-14', 'visualize value-added web services'),
	(2284, 1174, '2025-06-08', 'iterate customized e-business'),
	(2285, 1234, '2025-05-29', 'leverage value-added content'),
	(2286, 1806, '2024-12-14', 'optimize web-enabled portals'),
	(2287, 962, '2024-10-20', 'iterate bleeding-edge methodologies'),
	(2288, 618, '2025-09-18', 'productize scalable portals'),
	(2289, 1513, '2025-09-17', 'grow viral niches'),
	(2290, 516, '2025-09-26', 'deploy impactful partnerships'),
	(2291, 1464, '2025-09-20', 'mesh intuitive web services'),
	(2292, 726, '2025-08-26', 'innovate plug-and-play models'),
	(2293, 986, '2025-06-29', 'grow 24/365 portals'),
	(2294, 1146, '2025-02-21', 'e-enable sexy networks'),
	(2295, 86, '2025-06-23', 'integrate distributed content'),
	(2296, 1211, '2025-09-17', 'iterate magnetic architectures'),
	(2297, 883, '2025-03-17', 'extend cross-media metrics'),
	(2298, 1343, '2025-03-18', 'innovate e-business bandwidth'),
	(2299, 354, '2025-02-24', 'grow frictionless convergence'),
	(2300, 919, '2025-08-28', 'syndicate 24/7 paradigms'),
	(2301, 504, '2025-06-19', 'reinvent robust functionalities'),
	(2302, 1773, '2025-06-19', 'recontextualize bleeding-edge relationships'),
	(2303, 318, '2025-09-02', 'repurpose value-added platforms'),
	(2304, 369, '2025-01-23', 'transition web-enabled supply-chains'),
	(2305, 1337, '2025-08-27', 'incubate 24/365 niches'),
	(2306, 1107, '2025-09-03', 'incubate world-class e-services'),
	(2307, 1524, '2025-01-10', 'target seamless portals'),
	(2308, 866, '2025-05-13', 'transition integrated mindshare'),
	(2309, 1566, '2025-06-24', 'empower granular e-business'),
	(2310, 407, '2025-05-15', 'e-enable seamless interfaces'),
	(2311, 943, '2024-11-12', 'engineer impactful vortals'),
	(2312, 544, '2025-05-13', 'incubate seamless mindshare'),
	(2313, 31, '2025-06-06', 'matrix integrated relationships'),
	(2314, 1667, '2024-12-09', 'generate user-centric bandwidth'),
	(2315, 1422, '2024-10-30', 'expedite frictionless users'),
	(2316, 248, '2025-03-16', 'optimize granular experiences'),
	(2317, 1661, '2025-02-05', 'evolve impactful web-readiness'),
	(2318, 1907, '2024-10-22', 'benchmark rich applications'),
	(2319, 1799, '2025-02-07', 'utilize global synergies'),
	(2320, 968, '2025-01-29', 'embrace out-of-the-box e-commerce'),
	(2321, 171, '2025-06-08', 'empower visionary e-business'),
	(2322, 647, '2025-05-12', 'engage value-added markets'),
	(2323, 874, '2024-12-21', 'cultivate dynamic platforms'),
	(2324, 1816, '2025-02-15', 'benchmark dot-com initiatives'),
	(2325, 1228, '2025-03-03', 'morph virtual convergence'),
	(2326, 982, '2025-04-26', 'envisioneer holistic models'),
	(2327, 221, '2025-03-23', 'visualize virtual infrastructures'),
	(2328, 486, '2024-11-24', 'transform frictionless vortals'),
	(2329, 74, '2025-10-04', 'aggregate bricks-and-clicks infrastructures'),
	(2330, 702, '2025-06-24', 'deliver dot-com content'),
	(2331, 528, '2024-10-31', 'reintermediate dynamic systems'),
	(2332, 1896, '2025-08-22', 'scale scalable paradigms'),
	(2333, 300, '2025-03-25', 'syndicate cross-platform experiences'),
	(2334, 806, '2024-12-25', 'implement ubiquitous platforms'),
	(2335, 542, '2025-04-26', 'synergize viral bandwidth'),
	(2336, 1739, '2025-03-22', 'drive distributed solutions'),
	(2337, 404, '2025-02-17', 'productize magnetic paradigms'),
	(2338, 379, '2025-07-25', 'embrace robust methodologies'),
	(2339, 1061, '2024-11-15', 'enhance magnetic relationships'),
	(2340, 470, '2025-09-23', 'deliver virtual interfaces'),
	(2341, 1763, '2025-06-17', 'brand vertical metrics'),
	(2342, 365, '2024-10-07', 'orchestrate enterprise infomediaries'),
	(2343, 1145, '2024-11-17', 'integrate leading-edge functionalities'),
	(2344, 551, '2025-10-02', 'brand sexy paradigms'),
	(2345, 497, '2025-05-27', 'unleash killer deliverables'),
	(2346, 1159, '2025-03-15', 'benchmark plug-and-play niches'),
	(2347, 174, '2024-10-08', 'revolutionize seamless metrics'),
	(2348, 1904, '2024-11-19', 'empower dynamic web services'),
	(2349, 774, '2025-01-29', 'extend next-generation interfaces'),
	(2350, 892, '2024-10-24', 'synergize rich infomediaries'),
	(2351, 1528, '2025-05-26', 'streamline back-end infomediaries'),
	(2352, 901, '2025-02-05', 'visualize virtual portals'),
	(2353, 1763, '2025-06-14', 'reintermediate strategic markets'),
	(2354, 360, '2025-07-29', 'utilize B2C portals'),
	(2355, 712, '2025-01-30', 'syndicate magnetic experiences'),
	(2356, 1207, '2025-03-10', 'brand frictionless action-items'),
	(2357, 786, '2025-06-29', 'strategize e-business eyeballs'),
	(2358, 163, '2025-08-23', 'visualize turn-key experiences'),
	(2359, 1143, '2025-08-26', 'harness scalable infomediaries'),
	(2360, 1967, '2025-02-22', 'transition synergistic functionalities'),
	(2361, 487, '2024-12-01', 'unleash 24/7 synergies'),
	(2362, 1987, '2025-04-12', 'revolutionize virtual vortals'),
	(2363, 1657, '2025-05-17', 'synergize back-end initiatives'),
	(2364, 1692, '2025-08-19', 'productize 24/365 initiatives'),
	(2365, 18, '2024-11-23', 'reinvent web-enabled web services'),
	(2366, 1892, '2025-10-01', 'transition bricks-and-clicks e-business'),
	(2367, 1929, '2025-01-30', 'implement world-class infomediaries'),
	(2368, 1594, '2025-09-26', 'iterate user-centric action-items'),
	(2369, 301, '2024-10-28', 'drive synergistic mindshare'),
	(2370, 689, '2025-09-23', 'repurpose bricks-and-clicks partnerships'),
	(2371, 1314, '2024-12-08', 'deploy e-business e-commerce'),
	(2372, 352, '2025-01-24', 'transform interactive partnerships'),
	(2373, 549, '2025-07-25', 'incentivize back-end supply-chains'),
	(2374, 444, '2025-04-24', 'enable innovative mindshare'),
	(2375, 371, '2025-08-20', 'aggregate real-time relationships'),
	(2376, 505, '2025-05-08', 'harness back-end technologies'),
	(2377, 1387, '2025-01-16', 'expedite bleeding-edge metrics'),
	(2378, 1750, '2025-06-16', 'synthesize world-class niches'),
	(2379, 974, '2025-07-26', 'e-enable innovative relationships'),
	(2380, 1832, '2025-09-11', 'disintermediate synergistic applications'),
	(2381, 48, '2025-03-15', 'synthesize bricks-and-clicks infomediaries'),
	(2382, 295, '2025-01-10', 'empower interactive niches'),
	(2383, 955, '2025-08-13', 'integrate dynamic applications'),
	(2384, 1522, '2025-05-09', 'target visionary methodologies'),
	(2385, 863, '2025-05-28', 'visualize user-centric e-commerce'),
	(2386, 971, '2025-05-28', 'recontextualize plug-and-play functionalities'),
	(2387, 1634, '2025-07-11', 'engage open-source synergies'),
	(2388, 263, '2025-01-13', 'enable global metrics'),
	(2389, 722, '2025-09-23', 'scale B2B users'),
	(2390, 1340, '2024-11-03', 'e-enable leading-edge vortals'),
	(2391, 93, '2024-12-11', 'harness bleeding-edge action-items'),
	(2392, 1591, '2025-06-01', 'deploy B2B experiences'),
	(2393, 1677, '2025-08-16', 'scale cutting-edge deliverables'),
	(2394, 293, '2024-12-22', 'syndicate plug-and-play relationships'),
	(2395, 249, '2024-10-15', 'deploy integrated action-items'),
	(2396, 186, '2025-09-22', 'visualize dot-com functionalities'),
	(2397, 11, '2025-07-15', 'monetize clicks-and-mortar ROI'),
	(2398, 1127, '2025-03-01', 'leverage killer functionalities'),
	(2399, 1955, '2025-01-10', 'redefine customized supply-chains'),
	(2400, 524, '2025-05-31', 'optimize strategic technologies'),
	(2401, 881, '2025-01-22', 'orchestrate intuitive architectures'),
	(2402, 1385, '2025-04-08', 'engineer real-time infrastructures'),
	(2403, 1451, '2025-04-21', 'whiteboard turn-key supply-chains'),
	(2404, 1982, '2025-08-12', 'architect efficient portals'),
	(2405, 1011, '2025-03-31', 'redefine next-generation platforms'),
	(2406, 562, '2024-11-02', 'streamline global web services'),
	(2407, 175, '2024-11-24', 'utilize best-of-breed e-commerce'),
	(2408, 896, '2025-07-21', 'transition extensible infomediaries'),
	(2409, 1938, '2024-10-19', 'revolutionize revolutionary content'),
	(2410, 1163, '2025-07-16', 'benchmark wireless users'),
	(2411, 428, '2024-10-27', 'facilitate visionary e-business'),
	(2412, 1152, '2025-04-16', 'integrate value-added e-tailers'),
	(2413, 340, '2025-01-12', 'extend interactive supply-chains'),
	(2414, 408, '2025-09-07', 'orchestrate 24/365 action-items'),
	(2415, 1041, '2024-10-15', 'unleash global content'),
	(2416, 1443, '2025-03-04', 'repurpose impactful mindshare'),
	(2417, 64, '2025-03-14', 'orchestrate mission-critical supply-chains'),
	(2418, 1707, '2025-06-11', 'e-enable compelling initiatives'),
	(2419, 1218, '2025-05-06', 'maximize world-class solutions'),
	(2420, 1575, '2024-10-05', 'disintermediate frictionless infomediaries'),
	(2421, 310, '2025-05-20', 'maximize bleeding-edge technologies'),
	(2422, 595, '2024-11-30', 'incubate customized platforms'),
	(2423, 175, '2025-01-31', 'evolve e-business mindshare'),
	(2424, 1914, '2024-12-08', 'reinvent clicks-and-mortar e-commerce'),
	(2425, 744, '2025-01-31', 'generate holistic markets'),
	(2426, 1310, '2025-06-02', 'productize one-to-one infomediaries'),
	(2427, 1689, '2025-07-14', 'envisioneer efficient networks'),
	(2428, 1997, '2025-04-27', 'facilitate robust niches'),
	(2429, 949, '2025-06-10', 'cultivate front-end infrastructures'),
	(2430, 452, '2024-11-19', 'drive scalable action-items'),
	(2431, 1161, '2025-01-01', 'facilitate innovative niches'),
	(2432, 1517, '2024-12-09', 'innovate wireless metrics'),
	(2433, 963, '2025-05-20', 'enhance impactful models'),
	(2434, 1982, '2025-06-15', 'target back-end paradigms'),
	(2435, 1578, '2025-07-22', 'redefine B2C ROI'),
	(2436, 134, '2025-07-06', 'repurpose distributed e-business'),
	(2437, 1087, '2025-07-17', 'envisioneer out-of-the-box e-commerce'),
	(2438, 1560, '2025-07-31', 'leverage 24/365 web-readiness'),
	(2439, 695, '2025-08-08', 'envisioneer cross-platform web-readiness'),
	(2440, 1072, '2025-08-30', 'disintermediate seamless e-tailers'),
	(2441, 552, '2025-05-20', 'target revolutionary users'),
	(2442, 150, '2024-11-13', 'revolutionize innovative markets'),
	(2443, 44, '2025-03-26', 'engage bricks-and-clicks bandwidth'),
	(2444, 1395, '2025-04-24', 'generate real-time architectures'),
	(2445, 295, '2025-09-19', 'syndicate front-end infomediaries'),
	(2446, 66, '2025-07-17', 'recontextualize interactive deliverables'),
	(2447, 1667, '2025-02-06', 'repurpose strategic markets'),
	(2448, 745, '2025-03-21', 'transition front-end infrastructures'),
	(2449, 1684, '2025-03-19', 'deliver revolutionary networks'),
	(2450, 1207, '2025-02-05', 'harness 24/365 metrics'),
	(2451, 682, '2025-06-14', 'innovate viral paradigms'),
	(2452, 412, '2025-06-03', 'productize turn-key supply-chains'),
	(2453, 1163, '2025-02-26', 'generate transparent e-business'),
	(2454, 842, '2025-08-03', 'incentivize killer e-tailers'),
	(2455, 253, '2025-04-12', 'productize killer action-items'),
	(2456, 574, '2025-07-22', 'repurpose enterprise e-tailers'),
	(2457, 1971, '2025-03-13', 'incentivize synergistic applications'),
	(2458, 1768, '2025-07-31', 'deploy viral e-services'),
	(2459, 246, '2025-03-08', 'disintermediate granular architectures'),
	(2460, 961, '2025-08-24', 'deploy 24/365 paradigms'),
	(2461, 1866, '2024-12-13', 'generate distributed relationships'),
	(2462, 101, '2025-04-13', 'disintermediate vertical paradigms'),
	(2463, 631, '2025-09-08', 'synthesize turn-key channels'),
	(2464, 1146, '2025-03-11', 'redefine mission-critical channels'),
	(2465, 1710, '2025-02-23', 'mesh virtual interfaces'),
	(2466, 1749, '2025-09-25', 'aggregate sticky users'),
	(2467, 1042, '2024-10-11', 'target user-centric networks'),
	(2468, 712, '2025-03-24', 'envisioneer cross-media technologies'),
	(2469, 15, '2024-10-21', 'implement e-business deliverables'),
	(2470, 128, '2025-08-18', 'envisioneer strategic action-items'),
	(2471, 976, '2025-06-23', 'seize B2B infomediaries'),
	(2472, 815, '2024-11-03', 'expedite killer web-readiness'),
	(2473, 1854, '2025-01-19', 'enhance dot-com functionalities'),
	(2474, 1279, '2025-07-21', 'enable granular e-commerce'),
	(2475, 1515, '2024-12-08', 'grow enterprise communities'),
	(2476, 675, '2025-08-12', 'repurpose user-centric infrastructures'),
	(2477, 475, '2024-10-23', 'exploit interactive technologies'),
	(2478, 18, '2025-03-31', 'cultivate leading-edge markets'),
	(2479, 1852, '2025-03-04', 'repurpose robust web-readiness'),
	(2480, 1863, '2024-11-27', 'mesh robust vortals'),
	(2481, 1939, '2025-06-04', 'embrace cutting-edge communities'),
	(2482, 905, '2025-07-04', 'iterate seamless portals'),
	(2483, 209, '2025-08-15', 'syndicate B2B paradigms'),
	(2484, 39, '2025-03-19', 'facilitate visionary bandwidth'),
	(2485, 1802, '2024-12-22', 'leverage visionary models'),
	(2486, 1838, '2025-03-17', 'matrix ubiquitous relationships'),
	(2487, 1367, '2025-06-10', 'streamline extensible channels'),
	(2488, 1622, '2024-10-22', 'morph viral platforms'),
	(2489, 705, '2024-10-12', 'repurpose compelling action-items'),
	(2490, 1948, '2025-05-16', 'synthesize scalable content'),
	(2491, 188, '2024-11-08', 'implement vertical solutions'),
	(2492, 1132, '2025-09-13', 'synthesize sticky initiatives'),
	(2493, 883, '2025-05-11', 'iterate out-of-the-box portals'),
	(2494, 673, '2025-06-24', 'architect 24/365 initiatives'),
	(2495, 1367, '2025-02-27', 'engage strategic vortals'),
	(2496, 114, '2025-04-09', 'whiteboard customized mindshare'),
	(2497, 75, '2025-05-06', 'cultivate killer infrastructures'),
	(2498, 1374, '2025-07-17', 'evolve innovative experiences'),
	(2499, 1130, '2025-07-10', 'monetize transparent action-items'),
	(2500, 1019, '2024-10-30', 'disintermediate synergistic synergies'),
	(2501, 465, '2025-03-31', 'morph synergistic e-markets'),
	(2502, 192, '2025-03-20', 'engage dot-com e-tailers'),
	(2503, 1808, '2025-03-08', 'productize world-class niches'),
	(2504, 53, '2025-05-24', 'empower value-added networks'),
	(2505, 395, '2025-09-02', 'engineer synergistic architectures'),
	(2506, 1828, '2025-03-24', 'productize efficient e-business'),
	(2507, 485, '2025-09-01', 'visualize compelling action-items'),
	(2508, 1473, '2025-04-27', 'aggregate B2B e-services'),
	(2509, 1762, '2025-09-15', 'strategize plug-and-play systems'),
	(2510, 1560, '2025-09-06', 'deploy dot-com schemas'),
	(2511, 424, '2025-01-09', 'disintermediate proactive deliverables'),
	(2512, 1892, '2025-03-13', 'reintermediate B2C e-tailers'),
	(2513, 1940, '2025-03-31', 'cultivate out-of-the-box vortals'),
	(2514, 810, '2025-02-02', 'utilize end-to-end web-readiness'),
	(2515, 434, '2025-01-05', 'seize one-to-one eyeballs'),
	(2516, 970, '2025-06-23', 'e-enable bricks-and-clicks eyeballs'),
	(2517, 1416, '2025-04-28', 'repurpose 24/7 systems'),
	(2518, 1224, '2024-12-25', 'extend synergistic web-readiness'),
	(2519, 1094, '2025-07-12', 'harness bleeding-edge ROI'),
	(2520, 718, '2025-08-14', 'engineer out-of-the-box supply-chains'),
	(2521, 22, '2025-09-25', 'facilitate back-end deliverables'),
	(2522, 1430, '2025-06-06', 'enable e-business systems'),
	(2523, 519, '2024-11-15', 'synergize B2C metrics'),
	(2524, 863, '2025-06-16', 'brand integrated supply-chains'),
	(2525, 769, '2025-06-26', 'orchestrate holistic ROI'),
	(2526, 147, '2025-06-05', 'revolutionize cross-platform mindshare'),
	(2527, 685, '2024-10-20', 'reintermediate cross-platform applications'),
	(2528, 537, '2024-12-07', 'cultivate 24/7 partnerships'),
	(2529, 991, '2025-09-25', 'iterate mission-critical e-tailers'),
	(2530, 50, '2025-07-04', 'enhance global systems'),
	(2531, 1865, '2024-12-23', 'synthesize end-to-end partnerships'),
	(2532, 1011, '2025-05-08', 'envisioneer end-to-end eyeballs'),
	(2533, 1808, '2025-03-26', 'enable out-of-the-box infrastructures'),
	(2534, 372, '2024-10-28', 'disintermediate one-to-one deliverables'),
	(2535, 559, '2024-12-29', 'innovate 24/365 eyeballs'),
	(2536, 105, '2025-10-03', 'embrace best-of-breed e-markets'),
	(2537, 435, '2025-05-19', 'exploit compelling technologies'),
	(2538, 297, '2024-11-25', 'morph open-source metrics'),
	(2539, 1604, '2025-09-09', 'scale 24/365 partnerships'),
	(2540, 1620, '2025-04-29', 'deploy e-business content'),
	(2541, 1606, '2025-08-17', 'extend impactful deliverables'),
	(2542, 1052, '2025-08-31', 'empower one-to-one supply-chains'),
	(2543, 684, '2024-10-19', 'recontextualize real-time functionalities'),
	(2544, 34, '2025-01-03', 'monetize revolutionary e-services'),
	(2545, 800, '2025-06-05', 'architect intuitive technologies'),
	(2546, 1574, '2024-11-10', 'optimize clicks-and-mortar relationships'),
	(2547, 401, '2025-05-20', 'syndicate efficient portals'),
	(2548, 1833, '2024-12-03', 'disintermediate B2C e-commerce'),
	(2549, 758, '2025-09-08', 'incubate back-end portals'),
	(2550, 834, '2025-02-01', 'synergize visionary partnerships'),
	(2551, 213, '2025-01-20', 'transition cross-media solutions'),
	(2552, 916, '2025-04-18', 'target turn-key experiences'),
	(2553, 1161, '2025-06-19', 'orchestrate efficient convergence'),
	(2554, 1713, '2025-05-02', 'enable distributed initiatives'),
	(2555, 125, '2025-07-23', 'enable cross-platform e-business'),
	(2556, 1199, '2025-01-23', 'seize compelling architectures'),
	(2557, 578, '2025-03-01', 'synergize innovative infrastructures'),
	(2558, 942, '2025-03-23', 'strategize ubiquitous deliverables'),
	(2559, 1672, '2025-02-05', 'integrate front-end markets'),
	(2560, 1182, '2025-02-25', 'brand efficient portals'),
	(2561, 1161, '2025-09-28', 'incubate out-of-the-box functionalities'),
	(2562, 803, '2025-03-04', 'syndicate plug-and-play experiences'),
	(2563, 1448, '2025-06-10', 'aggregate best-of-breed markets'),
	(2564, 1136, '2025-08-07', 'transition extensible experiences'),
	(2565, 310, '2025-05-15', 'leverage back-end models'),
	(2566, 367, '2025-05-17', 'facilitate holistic solutions'),
	(2567, 984, '2025-02-23', 'incentivize cross-media methodologies'),
	(2568, 1522, '2025-03-04', 'syndicate frictionless web-readiness'),
	(2569, 1530, '2025-04-03', 'utilize proactive e-services'),
	(2570, 465, '2025-02-13', 'brand leading-edge content'),
	(2571, 1396, '2025-05-09', 'syndicate bleeding-edge convergence'),
	(2572, 1461, '2025-03-13', 'productize customized initiatives'),
	(2573, 1907, '2025-05-19', 'harness sexy bandwidth'),
	(2574, 1388, '2025-07-13', 'grow vertical relationships'),
	(2575, 1980, '2025-09-20', 'exploit end-to-end paradigms'),
	(2576, 190, '2025-06-30', 'extend global relationships'),
	(2577, 1645, '2025-07-14', 'synthesize virtual e-markets'),
	(2578, 1220, '2025-05-26', 'transition revolutionary initiatives'),
	(2579, 1757, '2025-02-12', 'target compelling initiatives'),
	(2580, 1396, '2025-06-21', 'drive granular solutions'),
	(2581, 1587, '2024-12-13', 'monetize revolutionary interfaces'),
	(2582, 1157, '2025-09-02', 'leverage 24/7 networks'),
	(2583, 1772, '2024-12-23', 'implement leading-edge experiences'),
	(2584, 1215, '2025-08-06', 'seize cross-media channels'),
	(2585, 494, '2025-02-18', 'innovate seamless platforms'),
	(2586, 1553, '2025-01-04', 'streamline end-to-end schemas'),
	(2587, 43, '2025-02-10', 'harness mission-critical ROI'),
	(2588, 304, '2025-02-28', 'strategize distributed supply-chains'),
	(2589, 52, '2025-06-17', 'scale B2B experiences'),
	(2590, 543, '2025-05-10', 'redefine best-of-breed channels'),
	(2591, 1752, '2025-02-25', 'deploy web-enabled niches'),
	(2592, 1757, '2025-07-06', 'enhance cutting-edge channels'),
	(2593, 458, '2025-06-01', 'facilitate B2C models'),
	(2594, 666, '2025-03-10', 'mesh clicks-and-mortar architectures'),
	(2595, 168, '2024-11-11', 'repurpose revolutionary channels'),
	(2596, 1016, '2024-10-06', 'streamline extensible relationships'),
	(2597, 703, '2024-12-26', 'cultivate B2C models'),
	(2598, 892, '2025-04-10', 'target strategic infrastructures'),
	(2599, 1733, '2025-03-25', 'innovate virtual relationships'),
	(2600, 17, '2025-08-29', 'strategize best-of-breed web services'),
	(2601, 1017, '2025-06-10', 'leverage user-centric supply-chains'),
	(2602, 169, '2025-07-03', 'utilize back-end initiatives'),
	(2603, 450, '2025-04-01', 'brand dot-com communities'),
	(2604, 893, '2025-05-29', 'e-enable ubiquitous web services'),
	(2605, 428, '2025-08-06', 'integrate innovative e-tailers'),
	(2606, 13, '2024-11-19', 'reinvent virtual infrastructures'),
	(2607, 794, '2024-10-14', 'e-enable best-of-breed functionalities'),
	(2608, 1207, '2025-06-23', 'embrace impactful eyeballs'),
	(2609, 1338, '2025-06-29', 'brand proactive bandwidth'),
	(2610, 1010, '2025-08-30', 'utilize turn-key metrics'),
	(2611, 1756, '2024-12-17', 'evolve compelling markets'),
	(2612, 1478, '2025-04-14', 'transform intuitive infrastructures'),
	(2613, 1383, '2025-01-27', 'incubate customized e-markets'),
	(2614, 1498, '2025-05-29', 'envisioneer sticky channels'),
	(2615, 1252, '2025-02-14', 'target open-source partnerships'),
	(2616, 156, '2024-12-06', 'optimize rich experiences'),
	(2617, 161, '2024-12-21', 'reintermediate 24/365 relationships'),
	(2618, 1316, '2024-12-09', 'syndicate 24/7 methodologies'),
	(2619, 969, '2025-07-26', 'enable cross-media convergence'),
	(2620, 895, '2025-08-10', 'integrate robust content'),
	(2621, 1222, '2025-03-16', 'innovate B2C supply-chains'),
	(2622, 526, '2025-09-18', 'synthesize best-of-breed action-items'),
	(2623, 406, '2025-03-02', 'embrace granular ROI'),
	(2624, 603, '2025-03-16', 'matrix global supply-chains'),
	(2625, 1217, '2024-12-03', 'cultivate wireless models'),
	(2626, 651, '2024-11-19', 'whiteboard turn-key e-commerce'),
	(2627, 74, '2025-03-29', 'engage collaborative relationships'),
	(2628, 61, '2025-05-04', 'disintermediate back-end technologies'),
	(2629, 1519, '2025-02-03', 'visualize web-enabled e-business'),
	(2630, 1736, '2025-03-12', 'productize interactive e-services'),
	(2631, 865, '2025-03-06', 'envisioneer revolutionary platforms'),
	(2632, 1699, '2024-12-26', 'benchmark impactful bandwidth'),
	(2633, 423, '2025-05-18', 'drive cutting-edge web-readiness'),
	(2634, 1631, '2025-09-08', 'revolutionize cross-media applications'),
	(2635, 814, '2025-03-19', 'monetize out-of-the-box users'),
	(2636, 334, '2025-09-30', 'integrate intuitive bandwidth'),
	(2637, 1789, '2025-09-13', 'architect revolutionary deliverables'),
	(2638, 400, '2025-03-10', 'streamline transparent infrastructures'),
	(2639, 1224, '2024-11-13', 'engage viral channels'),
	(2640, 249, '2025-06-09', 'monetize web-enabled content'),
	(2641, 1300, '2025-03-19', 'deploy collaborative technologies'),
	(2642, 370, '2025-02-15', 'integrate virtual eyeballs'),
	(2643, 926, '2025-05-06', 'e-enable value-added vortals'),
	(2644, 745, '2025-03-30', 'harness integrated action-items'),
	(2645, 549, '2025-09-16', 'reintermediate web-enabled communities'),
	(2646, 1736, '2025-08-16', 'benchmark synergistic convergence'),
	(2647, 1233, '2024-11-26', 'scale dot-com applications'),
	(2648, 127, '2025-02-07', 'engineer strategic channels'),
	(2649, 366, '2025-05-04', 'grow cross-platform paradigms'),
	(2650, 1251, '2025-06-10', 'iterate holistic experiences'),
	(2651, 1979, '2025-04-07', 'mesh B2C convergence'),
	(2652, 1453, '2025-01-20', 'cultivate e-business partnerships'),
	(2653, 155, '2024-11-07', 'transition distributed e-commerce'),
	(2654, 48, '2025-02-24', 'brand next-generation solutions'),
	(2655, 2000, '2025-04-13', 'maximize leading-edge technologies'),
	(2656, 311, '2024-11-05', 'monetize open-source relationships'),
	(2657, 894, '2024-10-20', 'transform viral systems'),
	(2658, 312, '2025-06-19', 'expedite transparent models'),
	(2659, 518, '2025-09-12', 'harness user-centric channels'),
	(2660, 3, '2025-01-13', 'recontextualize world-class e-tailers'),
	(2661, 1663, '2025-08-10', 'engineer end-to-end paradigms'),
	(2662, 182, '2025-02-01', 'implement e-business users'),
	(2663, 414, '2025-05-11', 'visualize revolutionary web services'),
	(2664, 52, '2024-12-25', 'unleash turn-key e-services'),
	(2665, 714, '2025-09-07', 'benchmark plug-and-play solutions'),
	(2666, 1411, '2025-07-30', 'target plug-and-play vortals'),
	(2667, 1719, '2025-07-05', 'innovate innovative deliverables'),
	(2668, 501, '2025-03-04', 'syndicate end-to-end technologies'),
	(2669, 1347, '2025-04-09', 'streamline impactful infomediaries'),
	(2670, 327, '2025-04-13', 'engage sexy partnerships'),
	(2671, 1871, '2025-03-23', 'integrate revolutionary relationships'),
	(2672, 1520, '2024-12-10', 'disintermediate integrated interfaces'),
	(2673, 150, '2025-02-10', 'synergize sexy bandwidth'),
	(2674, 1661, '2025-09-25', 'unleash clicks-and-mortar paradigms'),
	(2675, 1055, '2025-01-14', 'deliver bricks-and-clicks systems'),
	(2676, 1806, '2025-08-14', 'transition rich e-services'),
	(2677, 35, '2025-08-06', 'redefine bleeding-edge mindshare'),
	(2678, 409, '2025-08-19', 'envisioneer enterprise relationships'),
	(2679, 256, '2024-12-28', 'revolutionize back-end vortals'),
	(2680, 36, '2025-08-29', 'integrate impactful action-items'),
	(2681, 2000, '2025-04-14', 'enhance turn-key methodologies'),
	(2682, 986, '2025-05-23', 'cultivate scalable architectures'),
	(2683, 1684, '2025-07-29', 'drive magnetic experiences'),
	(2684, 1007, '2025-04-09', 'productize next-generation ROI'),
	(2685, 1371, '2024-11-12', 'disintermediate revolutionary applications'),
	(2686, 506, '2024-10-27', 'target 24/7 bandwidth'),
	(2687, 311, '2025-04-20', 'scale strategic content'),
	(2688, 805, '2025-03-10', 'drive killer initiatives'),
	(2689, 48, '2025-07-08', 'visualize B2C technologies'),
	(2690, 927, '2025-01-18', 'exploit e-business synergies'),
	(2691, 670, '2025-07-18', 'grow extensible models'),
	(2692, 72, '2025-01-04', 'mesh bleeding-edge infomediaries'),
	(2693, 504, '2024-11-04', 'drive clicks-and-mortar solutions'),
	(2694, 1173, '2025-09-20', 'engage real-time portals'),
	(2695, 1910, '2025-02-16', 'embrace best-of-breed web-readiness'),
	(2696, 894, '2025-02-07', 'unleash visionary relationships'),
	(2697, 402, '2025-07-30', 'productize impactful relationships'),
	(2698, 1098, '2025-03-11', 'monetize cross-platform deliverables'),
	(2699, 296, '2024-12-18', 'aggregate transparent eyeballs'),
	(2700, 1434, '2024-10-30', 'exploit one-to-one eyeballs'),
	(2701, 136, '2025-09-20', 'synergize revolutionary methodologies'),
	(2702, 844, '2024-10-07', 'iterate world-class initiatives'),
	(2703, 920, '2025-08-23', 'generate B2C platforms'),
	(2704, 296, '2025-02-28', 'brand mission-critical networks'),
	(2705, 77, '2024-11-01', 'generate world-class eyeballs'),
	(2706, 399, '2025-08-27', 'deploy leading-edge partnerships'),
	(2707, 1847, '2025-08-23', 'incubate scalable architectures'),
	(2708, 1581, '2025-03-15', 'deliver sticky paradigms'),
	(2709, 414, '2025-06-16', 'extend world-class deliverables'),
	(2710, 990, '2025-07-01', 'empower mission-critical e-markets'),
	(2711, 941, '2025-06-15', 'engineer e-business platforms'),
	(2712, 182, '2025-04-28', 'utilize cross-platform markets'),
	(2713, 484, '2025-07-28', 'expedite 24/7 architectures'),
	(2714, 712, '2024-11-20', 'enhance B2B architectures'),
	(2715, 882, '2025-01-13', 'strategize granular paradigms'),
	(2716, 666, '2025-02-01', 'facilitate distributed niches'),
	(2717, 91, '2025-07-06', 'seize B2C ROI'),
	(2718, 1865, '2025-05-08', 'target intuitive bandwidth'),
	(2719, 712, '2025-03-13', 'orchestrate clicks-and-mortar platforms'),
	(2720, 1321, '2025-08-01', 'cultivate bleeding-edge models'),
	(2721, 1608, '2025-05-25', 'repurpose turn-key relationships'),
	(2722, 1217, '2025-03-15', 'implement e-business technologies'),
	(2723, 1729, '2025-05-06', 'incentivize magnetic deliverables'),
	(2724, 571, '2025-05-19', 'architect B2B interfaces'),
	(2725, 679, '2025-09-12', 'e-enable enterprise e-business'),
	(2726, 1419, '2025-07-13', 'reintermediate rich convergence'),
	(2727, 1947, '2025-01-03', 'orchestrate bleeding-edge web-readiness'),
	(2728, 529, '2025-07-27', 'repurpose global deliverables'),
	(2729, 959, '2024-12-21', 'streamline cross-media e-commerce'),
	(2730, 112, '2025-09-25', 'disintermediate out-of-the-box initiatives'),
	(2731, 1712, '2025-06-16', 'unleash enterprise paradigms'),
	(2732, 971, '2025-09-26', 'empower compelling functionalities'),
	(2733, 412, '2025-06-12', 'morph 24/365 channels'),
	(2734, 605, '2025-01-08', 'enhance synergistic web services'),
	(2735, 1443, '2025-04-19', 'enhance bleeding-edge technologies'),
	(2736, 1510, '2024-11-11', 'facilitate next-generation mindshare'),
	(2737, 1648, '2025-06-08', 'envisioneer rich ROI'),
	(2738, 415, '2025-09-20', 'leverage revolutionary supply-chains'),
	(2739, 1925, '2024-12-18', 'engineer front-end synergies'),
	(2740, 1348, '2025-07-17', 'synergize e-business eyeballs'),
	(2741, 1790, '2025-06-24', 'streamline leading-edge functionalities'),
	(2742, 1042, '2025-04-17', 'recontextualize robust ROI'),
	(2743, 1976, '2025-03-08', 'empower interactive convergence'),
	(2744, 316, '2025-01-15', 'scale rich metrics'),
	(2745, 601, '2025-07-16', 'enhance bleeding-edge supply-chains'),
	(2746, 1485, '2025-01-06', 'extend viral e-business'),
	(2747, 909, '2024-11-27', 'enable cross-platform experiences'),
	(2748, 161, '2025-08-03', 'repurpose virtual vortals'),
	(2749, 675, '2025-08-12', 'target 24/7 eyeballs'),
	(2750, 1918, '2025-08-29', 'grow 24/365 action-items'),
	(2751, 1405, '2025-02-26', 'reinvent distributed methodologies'),
	(2752, 1704, '2025-10-01', 'harness integrated functionalities'),
	(2753, 206, '2025-07-08', 'redefine end-to-end bandwidth'),
	(2754, 506, '2024-12-09', 'seize robust paradigms'),
	(2755, 418, '2025-07-13', 'e-enable world-class channels'),
	(2756, 1240, '2025-09-09', 'optimize virtual bandwidth'),
	(2757, 992, '2025-02-01', 'recontextualize turn-key infrastructures'),
	(2758, 395, '2025-01-27', 'strategize customized solutions'),
	(2759, 245, '2025-04-04', 'matrix integrated mindshare'),
	(2760, 142, '2025-05-01', 'embrace robust convergence'),
	(2761, 1726, '2024-11-04', 'expedite viral vortals'),
	(2762, 1692, '2024-11-23', 'benchmark back-end models'),
	(2763, 1754, '2025-09-23', 'innovate robust action-items'),
	(2764, 519, '2025-04-06', 'envisioneer revolutionary channels'),
	(2765, 1711, '2025-01-18', 'generate efficient partnerships'),
	(2766, 1199, '2025-04-25', 'integrate distributed synergies'),
	(2767, 264, '2025-08-15', 'synergize back-end e-tailers'),
	(2768, 860, '2025-06-25', 'incubate efficient solutions'),
	(2769, 842, '2025-05-05', 'reintermediate cross-platform systems'),
	(2770, 1126, '2025-02-22', 'redefine best-of-breed e-services'),
	(2771, 433, '2024-11-05', 'integrate real-time communities'),
	(2772, 505, '2025-02-17', 'monetize dynamic eyeballs'),
	(2773, 711, '2025-02-03', 'repurpose strategic e-services'),
	(2774, 206, '2025-07-25', 'streamline extensible metrics'),
	(2775, 185, '2024-11-30', 'syndicate rich content'),
	(2776, 1471, '2025-09-08', 'optimize transparent markets'),
	(2777, 266, '2024-10-12', 'grow mission-critical ROI'),
	(2778, 278, '2025-09-02', 'engage frictionless infrastructures'),
	(2779, 817, '2024-10-22', 'unleash robust functionalities'),
	(2780, 541, '2025-02-15', 'deploy compelling methodologies'),
	(2781, 1538, '2025-05-05', 'envisioneer impactful e-business'),
	(2782, 1963, '2025-01-14', 'optimize synergistic mindshare'),
	(2783, 1963, '2025-05-02', 'exploit strategic e-markets'),
	(2784, 1416, '2025-05-08', 'orchestrate vertical portals'),
	(2785, 916, '2024-12-04', 'reintermediate holistic models'),
	(2786, 1936, '2025-03-19', 'enhance compelling paradigms'),
	(2787, 621, '2024-12-11', 'morph B2B systems'),
	(2788, 696, '2025-07-03', 'iterate extensible supply-chains'),
	(2789, 195, '2025-10-04', 'innovate front-end supply-chains'),
	(2790, 1144, '2025-03-25', 'disintermediate collaborative architectures'),
	(2791, 1100, '2025-04-11', 'generate compelling synergies'),
	(2792, 468, '2025-05-03', 'aggregate visionary bandwidth'),
	(2793, 900, '2025-07-10', 'brand seamless channels'),
	(2794, 1453, '2025-03-07', 'integrate viral vortals'),
	(2795, 1858, '2025-06-10', 'grow holistic interfaces'),
	(2796, 724, '2024-11-29', 'grow turn-key models'),
	(2797, 1997, '2025-07-13', 'revolutionize scalable communities'),
	(2798, 319, '2025-09-03', 'benchmark robust schemas'),
	(2799, 1807, '2025-07-29', 'synergize dynamic experiences'),
	(2800, 1790, '2024-10-23', 'monetize killer relationships'),
	(2801, 55, '2025-04-26', 'morph 24/365 architectures'),
	(2802, 1061, '2025-07-29', 'drive B2B e-tailers'),
	(2803, 430, '2025-02-03', 'iterate virtual channels'),
	(2804, 163, '2025-04-19', 'innovate interactive vortals'),
	(2805, 1688, '2025-03-16', 'empower virtual e-tailers'),
	(2806, 539, '2024-12-24', 'generate scalable vortals'),
	(2807, 721, '2025-01-22', 'unleash visionary schemas'),
	(2808, 1573, '2025-05-21', 'visualize end-to-end bandwidth'),
	(2809, 716, '2025-01-10', 'innovate scalable communities'),
	(2810, 145, '2025-06-29', 'brand proactive content'),
	(2811, 1319, '2024-11-25', 'mesh value-added vortals'),
	(2812, 1145, '2025-09-25', 'enable wireless e-tailers'),
	(2813, 1408, '2025-01-20', 'transform cutting-edge relationships'),
	(2814, 1804, '2025-06-04', 'strategize web-enabled supply-chains'),
	(2815, 1912, '2025-08-12', 'reintermediate real-time eyeballs'),
	(2816, 1204, '2025-09-17', 'synthesize customized action-items'),
	(2817, 1855, '2025-05-27', 'revolutionize next-generation paradigms'),
	(2818, 104, '2025-09-11', 'expedite viral eyeballs'),
	(2819, 243, '2025-03-15', 'exploit rich technologies'),
	(2820, 1717, '2025-06-15', 'matrix best-of-breed methodologies'),
	(2821, 1341, '2025-02-07', 'strategize leading-edge eyeballs'),
	(2822, 1314, '2024-12-18', 'engage holistic relationships'),
	(2823, 965, '2024-12-16', 'strategize integrated mindshare'),
	(2824, 1470, '2025-01-19', 'exploit cross-platform vortals'),
	(2825, 1648, '2025-05-18', 'grow B2B models'),
	(2826, 73, '2025-06-01', 'utilize front-end ROI'),
	(2827, 1016, '2024-12-30', 'implement web-enabled paradigms'),
	(2828, 1662, '2025-08-22', 'reintermediate sexy deliverables'),
	(2829, 1787, '2025-04-23', 'extend 24/7 e-tailers'),
	(2830, 1703, '2025-04-17', 'engage vertical networks'),
	(2831, 1893, '2025-08-21', 'implement holistic e-markets'),
	(2832, 518, '2025-01-05', 'mesh scalable architectures'),
	(2833, 1331, '2025-02-06', 'optimize cutting-edge paradigms'),
	(2834, 1840, '2025-06-14', 'facilitate out-of-the-box bandwidth'),
	(2835, 1971, '2024-10-08', 'benchmark collaborative functionalities'),
	(2836, 1924, '2024-10-24', 'enhance world-class e-tailers'),
	(2837, 225, '2024-10-17', 'leverage transparent web-readiness'),
	(2838, 515, '2025-09-23', 'extend best-of-breed infomediaries'),
	(2839, 1976, '2025-06-09', 'utilize holistic experiences'),
	(2840, 1665, '2025-07-19', 'revolutionize compelling supply-chains'),
	(2841, 910, '2025-08-06', 'innovate front-end synergies'),
	(2842, 1602, '2025-08-17', 'drive clicks-and-mortar e-tailers'),
	(2843, 1146, '2025-06-22', 'synthesize revolutionary functionalities'),
	(2844, 259, '2025-01-27', 'reintermediate seamless markets'),
	(2845, 1233, '2025-01-28', 'unleash front-end vortals'),
	(2846, 390, '2025-05-09', 'deploy cross-platform technologies'),
	(2847, 1642, '2025-02-02', 'optimize bricks-and-clicks content'),
	(2848, 316, '2025-01-15', 'transition cross-platform e-services'),
	(2849, 492, '2025-01-27', 'visualize magnetic users'),
	(2850, 420, '2025-04-16', 'productize clicks-and-mortar web-readiness'),
	(2851, 1540, '2025-03-05', 'visualize web-enabled portals'),
	(2852, 177, '2025-09-12', 'utilize front-end e-markets'),
	(2853, 51, '2025-09-04', 'enhance distributed content'),
	(2854, 410, '2024-11-08', 'enable collaborative technologies'),
	(2855, 178, '2025-09-08', 'target holistic supply-chains'),
	(2856, 1418, '2025-04-12', 'harness one-to-one deliverables'),
	(2857, 1782, '2025-06-18', 'incubate proactive interfaces'),
	(2858, 1270, '2025-01-20', 'optimize e-business web services'),
	(2859, 1538, '2025-09-19', 'benchmark holistic partnerships'),
	(2860, 1380, '2025-02-09', 'expedite leading-edge paradigms'),
	(2861, 261, '2025-04-28', 'brand cross-platform mindshare'),
	(2862, 193, '2025-03-10', 'incubate compelling e-tailers'),
	(2863, 60, '2025-09-07', 'synergize sexy e-commerce'),
	(2864, 548, '2025-08-25', 'implement dynamic web services'),
	(2865, 1738, '2025-04-18', 'incubate e-business synergies'),
	(2866, 752, '2025-01-28', 'incubate impactful markets'),
	(2867, 31, '2025-02-25', 'exploit distributed applications'),
	(2868, 1474, '2025-07-11', 'revolutionize open-source technologies'),
	(2869, 1437, '2025-01-18', 'syndicate distributed models'),
	(2870, 1282, '2024-10-23', 'synergize leading-edge supply-chains'),
	(2871, 1716, '2025-02-01', 'exploit holistic interfaces'),
	(2872, 118, '2025-03-06', 'generate enterprise applications'),
	(2873, 615, '2024-11-25', 'engineer wireless relationships'),
	(2874, 1687, '2025-03-31', 'deploy collaborative users'),
	(2875, 1251, '2024-11-14', 'recontextualize 24/7 interfaces'),
	(2876, 305, '2025-06-27', 'incubate virtual architectures'),
	(2877, 598, '2025-07-04', 'synthesize extensible infrastructures'),
	(2878, 31, '2025-01-01', 'disintermediate web-enabled eyeballs'),
	(2879, 202, '2024-10-26', 'grow revolutionary markets'),
	(2880, 1232, '2025-03-13', 'redefine out-of-the-box bandwidth'),
	(2881, 763, '2025-03-21', 'reinvent e-business web services'),
	(2882, 1170, '2025-01-07', 'mesh efficient e-markets'),
	(2883, 1540, '2025-05-14', 'harness ubiquitous markets'),
	(2884, 128, '2025-06-21', 'brand visionary infrastructures'),
	(2885, 35, '2025-03-06', 'deliver 24/7 technologies'),
	(2886, 1263, '2025-10-01', 'evolve sticky partnerships'),
	(2887, 678, '2025-05-06', 'scale B2C channels'),
	(2888, 1565, '2025-05-29', 'morph bleeding-edge supply-chains'),
	(2889, 1358, '2025-07-25', 'innovate transparent content'),
	(2890, 839, '2024-11-30', 'facilitate collaborative e-tailers'),
	(2891, 167, '2024-11-21', 'grow sexy interfaces'),
	(2892, 85, '2024-12-07', 'drive innovative web services'),
	(2893, 871, '2025-07-12', 'reintermediate bricks-and-clicks channels'),
	(2894, 1427, '2025-07-12', 'enable cross-media infomediaries'),
	(2895, 1015, '2025-09-23', 'enable best-of-breed applications'),
	(2896, 1394, '2025-07-26', 'synergize dynamic web-readiness'),
	(2897, 725, '2025-03-31', 'architect world-class channels'),
	(2898, 309, '2025-01-03', 'monetize holistic convergence'),
	(2899, 468, '2025-01-19', 'streamline rich portals'),
	(2900, 547, '2025-02-22', 'benchmark dot-com e-services'),
	(2901, 128, '2025-07-16', 'e-enable cutting-edge e-business'),
	(2902, 848, '2025-03-22', 'reinvent global methodologies'),
	(2903, 1802, '2025-06-13', 'syndicate synergistic partnerships'),
	(2904, 1796, '2024-10-28', 'implement wireless action-items'),
	(2905, 588, '2025-03-06', 'cultivate leading-edge schemas'),
	(2906, 859, '2025-03-02', 'drive enterprise metrics'),
	(2907, 517, '2024-10-09', 'redefine transparent infomediaries'),
	(2908, 683, '2025-03-06', 'orchestrate intuitive eyeballs'),
	(2909, 443, '2025-08-28', 'enable viral platforms'),
	(2910, 285, '2025-07-13', 'syndicate customized mindshare'),
	(2911, 1302, '2024-12-13', 'implement killer web services'),
	(2912, 263, '2024-12-29', 'streamline intuitive supply-chains'),
	(2913, 128, '2025-02-21', 'deploy impactful relationships'),
	(2914, 20, '2025-06-10', 'visualize strategic portals'),
	(2915, 1707, '2025-03-01', 'empower clicks-and-mortar web services'),
	(2916, 56, '2025-02-01', 'incentivize dot-com e-markets'),
	(2917, 4, '2025-08-29', 'morph wireless deliverables'),
	(2918, 1925, '2024-10-08', 'incentivize collaborative infomediaries'),
	(2919, 833, '2024-11-27', 'matrix 24/365 deliverables'),
	(2920, 1344, '2025-09-17', 'implement visionary deliverables'),
	(2921, 1459, '2025-08-14', 'optimize distributed infomediaries'),
	(2922, 353, '2025-08-11', 'expedite ubiquitous infomediaries'),
	(2923, 580, '2025-08-18', 'target end-to-end niches'),
	(2924, 1029, '2025-07-03', 'innovate leading-edge solutions'),
	(2925, 1101, '2025-02-11', 'engineer seamless e-commerce'),
	(2926, 1064, '2025-01-10', 'generate one-to-one initiatives'),
	(2927, 719, '2025-05-14', 'e-enable virtual interfaces'),
	(2928, 489, '2025-04-01', 'harness distributed ROI'),
	(2929, 724, '2025-05-11', 'transform cutting-edge interfaces'),
	(2930, 1040, '2025-03-21', 'embrace ubiquitous architectures'),
	(2931, 1047, '2025-06-05', 'productize sexy systems'),
	(2932, 164, '2025-06-16', 'exploit real-time users'),
	(2933, 49, '2025-06-03', 'optimize enterprise portals'),
	(2934, 1578, '2025-01-30', 'revolutionize viral partnerships'),
	(2935, 204, '2025-04-19', 'empower web-enabled web services'),
	(2936, 1048, '2024-11-20', 'iterate world-class web services'),
	(2937, 1465, '2025-08-25', 'matrix rich portals'),
	(2938, 533, '2024-10-29', 'target clicks-and-mortar niches'),
	(2939, 1169, '2025-08-13', 'orchestrate scalable bandwidth'),
	(2940, 463, '2025-08-11', 'maximize efficient e-business'),
	(2941, 1376, '2025-09-20', 'envisioneer bleeding-edge web-readiness'),
	(2942, 209, '2025-09-12', 'monetize user-centric channels'),
	(2943, 718, '2024-12-31', 'empower e-business web-readiness'),
	(2944, 75, '2025-03-23', 'engage killer deliverables'),
	(2945, 1110, '2025-01-08', 'unleash dot-com methodologies'),
	(2946, 1648, '2025-04-28', 'target innovative metrics'),
	(2947, 699, '2025-07-19', 'benchmark transparent methodologies'),
	(2948, 1474, '2025-08-24', 'morph frictionless models'),
	(2949, 856, '2025-06-10', 'grow strategic markets'),
	(2950, 230, '2024-11-17', 'seize web-enabled e-business'),
	(2951, 50, '2025-02-15', 'maximize visionary e-markets'),
	(2952, 364, '2024-10-12', 'extend seamless networks'),
	(2953, 1407, '2025-03-20', 'benchmark cross-platform methodologies'),
	(2954, 905, '2025-09-05', 'maximize strategic portals'),
	(2955, 580, '2025-05-25', 'incubate end-to-end eyeballs'),
	(2956, 938, '2024-12-13', 'implement 24/7 e-services'),
	(2957, 1438, '2024-12-03', 'monetize turn-key content'),
	(2958, 1609, '2024-12-02', 'streamline customized web services'),
	(2959, 438, '2025-05-22', 'architect virtual web-readiness'),
	(2960, 923, '2025-01-01', 'optimize visionary e-business'),
	(2961, 759, '2025-08-04', 'embrace extensible vortals'),
	(2962, 69, '2025-02-13', 'embrace real-time networks'),
	(2963, 918, '2025-05-12', 'monetize scalable eyeballs'),
	(2964, 319, '2025-07-21', 'reintermediate strategic action-items'),
	(2965, 1094, '2025-06-27', 'unleash collaborative technologies'),
	(2966, 174, '2025-05-26', 'envisioneer mission-critical eyeballs'),
	(2967, 784, '2025-04-06', 'cultivate 24/365 metrics'),
	(2968, 1509, '2025-04-04', 'productize bricks-and-clicks interfaces'),
	(2969, 920, '2025-02-02', 'expedite granular platforms'),
	(2970, 409, '2025-03-11', 'innovate revolutionary initiatives'),
	(2971, 96, '2024-11-08', 'cultivate customized e-business'),
	(2972, 363, '2025-05-16', 'strategize dynamic e-commerce'),
	(2973, 1616, '2025-05-09', 'scale magnetic niches'),
	(2974, 712, '2025-07-19', 'embrace cross-platform paradigms'),
	(2975, 771, '2025-07-25', 'redefine back-end content'),
	(2976, 1355, '2025-04-22', 'integrate robust technologies'),
	(2977, 311, '2025-06-30', 'enable impactful interfaces'),
	(2978, 1534, '2025-04-04', 'generate bleeding-edge supply-chains'),
	(2979, 832, '2024-11-04', 'engage global schemas'),
	(2980, 1500, '2024-11-03', 'embrace cutting-edge models'),
	(2981, 217, '2025-06-17', 'synergize mission-critical convergence'),
	(2982, 1234, '2025-06-15', 'extend frictionless bandwidth'),
	(2983, 26, '2025-07-01', 'enable revolutionary models'),
	(2984, 1601, '2024-11-21', 'transform best-of-breed architectures'),
	(2985, 980, '2025-02-22', 'facilitate leading-edge solutions'),
	(2986, 1939, '2024-12-03', 'embrace revolutionary models'),
	(2987, 829, '2025-07-10', 'mesh bricks-and-clicks relationships'),
	(2988, 1885, '2024-12-09', 'facilitate rich schemas'),
	(2989, 1001, '2024-11-03', 'monetize compelling methodologies'),
	(2990, 347, '2025-06-28', 'repurpose efficient experiences'),
	(2991, 1951, '2025-03-31', 'incentivize sticky content'),
	(2992, 72, '2025-10-03', 'integrate leading-edge web services'),
	(2993, 1766, '2025-03-03', 'innovate virtual content'),
	(2994, 1384, '2025-09-13', 'visualize one-to-one e-services'),
	(2995, 1042, '2024-12-17', 'orchestrate collaborative portals'),
	(2996, 583, '2025-08-12', 'generate impactful partnerships'),
	(2997, 1435, '2025-09-13', 'deliver virtual interfaces'),
	(2998, 1709, '2025-09-08', 'iterate B2B experiences'),
	(2999, 242, '2025-03-28', 'facilitate customized e-markets'),
	(3000, 1662, '2025-02-14', 'transform plug-and-play mindshare');

/*!40103 SET TIME_ZONE=IFNULL(@OLD_TIME_ZONE, 'system') */;
/*!40101 SET SQL_MODE=IFNULL(@OLD_SQL_MODE, '') */;
/*!40014 SET FOREIGN_KEY_CHECKS=IFNULL(@OLD_FOREIGN_KEY_CHECKS, 1) */;
/*!40101 SET CHARACTER_SET_CLIENT=@OLD_CHARACTER_SET_CLIENT */;
/*!40111 SET SQL_NOTES=IFNULL(@OLD_SQL_NOTES, 1) */;
